アドレス,名前,緯度,経度,出現回数,最新出現日
PS444738,水の精霊,22.609976,120.329218,1,2026/07/16
PS444743,大地の精霊,22.609976,120.274348,1,2026/06/17
PS444747,大地の精霊,22.639217,120.274348,1,2026/05/11
PS444747,炎の精霊,22.639217,120.274348,1,2026/06/14
PS444771,風の精霊,22.653836,120.301783,1,2026/06/08
PS447644,大地の精霊,22.887515,121.234568,1,2026/05/08
PS472108,風の精霊,23.484479,120.493827,1,2026/06/13
PS472113,大地の精霊,23.484479,120.438957,1,2026/04/26
PS472117,風の精霊,23.513531,120.438957,1,2026/04/29
PS472575,風の精霊,23.861651,120.548697,1,2026/05/04
PS472825,水の精霊,23.948535,120.548697,1,2026/04/15
PS480650,大地の精霊,24.078753,120.411523,1,2026/04/22
PS480650,炎の精霊,24.078753,120.411523,1,2026/04/22
PS483015,大地の精霊,24.165491,120.631001,1,2026/05/29
PS483018,炎の精霊,24.179941,120.658436,1,2026/04/15
PS483024,大地の精霊,24.194390,120.576132,1,2026/05/11
PS483028,水の精霊,24.223283,120.576132,2,2026/06/26
PS483041,風の精霊,24.179941,120.713306,1,2026/06/07
PS483080,水の精霊,24.252170,120.740741,1,2026/07/12
PS483080,風の精霊,24.252170,120.740741,1,2026/06/17
PS483081,水の精霊,24.266611,120.713306,1,2026/05/18
PS483100,炎の精霊,24.208838,120.493827,1,2026/04/20
PS483863,水の精霊,24.699069,120.932785,1,2026/04/16
PS486203,風の精霊,24.742232,121.015089,1,2026/04/27
PS486208,大地の精霊,24.785381,120.987654,3,2026/08/01
PS486208,炎の精霊,24.785381,120.987654,3,2026/07/30
PS486208,風の精霊,24.785381,120.987654,1,2026/06/24
PS486241,大地の精霊,24.828515,120.960219,1,2026/06/01
PS486488,炎の精霊,24.957826,121.481481,3,2026/08/08
PS486488,風の精霊,24.957826,121.481481,1,2026/07/12
PS486510,炎の精霊,24.900371,121.152263,1,2026/04/17
PS486540,水の精霊,24.943465,121.234568,1,2026/05/17
PS486540,風の精霊,24.943465,121.234568,1,2026/04/27
PS486564,風の精霊,24.972186,121.399177,1,2026/07/02
PS486574,風の精霊,25.015255,121.316872,1,2026/07/26
PS486580,炎の精霊,25.029607,121.234568,1,2026/05/04
PS486587,水の精霊,25.072656,121.262003,1,2026/07/05
PS486720,水の精霊,24.943465,121.563786,1,2026/05/02
PS486721,風の精霊,24.957826,121.536351,3,2026/06/17
PS486725,大地の精霊,24.986544,121.536351,1,2026/05/01
PS486725,水の精霊,24.986544,121.536351,1,2026/06/05
PS486725,炎の精霊,24.986544,121.536351,1,2026/08/06
PS486727,風の精霊,24.986544,121.591221,1,2026/05/16
PS486728,水の精霊,25.000900,121.563786,1,2026/06/10
PS486728,風の精霊,25.000900,121.563786,1,2026/07/04
PS486800,炎の精霊,24.986544,121.481481,1,2026/05/01
PS486800,風の精霊,24.986544,121.481481,1,2026/05/11
PS486803,風の精霊,25.000900,121.508916,2,2026/06/25
PS486807,水の精霊,25.029607,121.508916,1,2026/06/29
PS486808,水の精霊,25.043959,121.481481,1,2026/04/30
PS486813,風の精霊,25.043959,121.426612,1,2026/07/30
PS486814,大地の精霊,25.058308,121.399177,1,2026/05/19
PS486814,炎の精霊,25.058308,121.399177,1,2026/04/21
PS486815,大地の精霊,25.072656,121.371742,1,2026/07/19
PS486815,風の精霊,25.072656,121.371742,1,2026/06/21
PS486830,大地の精霊,25.029607,121.563786,1,2026/06/03
PS486830,水の精霊,25.029607,121.563786,1,2026/04/22
PS486830,風の精霊,25.029607,121.563786,1,2026/07/01
PS486831,風の精霊,25.043959,121.536351,2,2026/06/25
PS486835,水の精霊,25.072656,121.536351,2,2026/06/15
PS486838,炎の精霊,25.087002,121.563786,1,2026/04/21
PS486840,大地の精霊,25.072656,121.481481,1,2026/07/05
PS486860,大地の精霊,25.072656,121.646091,1,2026/08/04
PS486860,水の精霊,25.072656,121.646091,1,2026/07/31
PS486863,水の精霊,25.087002,121.673525,1,2026/06/26
PS486863,風の精霊,25.087002,121.673525,1,2026/07/30
PS486871,大地の精霊,25.130030,121.536351,1,2026/05/23
PS486871,炎の精霊,25.130030,121.536351,1,2026/06/02
PS486880,水の精霊,25.158708,121.481481,1,2026/06/07
PS486881,大地の精霊,25.173044,121.454047,1,2026/05/25
PS486881,風の精霊,25.173044,121.454047,1,2026/06/06
PS711347,水の精霊,24.338790,123.978052,1,2026/07/11
PS711347,風の精霊,24.338790,123.978052,1,2026/05/14
PS711367,水の精霊,24.338790,124.142661,1,2026/07/16
PS711601,炎の精霊,24.353221,124.170096,1,2026/05/02
PS711601,風の精霊,24.353221,124.170096,2,2026/06/28
PS711618,風の精霊,24.439772,124.115226,1,2026/05/23
PS713865,水の精霊,24.727846,125.322359,1,2026/08/01
PS713873,炎の精霊,24.742232,125.294925,1,2026/05/05
PS713874,風の精霊,24.756617,125.267490,1,2026/05/03
PS713877,大地の精霊,24.771000,125.294925,1,2026/05/04
PS713878,大地の精霊,24.785381,125.267490,1,2026/07/06
PS716223,水の精霊,24.828515,125.294925,1,2026/06/06
PS716223,風の精霊,24.828515,125.294925,1,2026/06/11
PS746287,大地の精霊,26.101238,127.681756,2,2026/07/27
PS746287,水の精霊,26.101238,127.681756,2,2026/07/28
PS746287,風の精霊,26.101238,127.681756,1,2026/06/30
PS746520,炎の精霊,26.101238,127.736626,1,2026/05/03
PS746521,水の精霊,26.115462,127.709191,1,2026/04/26
PS746524,風の精霊,26.129683,127.736626,1,2026/06/30
PS746525,大地の精霊,26.143903,127.709191,1,2026/06/07
PS746525,水の精霊,26.143903,127.709191,1,2026/06/15
PS746528,炎の精霊,26.158121,127.736626,1,2026/07/02
PS746551,水の精霊,26.158121,127.791495,2,2026/05/06
PS746551,炎の精霊,26.158121,127.791495,1,2026/07/15
PS746551,風の精霊,26.158121,127.791495,2,2026/08/01
PS746555,大地の精霊,26.186552,127.791495,1,2026/07/27
PS746555,水の精霊,26.186552,127.791495,1,2026/07/16
PS747224,風の精霊,26.385375,126.748971,1,2026/05/13
PS747300,水の精霊,26.143903,127.654321,1,2026/05/30
PS747300,風の精霊,26.143903,127.654321,1,2026/07/07
PS747307,炎の精霊,26.186552,127.681756,1,2026/05/28
PS747308,水の精霊,26.200765,127.654321,1,2026/05/26
PS747308,風の精霊,26.200765,127.654321,1,2026/04/23
PS747330,水の精霊,26.186552,127.736626,1,2026/07/12
PS747333,風の精霊,26.200765,127.764060,1,2026/05/08
PS747334,水の精霊,26.214976,127.736626,2,2026/08/08
PS747334,炎の精霊,26.214976,127.736626,1,2026/07/14
PS747335,大地の精霊,26.229186,127.709191,1,2026/05/20
PS747335,風の精霊,26.229186,127.709191,1,2026/04/17
PS747337,大地の精霊,26.229186,127.764060,1,2026/07/16
PS747337,炎の精霊,26.229186,127.764060,2,2026/07/04
PS747338,風の精霊,26.243393,127.736626,2,2026/06/05
PS747343,大地の精霊,26.243393,127.681756,2,2026/07/08
PS747343,炎の精霊,26.243393,127.681756,1,2026/07/24
PS747343,風の精霊,26.243393,127.681756,1,2026/06/14
PS747365,大地の精霊,26.271804,127.791495,1,2026/07/05
PS747365,炎の精霊,26.271804,127.791495,1,2026/06/25
PS747365,風の精霊,26.271804,127.791495,3,2026/05/15
PS747368,大地の精霊,26.286006,127.818930,1,2026/07/16
PS747368,水の精霊,26.286006,127.818930,1,2026/07/13
PS747368,炎の精霊,26.286006,127.818930,1,2026/06/20
PS747368,風の精霊,26.286006,127.818930,2,2026/06/19
PS747370,炎の精霊,26.271804,127.736626,1,2026/06/27
PS747370,風の精霊,26.271804,127.736626,3,2026/06/29
PS747373,大地の精霊,26.286006,127.764060,1,2026/07/25
PS747373,水の精霊,26.286006,127.764060,1,2026/05/17
PS747373,炎の精霊,26.286006,127.764060,1,2026/08/03
PS747377,水の精霊,26.314406,127.764060,1,2026/07/29
PS747377,風の精霊,26.314406,127.764060,1,2026/06/28
PS747611,水の精霊,26.328603,127.791495,2,2026/07/26
PS747611,風の精霊,26.328603,127.791495,1,2026/05/10
PS747613,風の精霊,26.328603,127.846365,1,2026/04/24
PS747617,大地の精霊,26.356993,127.846365,1,2026/07/15
PS747618,水の精霊,26.371185,127.818930,1,2026/07/11
PS747623,大地の精霊,26.371185,127.764060,3,2026/08/02
PS747626,炎の精霊,26.385375,127.791495,1,2026/07/31
PS747627,水の精霊,26.399563,127.764060,1,2026/07/17
PS747628,炎の精霊,26.413750,127.736626,1,2026/07/20
PS747628,風の精霊,26.413750,127.736626,1,2026/05/25
PS747631,水の精霊,26.328603,127.956104,1,2026/06/03
PS747638,風の精霊,26.371185,127.983539,1,2026/06/27
PS747641,水の精霊,26.371185,127.873800,2,2026/07/12
PS747641,炎の精霊,26.371185,127.873800,1,2026/04/18
PS747641,風の精霊,26.371185,127.873800,2,2026/07/06
PS747650,炎の精霊,26.399563,127.818930,1,2026/06/05
PS747654,炎の精霊,26.427935,127.818930,1,2026/05/21
PS747654,風の精霊,26.427935,127.818930,1,2026/05/08
PS747657,水の精霊,26.442119,127.846365,1,2026/07/10
PS747658,炎の精霊,26.456300,127.818930,2,2026/07/31
PS747658,風の精霊,26.456300,127.818930,2,2026/05/31
PS747683,大地の精霊,26.456300,127.928669,1,2026/05/31
PS747683,炎の精霊,26.456300,127.928669,1,2026/06/21
PS747763,大地の精霊,26.498835,127.846365,1,2026/07/18
PS747763,炎の精霊,26.498835,127.846365,1,2026/05/27
PS747763,風の精霊,26.498835,127.846365,1,2026/06/06
PS771020,水の精霊,26.484658,127.983539,1,2026/08/03
PS771020,炎の精霊,26.484658,127.983539,1,2026/07/23
PS771020,風の精霊,26.484658,127.983539,2,2026/06/23
PS771054,水の精霊,26.555522,128.065844,1,2026/05/29
PS771085,水の精霊,26.612182,128.120713,1,2026/05/11
PS771103,風の精霊,26.541353,127.928669,1,2026/06/04
PS771130,大地の精霊,26.569690,127.983539,1,2026/07/26
PS771130,炎の精霊,26.569690,127.983539,2,2026/06/07
PS771134,大地の精霊,26.598020,127.983539,2,2026/07/21
PS771134,炎の精霊,26.598020,127.983539,2,2026/07/13
PS771134,風の精霊,26.598020,127.983539,1,2026/05/10
PS771135,水の精霊,26.612182,127.956104,1,2026/06/26
PS771137,炎の精霊,26.612182,128.010974,2,2026/07/04
PS771137,風の精霊,26.612182,128.010974,2,2026/06/18
PS771163,水の精霊,26.626343,128.093278,1,2026/05/20
PS771170,風の精霊,26.654659,127.983539,1,2026/05/23
PS771171,風の精霊,26.668814,127.956104,1,2026/05/09
PS771173,風の精霊,26.668814,128.010974,1,2026/05/27
PS771175,水の精霊,26.697119,127.956104,1,2026/05/16
PS771177,風の精霊,26.697119,128.010974,1,2026/05/31
PS771180,風の精霊,26.697119,127.901235,1,2026/06/13
PS771401,大地の精霊,26.668814,128.120713,1,2026/04/14
PS771470,大地の精霊,26.781993,128.230453,1,2026/07/06
XM112564,水の精霊,28.410262,129.547325,1,2026/04/19
XM112567,風の精霊,28.424193,129.574760,1,2026/04/17
XM154811,炎の精霊,30.710893,131.001372,1,2026/06/06
XM154814,大地の精霊,30.724510,131.028807,1,2026/05/31
XM154815,水の精霊,30.738126,131.001372,1,2026/05/22
XM158205,水の精霊,31.186346,130.589849,2,2026/08/07
XM158205,炎の精霊,31.186346,130.589849,3,2026/07/26
XM158205,風の精霊,31.186346,130.589849,2,2026/07/22
XM158214,風の精霊,31.213443,130.534979,1,2026/06/22
XM158215,風の精霊,31.226989,130.507545,1,2026/04/17
XM158228,風の精霊,31.281152,130.452675,1,2026/05/08
XM158243,風の精霊,31.240532,130.644719,1,2026/04/18
XM158245,炎の精霊,31.267614,130.589849,1,2026/08/05
XM158245,風の精霊,31.267614,130.589849,1,2026/07/02
XM158247,大地の精霊,31.267614,130.644719,1,2026/06/24
XM158247,風の精霊,31.267614,130.644719,1,2026/07/04
XM158248,風の精霊,31.281152,130.617284,1,2026/04/21
XM158531,水の精霊,31.321754,130.919067,1,2026/06/20
XM158535,風の精霊,31.348812,130.919067,1,2026/05/12
XM158540,風の精霊,31.348812,130.864198,1,2026/07/15
XM158547,水の精霊,31.389385,130.891632,1,2026/07/19
XM158547,風の精霊,31.389385,130.891632,1,2026/04/30
XM158554,風の精霊,31.416424,130.781893,1,2026/05/27
XM158565,水の精霊,31.389385,131.001372,1,2026/07/07
XM158573,水の精霊,31.402905,130.973937,1,2026/05/24
XM158811,風の精霊,31.443455,131.001372,1,2026/05/14
XM158817,大地の精霊,31.470478,131.056241,1,2026/04/27
XM158818,炎の精霊,31.483987,131.028807,1,2026/07/11
XM158818,風の精霊,31.483987,131.028807,1,2026/05/23
XM158840,水の精霊,31.470478,131.111111,1,2026/04/23
XM158841,水の精霊,31.483987,131.083676,1,2026/06/14
XM158841,炎の精霊,31.483987,131.083676,1,2026/07/13
XM158841,風の精霊,31.483987,131.083676,1,2026/06/13
XM158844,水の精霊,31.497493,131.111111,1,2026/06/27
XM158844,風の精霊,31.497493,131.111111,2,2026/06/22
XM158850,風の精霊,31.510998,131.028807,1,2026/05/19
XM158853,大地の精霊,31.524501,131.056241,1,2026/07/31
XM158853,炎の精霊,31.524501,131.056241,1,2026/05/29
XM158853,風の精霊,31.524501,131.056241,3,2026/06/18
XM158854,大地の精霊,31.538002,131.028807,1,2026/04/30
XM182203,水の精霊,31.524501,131.385460,1,2026/07/04
XM182203,風の精霊,31.524501,131.385460,1,2026/06/27
XM182207,水の精霊,31.551501,131.385460,1,2026/07/21
XM182235,水の精霊,31.591986,131.412894,1,2026/06/28
XM182235,風の精霊,31.591986,131.412894,1,2026/07/26
XM182247,風の精霊,31.632454,131.385460,1,2026/06/13
XM182248,風の精霊,31.645939,131.358025,1,2026/05/20
XM182284,炎の精霊,31.699860,131.358025,1,2026/07/04
XM182523,水の精霊,31.726809,131.467764,1,2026/08/05
XM182523,風の精霊,31.726809,131.467764,2,2026/07/26
XM236031,風の精霊,31.321754,130.425240,1,2026/05/21
XM236035,大地の精霊,31.348812,130.425240,1,2026/07/28
XM236038,炎の精霊,31.362338,130.452675,1,2026/06/16
XM236043,風の精霊,31.362338,130.397805,1,2026/05/17
XM236047,大地の精霊,31.389385,130.397805,2,2026/07/25
XM236047,水の精霊,31.389385,130.397805,1,2026/08/08
XM236048,風の精霊,31.402905,130.370370,1,2026/05/08
XM236053,炎の精霊,31.402905,130.315501,1,2026/05/27
XM236057,大地の精霊,31.429940,130.315501,1,2026/07/26
XM236057,炎の精霊,31.429940,130.315501,1,2026/07/11
XM236057,風の精霊,31.429940,130.315501,1,2026/06/05
XM236068,大地の精霊,31.402905,130.534979,1,2026/05/31
XM236081,水の精霊,31.443455,130.342936,2,2026/06/07
XM236081,風の精霊,31.443455,130.342936,2,2026/05/25
XM236084,大地の精霊,31.456967,130.370370,1,2026/08/06
XM236085,大地の精霊,31.470478,130.342936,1,2026/07/13
XM236087,大地の精霊,31.470478,130.397805,1,2026/04/29
XM236311,大地の精霊,31.443455,130.507545,1,2026/05/26
XM236311,風の精霊,31.443455,130.507545,3,2026/07/29
XM236315,風の精霊,31.470478,130.507545,1,2026/05/09
XM236338,大地の精霊,31.483987,130.699588,1,2026/05/22
XM236338,炎の精霊,31.483987,130.699588,1,2026/05/10
XM236338,風の精霊,31.483987,130.699588,2,2026/05/25
XM236350,風の精霊,31.510998,130.534979,1,2026/07/27
XM236351,大地の精霊,31.524501,130.507545,1,2026/04/28
XM236355,大地の精霊,31.551501,130.507545,2,2026/06/20
XM236355,水の精霊,31.551501,130.507545,2,2026/06/26
XM236355,炎の精霊,31.551501,130.507545,1,2026/04/16
XM236355,風の精霊,31.551501,130.507545,1,2026/06/30
XM236357,大地の精霊,31.551501,130.562414,1,2026/08/08
XM236357,炎の精霊,31.551501,130.562414,1,2026/08/08
XM236357,風の精霊,31.551501,130.562414,2,2026/06/15
XM236385,大地の精霊,31.591986,130.589849,1,2026/06/25
XM236385,水の精霊,31.591986,130.589849,5,2026/08/05
XM236385,炎の精霊,31.591986,130.589849,1,2026/05/23
XM236385,風の精霊,31.591986,130.589849,1,2026/06/27
XM236400,炎の精霊,31.510998,130.370370,1,2026/05/15
XM236433,風の精霊,31.564998,130.480110,1,2026/06/27
XM236434,風の精霊,31.578493,130.452675,1,2026/06/01
XM236436,風の精霊,31.578493,130.507545,1,2026/05/27
XM236437,炎の精霊,31.591986,130.480110,1,2026/06/03
XM236437,風の精霊,31.591986,130.480110,2,2026/07/30
XM236438,大地の精霊,31.605477,130.452675,1,2026/07/11
XM236438,水の精霊,31.605477,130.452675,1,2026/04/30
XM236438,風の精霊,31.605477,130.452675,1,2026/07/24
XM236443,風の精霊,31.605477,130.397805,1,2026/06/25
XM236444,炎の精霊,31.618966,130.370370,1,2026/05/20
XM236444,風の精霊,31.618966,130.370370,1,2026/04/23
XM236448,大地の精霊,31.645939,130.370370,2,2026/04/26
XM236457,大地の精霊,31.672903,130.315501,1,2026/07/31
XM236457,水の精霊,31.672903,130.315501,2,2026/06/27
XM236457,風の精霊,31.672903,130.315501,1,2026/06/12
XM236460,大地の精霊,31.591986,130.534979,2,2026/07/20
XM236460,炎の精霊,31.591986,130.534979,1,2026/05/17
XM236461,水の精霊,31.605477,130.507545,1,2026/04/18
XM236461,風の精霊,31.605477,130.507545,1,2026/05/27
XM236463,風の精霊,31.605477,130.562414,2,2026/06/05
XM236464,大地の精霊,31.618966,130.534979,1,2026/06/02
XM236464,風の精霊,31.618966,130.534979,1,2026/05/11
XM236468,水の精霊,31.645939,130.534979,1,2026/04/22
XM236471,水の精霊,31.645939,130.425240,1,2026/07/28
XM236477,大地の精霊,31.672903,130.480110,1,2026/07/14
XM236561,水の精霊,31.726809,130.260631,1,2026/06/04
XM236565,風の精霊,31.753750,130.260631,1,2026/07/21
XM236614,風の精霊,31.578493,130.781893,1,2026/06/08
XM236637,大地の精霊,31.591986,130.973937,1,2026/06/13
XM236637,水の精霊,31.591986,130.973937,1,2026/07/14
XM236661,水の精霊,31.605477,131.001372,2,2026/07/26
XM236665,炎の精霊,31.632454,131.001372,1,2026/07/22
XM236674,大地の精霊,31.659422,130.946502,1,2026/05/17
XM236674,水の精霊,31.659422,130.946502,1,2026/04/30
XM236675,風の精霊,31.672903,130.919067,1,2026/06/30
XM236678,大地の精霊,31.686383,130.946502,1,2026/07/23
XM236678,水の精霊,31.686383,130.946502,1,2026/06/15
XM236680,水の精霊,31.672903,130.864198,1,2026/06/04
XM236680,炎の精霊,31.672903,130.864198,2,2026/07/24
XM236681,風の精霊,31.686383,130.836763,1,2026/07/16
XM236685,大地の精霊,31.713336,130.836763,1,2026/07/02
XM236705,大地の精霊,31.672903,130.589849,1,2026/05/24
XM236710,風の精霊,31.672903,130.534979,1,2026/05/02
XM236717,大地の精霊,31.713336,130.562414,1,2026/05/16
XM236717,炎の精霊,31.713336,130.562414,1,2026/07/11
XM236727,炎の精霊,31.753750,130.480110,1,2026/04/12
XM236737,大地の精霊,31.713336,130.727023,2,2026/07/16
XM236737,水の精霊,31.713336,130.727023,3,2026/07/07
XM236737,炎の精霊,31.713336,130.727023,2,2026/07/29
XM236737,風の精霊,31.713336,130.727023,2,2026/06/16
XM236740,風の精霊,31.713336,130.617284,2,2026/07/17
XM236741,炎の精霊,31.726809,130.589849,1,2026/04/18
XM236743,風の精霊,31.726809,130.644719,1,2026/07/23
XM236744,大地の精霊,31.740281,130.617284,1,2026/05/24
XM236747,水の精霊,31.753750,130.644719,1,2026/04/23
XM236753,大地の精霊,31.767218,130.562414,1,2026/06/11
XM236753,炎の精霊,31.767218,130.562414,2,2026/07/14
XM236753,風の精霊,31.767218,130.562414,4,2026/07/04
XM236758,風の精霊,31.807609,130.534979,1,2026/05/21
XM236760,風の精霊,31.713336,130.781893,1,2026/05/26
XM236761,大地の精霊,31.726809,130.754458,1,2026/07/22
XM236761,水の精霊,31.726809,130.754458,1,2026/04/13
XM236761,炎の精霊,31.726809,130.754458,2,2026/06/30
XM236761,風の精霊,31.726809,130.754458,2,2026/07/18
XM236764,大地の精霊,31.740281,130.781893,1,2026/07/30
XM236764,風の精霊,31.740281,130.781893,1,2026/06/08
XM236768,水の精霊,31.767218,130.781893,1,2026/06/09
XM236768,風の精霊,31.767218,130.781893,1,2026/08/07
XM236774,大地の精霊,31.780684,130.699588,1,2026/07/25
XM236777,炎の精霊,31.794147,130.727023,1,2026/06/07
XM236778,水の精霊,31.807609,130.699588,1,2026/07/02
XM236805,炎の精霊,31.794147,130.342936,1,2026/05/24
XM236805,風の精霊,31.794147,130.342936,1,2026/05/21
XM236811,炎の精霊,31.807609,130.260631,1,2026/05/16
XM236814,炎の精霊,31.821069,130.288066,2,2026/06/11
XM236815,大地の精霊,31.834527,130.260631,1,2026/08/01
XM236817,風の精霊,31.834527,130.315501,1,2026/06/09
XM236818,水の精霊,31.847983,130.288066,1,2026/06/10
XM236833,水の精霊,31.807609,130.480110,1,2026/04/25
XM236837,水の精霊,31.834527,130.480110,1,2026/04/30
XM236844,水の精霊,31.861437,130.370370,1,2026/05/31
XM236853,水の精霊,31.888339,130.315501,1,2026/07/26
XM236854,風の精霊,31.901787,130.288066,1,2026/05/04
XM236858,大地の精霊,31.928677,130.288066,1,2026/05/19
XM236858,炎の精霊,31.928677,130.288066,1,2026/05/19
XM236868,水の精霊,31.888339,130.534979,1,2026/05/26
XM236868,風の精霊,31.888339,130.534979,1,2026/07/08
XM236874,炎の精霊,31.901787,130.452675,1,2026/07/14
XM236874,風の精霊,31.901787,130.452675,1,2026/06/16
XM236875,水の精霊,31.915233,130.425240,1,2026/05/21
XM236877,大地の精霊,31.915233,130.480110,1,2026/04/28
XM236877,炎の精霊,31.915233,130.480110,1,2026/07/09
XM236878,水の精霊,31.928677,130.452675,1,2026/07/06
XM236878,風の精霊,31.928677,130.452675,2,2026/06/18
XM237670,炎の精霊,31.995868,130.205761,1,2026/08/06
XM260010,水の精霊,31.672903,131.028807,1,2026/04/19
XM260010,風の精霊,31.672903,131.028807,1,2026/05/25
XM260013,風の精霊,31.686383,131.056241,1,2026/07/04
XM260014,炎の精霊,31.699860,131.028807,1,2026/04/28
XM260014,風の精霊,31.699860,131.028807,1,2026/05/11
XM260015,炎の精霊,31.713336,131.001372,1,2026/06/20
XM260015,風の精霊,31.713336,131.001372,1,2026/05/03
XM260018,風の精霊,31.726809,131.028807,1,2026/05/24
XM260027,炎の精霊,31.753750,130.973937,1,2026/07/12
XM260040,大地の精霊,31.713336,131.111111,1,2026/05/01
XM260040,水の精霊,31.713336,131.111111,1,2026/06/21
XM260040,風の精霊,31.713336,131.111111,1,2026/04/25
XM260043,水の精霊,31.726809,131.138546,1,2026/06/27
XM260044,炎の精霊,31.740281,131.111111,1,2026/06/13
XM260045,炎の精霊,31.753750,131.083676,1,2026/07/18
XM260047,大地の精霊,31.753750,131.138546,1,2026/07/25
XM260054,大地の精霊,31.780684,131.028807,1,2026/07/28
XM260075,炎の精霊,31.794147,131.165981,1,2026/06/14
XM260083,風の精霊,31.807609,131.138546,2,2026/07/17
XM260084,大地の精霊,31.821069,131.111111,1,2026/05/06
XM260085,水の精霊,31.834527,131.083676,1,2026/08/07
XM260087,水の精霊,31.834527,131.138546,1,2026/06/24
XM260105,大地の精霊,31.794147,130.836763,1,2026/07/28
XM260111,風の精霊,31.807609,130.754458,1,2026/05/02
XM260113,風の精霊,31.807609,130.809328,1,2026/05/10
XM260140,水の精霊,31.834527,130.864198,1,2026/06/20
XM260143,風の精霊,31.847983,130.891632,1,2026/05/25
XM260153,水の精霊,31.888339,130.809328,1,2026/06/21
XM260164,炎の精霊,31.861437,131.028807,1,2026/05/15
XM260167,炎の精霊,31.874889,131.056241,2,2026/08/03
XM260168,大地の精霊,31.888339,131.028807,1,2026/07/23
XM260177,風の精霊,31.915233,130.973937,1,2026/06/18
XM260215,大地の精霊,31.955559,130.507545,1,2026/07/23
XM260220,風の精霊,31.955559,130.452675,1,2026/05/28
XM260224,風の精霊,31.982433,130.452675,1,2026/05/20
XM260230,風の精霊,31.915233,130.699588,1,2026/07/08
XM260237,大地の精霊,31.955559,130.727023,1,2026/06/21
XM260315,風の精霊,31.834527,131.248285,1,2026/05/09
XM260317,水の精霊,31.834527,131.303155,1,2026/04/19
XM260317,風の精霊,31.834527,131.303155,1,2026/06/08
XM260333,水の精霊,31.807609,131.467764,1,2026/06/21
XM260334,風の精霊,31.821069,131.440329,1,2026/05/26
XM260335,風の精霊,31.834527,131.412894,2,2026/08/08
XM260338,炎の精霊,31.847983,131.440329,1,2026/07/09
XM260338,風の精霊,31.847983,131.440329,1,2026/04/12
XM260340,風の精霊,31.834527,131.358025,2,2026/07/10
XM260341,水の精霊,31.847983,131.330590,1,2026/07/06
XM260344,大地の精霊,31.861437,131.358025,1,2026/06/11
XM260345,水の精霊,31.874889,131.330590,1,2026/05/07
XM260348,水の精霊,31.888339,131.358025,1,2026/07/04
XM260348,風の精霊,31.888339,131.358025,1,2026/07/20
XM260370,風の精霊,31.874889,131.440329,1,2026/06/01
XM260371,大地の精霊,31.888339,131.412894,2,2026/07/25
XM260374,大地の精霊,31.901787,131.440329,1,2026/05/29
XM260374,炎の精霊,31.901787,131.440329,2,2026/05/16
XM260375,炎の精霊,31.915233,131.412894,1,2026/06/09
XM260377,風の精霊,31.915233,131.467764,1,2026/04/27
XM260378,風の精霊,31.928677,131.440329,1,2026/06/25
XM260380,風の精霊,31.915233,131.358025,2,2026/07/19
XM260381,風の精霊,31.928677,131.330590,1,2026/05/06
XM260383,炎の精霊,31.928677,131.385460,1,2026/07/05
XM260385,炎の精霊,31.955559,131.330590,1,2026/07/24
XM260385,風の精霊,31.955559,131.330590,1,2026/07/25
XM260410,風の精霊,31.915233,131.028807,1,2026/06/10
XM260411,大地の精霊,31.928677,131.001372,1,2026/05/29
XM260411,炎の精霊,31.928677,131.001372,1,2026/07/13
XM260413,炎の精霊,31.928677,131.056241,1,2026/05/14
XM260413,風の精霊,31.928677,131.056241,1,2026/04/15
XM260414,大地の精霊,31.942119,131.028807,1,2026/05/05
XM260414,水の精霊,31.942119,131.028807,1,2026/08/04
XM260414,炎の精霊,31.942119,131.028807,1,2026/08/02
XM260414,風の精霊,31.942119,131.028807,1,2026/07/21
XM260418,水の精霊,31.968997,131.028807,1,2026/05/27
XM260418,風の精霊,31.968997,131.028807,1,2026/06/19
XM260424,水の精霊,31.982433,130.946502,1,2026/07/06
XM260424,炎の精霊,31.982433,130.946502,1,2026/07/08
XM260427,風の精霊,31.995868,130.973937,1,2026/04/17
XM260428,大地の精霊,32.009300,130.946502,1,2026/05/22
XM260435,炎の精霊,31.955559,131.165981,1,2026/05/27
XM260440,風の精霊,31.955559,131.111111,1,2026/05/11
XM260441,炎の精霊,31.968997,131.083676,1,2026/05/07
XM260451,風の精霊,32.009300,131.001372,1,2026/06/15
XM260465,風の精霊,31.995868,131.248285,1,2026/04/20
XM260467,風の精霊,31.995868,131.303155,1,2026/07/03
XM260468,大地の精霊,32.009300,131.275720,2,2026/06/03
XM260503,水の精霊,32.009300,130.891632,1,2026/05/02
XM260504,水の精霊,32.022730,130.864198,1,2026/05/27
XM260504,風の精霊,32.022730,130.864198,1,2026/06/15
XM260505,水の精霊,32.036159,130.836763,1,2026/07/02
XM260507,水の精霊,32.036159,130.891632,1,2026/04/30
XM260510,風の精霊,32.036159,130.781893,1,2026/06/16
XM260513,炎の精霊,32.049585,130.809328,1,2026/06/23
XM260513,風の精霊,32.049585,130.809328,1,2026/05/31
XM260557,風の精霊,32.156925,130.809328,1,2026/04/30
XM260585,風の精霊,32.197145,130.836763,1,2026/05/24
XM260620,大地の精霊,31.955559,131.440329,1,2026/07/18
XM260620,風の精霊,31.955559,131.440329,1,2026/04/24
XM260623,水の精霊,31.968997,131.467764,1,2026/05/07
XM260623,炎の精霊,31.968997,131.467764,1,2026/05/14
XM260623,風の精霊,31.968997,131.467764,1,2026/05/11
XM260627,水の精霊,31.995868,131.467764,1,2026/07/23
XM260627,炎の精霊,31.995868,131.467764,1,2026/07/19
XM260628,炎の精霊,32.009300,131.440329,1,2026/08/03
XM260705,炎の精霊,32.036159,131.330590,1,2026/08/06
XM260731,大地の精霊,32.049585,131.412894,1,2026/05/15
XM260731,炎の精霊,32.049585,131.412894,1,2026/05/15
XM260734,水の精霊,32.063009,131.440329,1,2026/06/07
XM260734,風の精霊,32.063009,131.440329,1,2026/04/16
XM260735,水の精霊,32.076432,131.412894,2,2026/06/23
XM260735,風の精霊,32.076432,131.412894,2,2026/04/29
XM260737,風の精霊,32.076432,131.467764,1,2026/05/09
XM260740,大地の精霊,32.076432,131.358025,1,2026/04/28
XM260740,炎の精霊,32.076432,131.358025,1,2026/04/28
XM260743,大地の精霊,32.089852,131.385460,1,2026/05/17
XM260743,水の精霊,32.089852,131.385460,1,2026/06/28
XM260743,炎の精霊,32.089852,131.385460,3,2026/07/28
XM260743,風の精霊,32.089852,131.385460,1,2026/04/20
XM260744,風の精霊,32.103271,131.358025,1,2026/05/26
XM260747,大地の精霊,32.116687,131.385460,1,2026/08/04
XM260747,風の精霊,32.116687,131.385460,1,2026/05/28
XM260764,大地の精霊,32.103271,131.522634,1,2026/07/28
XM260764,水の精霊,32.103271,131.522634,1,2026/05/27
XM260764,風の精霊,32.103271,131.522634,1,2026/04/14
XM260768,水の精霊,32.130102,131.522634,1,2026/08/06
XM260768,風の精霊,32.130102,131.522634,2,2026/07/12
XM260770,水の精霊,32.116687,131.440329,1,2026/06/02
XM260770,炎の精霊,32.116687,131.440329,1,2026/07/27
XM260770,風の精霊,32.116687,131.440329,3,2026/08/03
XM260771,水の精霊,32.130102,131.412894,1,2026/04/23
XM260773,炎の精霊,32.130102,131.467764,1,2026/06/25
XM260773,風の精霊,32.130102,131.467764,1,2026/05/29
XM260777,水の精霊,32.156925,131.467764,1,2026/05/03
XM260777,炎の精霊,32.156925,131.467764,1,2026/05/07
XM260777,風の精霊,32.156925,131.467764,1,2026/05/03
XM261015,水の精霊,32.076432,130.260631,1,2026/04/23
XM261017,大地の精霊,32.076432,130.315501,1,2026/05/17
XM261041,水の精霊,32.089852,130.342936,1,2026/05/31
XM261045,風の精霊,32.116687,130.342936,1,2026/06/02
XM261087,大地の精霊,32.197145,130.397805,1,2026/08/03
XM261087,風の精霊,32.197145,130.397805,1,2026/06/12
XM261321,水の精霊,32.210548,130.425240,1,2026/04/23
XM261324,水の精霊,32.223949,130.452675,1,2026/05/04
XM261324,風の精霊,32.223949,130.452675,1,2026/06/09
XM261337,大地の精霊,32.197145,130.727023,1,2026/08/06
XM261337,水の精霊,32.197145,130.727023,2,2026/07/06
XM261337,炎の精霊,32.197145,130.727023,2,2026/08/04
XM261337,風の精霊,32.197145,130.727023,1,2026/07/04
XM261360,水の精霊,32.197145,130.781893,1,2026/08/08
XM261361,風の精霊,32.210548,130.754458,2,2026/06/24
XM261364,風の精霊,32.223949,130.781893,2,2026/06/26
XM261367,水の精霊,32.237347,130.809328,1,2026/04/13
XM261457,水の精霊,32.397978,130.315501,1,2026/06/24
XM261465,炎の精霊,32.357847,130.507545,1,2026/07/13
XM261465,風の精霊,32.357847,130.507545,1,2026/06/09
XM261534,水の精霊,32.424723,130.205761,1,2026/05/31
XM261537,水の精霊,32.438092,130.233196,1,2026/05/03
XM261660,水の精霊,32.317699,131.028807,1,2026/05/05
XM261735,風の精霊,32.438092,130.672154,1,2026/06/18
XM261741,水の精霊,32.451459,130.589849,1,2026/05/28
XM261741,炎の精霊,32.451459,130.589849,1,2026/06/11
XM261744,水の精霊,32.464824,130.617284,1,2026/05/03
XM261744,炎の精霊,32.464824,130.617284,1,2026/06/11
XM261748,水の精霊,32.491548,130.617284,1,2026/06/07
XM261748,炎の精霊,32.491548,130.617284,1,2026/07/12
XM261753,大地の精霊,32.491548,130.562414,1,2026/05/30
XM261753,水の精霊,32.491548,130.562414,1,2026/06/23
XM261753,炎の精霊,32.491548,130.562414,1,2026/05/30
XM261753,風の精霊,32.491548,130.562414,1,2026/08/07
XM261757,風の精霊,32.518265,130.562414,2,2026/08/04
XM261780,大地の精霊,32.518265,130.617284,1,2026/07/19
XM261780,水の精霊,32.518265,130.617284,1,2026/04/13
XM261780,風の精霊,32.518265,130.617284,2,2026/07/15
XM261781,炎の精霊,32.531620,130.589849,1,2026/05/26
XM261781,風の精霊,32.531620,130.589849,1,2026/04/21
XM261784,風の精霊,32.544973,130.617284,1,2026/06/06
XM261785,水の精霊,32.558324,130.589849,1,2026/07/06
XM261788,風の精霊,32.571673,130.617284,1,2026/05/20
XM261831,水の精霊,32.531620,130.425240,1,2026/06/24
XM261858,大地の精霊,32.651727,130.288066,1,2026/04/22
XM261873,水の精霊,32.611709,130.480110,2,2026/06/24
XM261874,水の精霊,32.625051,130.452675,1,2026/05/24
XM262350,炎の精霊,32.598366,129.794239,1,2026/05/08
XM262353,水の精霊,32.611709,129.821674,2,2026/07/20
XM262353,炎の精霊,32.611709,129.821674,1,2026/07/13
XM262353,風の精霊,32.611709,129.821674,2,2026/07/05
XM262463,大地の精霊,32.691727,129.821674,1,2026/06/22
XM262463,水の精霊,32.691727,129.821674,1,2026/04/30
XM262463,風の精霊,32.691727,129.821674,1,2026/07/17
XM262467,水の精霊,32.718384,129.821674,1,2026/08/07
XM262633,風の精霊,32.651727,130.233196,1,2026/05/15
XM262658,風の精霊,32.771674,130.041152,1,2026/04/29
XM262677,水の精霊,32.758354,130.233196,1,2026/05/04
XM262685,風の精霊,32.798306,130.096022,1,2026/06/22
XM262687,大地の精霊,32.798306,130.150892,2,2026/08/07
XM262687,水の精霊,32.798306,130.150892,3,2026/07/22
XM262687,炎の精霊,32.798306,130.150892,1,2026/07/25
XM262687,風の精霊,32.798306,130.150892,2,2026/06/08
XM262700,水の精霊,32.718384,129.876543,2,2026/07/01
XM262700,炎の精霊,32.718384,129.876543,1,2026/06/14
XM262700,風の精霊,32.718384,129.876543,3,2026/06/21
XM262703,水の精霊,32.731709,129.903978,1,2026/06/24
XM262704,大地の精霊,32.745033,129.876543,1,2026/05/28
XM262704,炎の精霊,32.745033,129.876543,1,2026/07/08
XM262707,大地の精霊,32.758354,129.903978,1,2026/05/11
XM262707,炎の精霊,32.758354,129.903978,2,2026/05/14
XM262708,大地の精霊,32.771674,129.876543,1,2026/04/18
XM262708,水の精霊,32.771674,129.876543,1,2026/07/12
XM262713,炎の精霊,32.771674,129.821674,2,2026/07/21
XM262717,炎の精霊,32.798306,129.821674,2,2026/07/10
XM262717,風の精霊,32.798306,129.821674,1,2026/06/19
XM262723,水の精霊,32.811620,129.739369,1,2026/06/07
XM262731,炎の精霊,32.771674,129.931413,1,2026/05/15
XM262733,水の精霊,32.771674,129.986283,1,2026/06/25
XM262733,炎の精霊,32.771674,129.986283,1,2026/05/30
XM262734,炎の精霊,32.784991,129.958848,1,2026/05/13
XM262734,風の精霊,32.784991,129.958848,1,2026/06/06
XM262738,風の精霊,32.811620,129.958848,1,2026/05/24
XM262744,大地の精霊,32.824931,129.876543,1,2026/07/27
XM262744,風の精霊,32.824931,129.876543,3,2026/07/11
XM262745,風の精霊,32.838241,129.849108,1,2026/06/29
XM262753,水の精霊,32.851548,129.821674,1,2026/06/25
XM262760,水の精霊,32.798306,130.041152,1,2026/05/10
XM262763,風の精霊,32.811620,130.068587,1,2026/05/01
XM262764,大地の精霊,32.824931,130.041152,1,2026/07/12
XM262764,風の精霊,32.824931,130.041152,2,2026/04/26
XM262767,風の精霊,32.838241,130.068587,1,2026/05/08
XM262768,風の精霊,32.851548,130.041152,1,2026/04/28
XM262777,炎の精霊,32.878157,129.986283,1,2026/05/05
XM262778,水の精霊,32.891458,129.958848,1,2026/06/23
XM262778,炎の精霊,32.891458,129.958848,1,2026/05/12
XM262778,風の精霊,32.891458,129.958848,1,2026/07/06
XM263110,風の精霊,32.156925,131.522634,1,2026/07/01
XM263118,水の精霊,32.210548,131.522634,1,2026/07/19
XM263118,風の精霊,32.210548,131.522634,1,2026/08/01
XM263123,水の精霊,32.210548,131.467764,1,2026/04/20
XM263150,風の精霊,32.237347,131.522634,1,2026/05/11
XM263153,大地の精霊,32.250744,131.550069,1,2026/07/19
XM263153,水の精霊,32.250744,131.550069,3,2026/07/12
XM263153,炎の精霊,32.250744,131.550069,1,2026/05/23
XM263153,風の精霊,32.250744,131.550069,2,2026/06/01
XM263154,大地の精霊,32.264139,131.522634,1,2026/04/22
XM263185,炎の精霊,32.317699,131.577503,1,2026/07/16
XM263185,風の精霊,32.317699,131.577503,1,2026/05/31
XM263188,水の精霊,32.331083,131.604938,1,2026/04/30
XM263500,水の精霊,32.357847,131.604938,1,2026/05/27
XM263500,風の精霊,32.357847,131.604938,1,2026/05/03
XM263503,大地の精霊,32.371226,131.632373,2,2026/07/25
XM263505,水の精霊,32.397978,131.577503,1,2026/05/11
XM263507,大地の精霊,32.397978,131.632373,2,2026/07/26
XM263507,水の精霊,32.397978,131.632373,1,2026/05/23
XM263507,炎の精霊,32.397978,131.632373,1,2026/07/13
XM263507,風の精霊,32.397978,131.632373,2,2026/08/03
XM263508,水の精霊,32.411352,131.604938,1,2026/05/23
XM263508,炎の精霊,32.411352,131.604938,1,2026/04/28
XM263510,風の精霊,32.397978,131.522634,1,2026/04/17
XM263524,大地の精霊,32.464824,131.440329,1,2026/08/03
XM263531,大地の精霊,32.411352,131.659808,2,2026/06/29
XM263531,水の精霊,32.411352,131.659808,1,2026/08/05
XM263531,炎の精霊,32.411352,131.659808,2,2026/08/02
XM263531,風の精霊,32.411352,131.659808,3,2026/06/27
XM263540,大地の精霊,32.438092,131.604938,1,2026/07/09
XM263540,炎の精霊,32.438092,131.604938,2,2026/07/30
XM263540,風の精霊,32.438092,131.604938,1,2026/07/10
XM263543,大地の精霊,32.451459,131.632373,1,2026/08/01
XM263543,炎の精霊,32.451459,131.632373,1,2026/07/25
XM263547,水の精霊,32.478187,131.632373,1,2026/06/05
XM263547,炎の精霊,32.478187,131.632373,1,2026/07/21
XM263570,風の精霊,32.478187,131.687243,1,2026/07/17
XM263571,水の精霊,32.491548,131.659808,1,2026/05/26
XM263571,炎の精霊,32.491548,131.659808,1,2026/07/28
XM263571,風の精霊,32.491548,131.659808,3,2026/06/14
XM263574,水の精霊,32.504907,131.687243,1,2026/07/06
XM263574,風の精霊,32.504907,131.687243,1,2026/04/26
XM263575,風の精霊,32.518265,131.659808,1,2026/04/17
XM263585,風の精霊,32.558324,131.577503,1,2026/04/15
XM263587,炎の精霊,32.558324,131.632373,1,2026/06/18
XM263587,風の精霊,32.558324,131.632373,1,2026/07/03
XM263821,風の精霊,32.571673,131.659808,1,2026/08/03
XM263824,風の精霊,32.585021,131.687243,1,2026/07/08
XM263825,水の精霊,32.598366,131.659808,1,2026/04/23
XM263828,水の精霊,32.611709,131.687243,1,2026/05/05
XM263828,炎の精霊,32.611709,131.687243,1,2026/07/24
XM264115,炎の精霊,32.558324,130.754458,1,2026/05/10
XM264120,風の精霊,32.558324,130.699588,1,2026/06/28
XM264121,炎の精霊,32.571673,130.672154,1,2026/06/12
XM264121,風の精霊,32.571673,130.672154,1,2026/07/03
XM264125,風の精霊,32.598366,130.672154,1,2026/06/13
XM264127,炎の精霊,32.598366,130.727023,1,2026/05/23
XM264128,大地の精霊,32.611709,130.699588,2,2026/07/11
XM264128,風の精霊,32.611709,130.699588,2,2026/06/20
XM264151,風の精霊,32.611709,130.754458,1,2026/05/05
XM264153,風の精霊,32.611709,130.809328,1,2026/04/28
XM264155,水の精霊,32.638390,130.754458,1,2026/07/19
XM264158,風の精霊,32.651727,130.781893,2,2026/07/04
XM264175,水の精霊,32.638390,130.919067,1,2026/07/05
XM264177,風の精霊,32.638390,130.973937,1,2026/05/01
XM264188,大地の精霊,32.691727,130.864198,1,2026/05/17
XM264207,大地の精霊,32.638390,130.644719,2,2026/08/05
XM264207,風の精霊,32.638390,130.644719,2,2026/07/23
XM264230,水の精霊,32.638390,130.699588,2,2026/06/15
XM264233,水の精霊,32.651727,130.727023,1,2026/05/24
XM264233,風の精霊,32.651727,130.727023,1,2026/05/09
XM264234,炎の精霊,32.665063,130.699588,1,2026/07/23
XM264235,風の精霊,32.678396,130.672154,5,2026/07/05
XM264237,風の精霊,32.678396,130.727023,1,2026/06/28
XM264240,水の精霊,32.678396,130.617284,2,2026/05/03
XM264243,大地の精霊,32.691727,130.644719,1,2026/07/07
XM264243,水の精霊,32.691727,130.644719,1,2026/07/13
XM264243,風の精霊,32.691727,130.644719,2,2026/07/02
XM264244,水の精霊,32.705057,130.617284,1,2026/06/26
XM264248,大地の精霊,32.731709,130.617284,1,2026/07/21
XM264263,大地の精霊,32.691727,130.809328,1,2026/08/02
XM264263,炎の精霊,32.691727,130.809328,1,2026/07/10
XM264264,炎の精霊,32.705057,130.781893,1,2026/04/22
XM264265,水の精霊,32.718384,130.754458,1,2026/05/12
XM264267,水の精霊,32.718384,130.809328,1,2026/05/30
XM264267,風の精霊,32.718384,130.809328,1,2026/04/17
XM264268,水の精霊,32.731709,130.781893,1,2026/04/14
XM264270,炎の精霊,32.718384,130.699588,1,2026/07/24
XM264270,風の精霊,32.718384,130.699588,1,2026/07/18
XM264273,水の精霊,32.731709,130.727023,1,2026/06/30
XM264273,炎の精霊,32.731709,130.727023,1,2026/06/29
XM264274,水の精霊,32.745033,130.699588,1,2026/07/01
XM264275,風の精霊,32.758354,130.672154,1,2026/05/04
XM264280,風の精霊,32.758354,130.617284,2,2026/06/05
XM264283,水の精霊,32.771674,130.644719,1,2026/07/06
XM264283,風の精霊,32.771674,130.644719,3,2026/08/07
XM264287,水の精霊,32.798306,130.644719,1,2026/04/30
XM264385,炎の精霊,32.678396,131.330590,1,2026/05/18
XM264415,風の精霊,32.678396,131.001372,1,2026/05/08
XM264423,大地の精霊,32.691727,130.973937,1,2026/07/13
XM264424,水の精霊,32.705057,130.946502,1,2026/05/16
XM264425,水の精霊,32.718384,130.919067,1,2026/07/06
XM264425,炎の精霊,32.718384,130.919067,1,2026/06/19
XM264427,大地の精霊,32.718384,130.973937,1,2026/04/17
XM264428,炎の精霊,32.731709,130.946502,1,2026/05/26
XM264428,風の精霊,32.731709,130.946502,2,2026/07/15
XM264431,風の精霊,32.651727,131.165981,1,2026/04/17
XM264433,大地の精霊,32.651727,131.220850,1,2026/08/02
XM264433,風の精霊,32.651727,131.220850,1,2026/06/14
XM264438,風の精霊,32.691727,131.193416,1,2026/05/06
XM264451,炎の精霊,32.731709,131.001372,1,2026/07/26
XM264463,風の精霊,32.691727,131.303155,1,2026/04/18
XM264486,水の精霊,32.784991,131.165981,1,2026/05/18
XM264501,風の精霊,32.731709,130.836763,1,2026/06/05
XM264503,風の精霊,32.731709,130.891632,1,2026/06/20
XM264505,風の精霊,32.758354,130.836763,1,2026/05/14
XM264508,大地の精霊,32.771674,130.864198,1,2026/05/15
XM264510,風の精霊,32.758354,130.781893,1,2026/07/17
XM264511,大地の精霊,32.771674,130.754458,1,2026/06/01
XM264511,風の精霊,32.771674,130.754458,1,2026/04/21
XM264513,風の精霊,32.771674,130.809328,1,2026/07/08
XM264514,風の精霊,32.784991,130.781893,1,2026/04/13
XM264515,風の精霊,32.798306,130.754458,1,2026/07/14
XM264521,水の精霊,32.811620,130.672154,1,2026/05/13
XM264523,水の精霊,32.811620,130.727023,1,2026/06/25
XM264524,風の精霊,32.824931,130.699588,1,2026/08/08
XM264527,風の精霊,32.838241,130.727023,1,2026/07/20
XM264541,炎の精霊,32.811620,130.836763,1,2026/07/19
XM264541,風の精霊,32.811620,130.836763,2,2026/07/28
XM264543,水の精霊,32.811620,130.891632,1,2026/06/23
XM264544,風の精霊,32.824931,130.864198,2,2026/06/09
XM264548,風の精霊,32.851548,130.864198,1,2026/05/21
XM264550,大地の精霊,32.838241,130.781893,1,2026/04/13
XM264550,水の精霊,32.838241,130.781893,1,2026/06/04
XM264551,風の精霊,32.851548,130.754458,1,2026/06/03
XM264554,大地の精霊,32.864854,130.781893,1,2026/05/30
XM264555,大地の精霊,32.878157,130.754458,1,2026/07/06
XM264555,水の精霊,32.878157,130.754458,1,2026/06/01
XM264555,風の精霊,32.878157,130.754458,1,2026/05/01
XM264563,炎の精霊,32.811620,131.056241,1,2026/05/05
XM264565,風の精霊,32.838241,131.001372,1,2026/05/24
XM264568,風の精霊,32.851548,131.028807,1,2026/05/09
XM264573,水の精霊,32.851548,130.973937,1,2026/04/30
XM264575,大地の精霊,32.878157,130.919067,1,2026/05/22
XM264575,風の精霊,32.878157,130.919067,2,2026/07/04
XM264581,風の精霊,32.891458,130.836763,4,2026/07/14
XM264583,炎の精霊,32.891458,130.891632,1,2026/07/10
XM264583,風の精霊,32.891458,130.891632,1,2026/06/13
XM264585,水の精霊,32.918055,130.836763,1,2026/05/24
XM264585,風の精霊,32.918055,130.836763,2,2026/07/27
XM264587,炎の精霊,32.918055,130.891632,1,2026/06/29
XM264638,風の精霊,32.691727,131.687243,1,2026/05/02
XM264702,大地の精霊,32.745033,131.303155,1,2026/05/07
XM264711,水の精霊,32.771674,131.248285,1,2026/05/03
XM264785,炎の精霊,32.918055,131.330590,1,2026/07/12
XM264811,水の精霊,32.891458,131.001372,1,2026/05/24
XM264815,大地の精霊,32.918055,131.001372,1,2026/07/11
XM264834,風の精霊,32.904758,131.193416,1,2026/05/09
XM264853,大地の精霊,32.971225,131.056241,1,2026/05/30
XM264878,水の精霊,33.011082,131.193416,1,2026/07/24
XM265008,水の精霊,32.771674,130.370370,2,2026/06/22
XM265008,風の精霊,32.771674,130.370370,1,2026/07/24
XM265017,水の精霊,32.798306,130.315501,1,2026/04/19
XM265021,大地の精霊,32.811620,130.178326,1,2026/07/28
XM265021,水の精霊,32.811620,130.178326,1,2026/04/29
XM265021,炎の精霊,32.811620,130.178326,2,2026/06/16
XM265021,風の精霊,32.811620,130.178326,3,2026/07/17
XM265040,風の精霊,32.798306,130.370370,1,2026/07/25
XM265050,風の精霊,32.838241,130.288066,1,2026/04/26
XM265051,風の精霊,32.851548,130.260631,1,2026/06/10
XM265053,風の精霊,32.851548,130.315501,1,2026/04/13
XM265054,大地の精霊,32.864854,130.288066,1,2026/07/14
XM265054,風の精霊,32.864854,130.288066,1,2026/04/27
XM265110,風の精霊,32.878157,130.041152,1,2026/05/06
XM265111,水の精霊,32.891458,130.013717,1,2026/06/05
XM265111,風の精霊,32.891458,130.013717,3,2026/06/18
XM265114,風の精霊,32.904758,130.041152,1,2026/05/31
XM265120,炎の精霊,32.918055,129.958848,1,2026/08/05
XM265120,風の精霊,32.918055,129.958848,1,2026/06/02
XM265121,水の精霊,32.931351,129.931413,1,2026/05/30
XM265124,水の精霊,32.944644,129.958848,2,2026/07/10
XM265124,炎の精霊,32.944644,129.958848,1,2026/07/26
XM265124,風の精霊,32.944644,129.958848,3,2026/07/06
XM265125,水の精霊,32.957936,129.931413,1,2026/05/18
XM265125,風の精霊,32.957936,129.931413,1,2026/07/29
XM265128,水の精霊,32.971225,129.958848,1,2026/06/12
XM265128,風の精霊,32.971225,129.958848,1,2026/07/11
XM265151,炎の精霊,32.971225,130.013717,1,2026/06/19
XM265170,水の精霊,32.957936,130.205761,1,2026/07/04
XM265174,風の精霊,32.984513,130.205761,1,2026/05/06
XM265181,炎の精霊,33.011082,130.096022,1,2026/05/19
XM265221,風の精霊,33.050920,129.684499,1,2026/06/20
XM265223,大地の精霊,33.050920,129.739369,1,2026/06/06
XM265234,風の精霊,33.024363,129.958848,1,2026/06/10
XM265235,水の精霊,33.037643,129.931413,1,2026/07/05
XM265241,水の精霊,33.050920,129.849108,1,2026/05/27
XM265250,大地の精霊,33.077469,129.794239,1,2026/05/19
XM265251,水の精霊,33.090740,129.766804,1,2026/04/19
XM265254,水の精霊,33.104010,129.794239,2,2026/06/25
XM265254,風の精霊,33.104010,129.794239,3,2026/07/17
XM265257,水の精霊,33.117277,129.821674,1,2026/06/26
XM265257,炎の精霊,33.117277,129.821674,2,2026/07/12
XM265258,風の精霊,33.130543,129.794239,1,2026/07/13
XM265263,水の精霊,33.050920,130.068587,1,2026/05/17
XM265265,風の精霊,33.077469,130.013717,1,2026/07/17
XM265270,水の精霊,33.077469,129.958848,1,2026/04/27
XM265273,炎の精霊,33.090740,129.986283,1,2026/07/15
XM265281,風の精霊,33.130543,129.849108,1,2026/04/22
XM265283,大地の精霊,33.130543,129.903978,1,2026/07/20
XM265284,水の精霊,33.143806,129.876543,1,2026/04/23
XM265285,風の精霊,33.157068,129.849108,1,2026/05/11
XM265300,風の精霊,32.838241,130.617284,1,2026/04/24
XM265303,風の精霊,32.851548,130.644719,1,2026/04/14
XM265310,大地の精霊,32.878157,130.534979,1,2026/07/11
XM265310,風の精霊,32.878157,130.534979,1,2026/08/07
XM265311,炎の精霊,32.891458,130.507545,1,2026/05/16
XM265318,大地の精霊,32.931351,130.534979,2,2026/06/03
XM265318,炎の精霊,32.931351,130.534979,1,2026/05/05
XM265318,風の精霊,32.931351,130.534979,2,2026/07/03
XM265324,大地の精霊,32.944644,130.452675,1,2026/05/25
XM265324,水の精霊,32.944644,130.452675,1,2026/06/07
XM265327,風の精霊,32.957936,130.480110,1,2026/07/13
XM265328,大地の精霊,32.971225,130.452675,1,2026/05/10
XM265328,水の精霊,32.971225,130.452675,2,2026/06/04
XM265328,炎の精霊,32.971225,130.452675,1,2026/05/10
XM265330,水の精霊,32.878157,130.699588,1,2026/04/20
XM265334,風の精霊,32.904758,130.699588,2,2026/05/09
XM265337,大地の精霊,32.918055,130.727023,3,2026/07/11
XM265338,風の精霊,32.931351,130.699588,1,2026/06/02
XM265340,水の精霊,32.918055,130.617284,1,2026/05/20
XM265340,風の精霊,32.918055,130.617284,2,2026/05/08
XM265341,風の精霊,32.931351,130.589849,2,2026/06/08
XM265348,風の精霊,32.971225,130.617284,1,2026/04/20
XM265353,風の精霊,32.971225,130.562414,2,2026/07/15
XM265355,炎の精霊,32.997798,130.507545,1,2026/05/14
XM265355,風の精霊,32.997798,130.507545,1,2026/05/11
XM265363,大地の精霊,32.931351,130.809328,1,2026/08/01
XM265363,水の精霊,32.931351,130.809328,1,2026/06/24
XM265364,炎の精霊,32.944644,130.781893,1,2026/07/09
XM265365,水の精霊,32.957936,130.754458,1,2026/07/01
XM265365,風の精霊,32.957936,130.754458,1,2026/05/22
XM265368,炎の精霊,32.971225,130.781893,2,2026/04/15
XM265370,大地の精霊,32.957936,130.699588,1,2026/07/12
XM265371,炎の精霊,32.971225,130.672154,1,2026/04/26
XM265374,風の精霊,32.984513,130.699588,2,2026/05/02
XM265377,大地の精霊,32.997798,130.727023,1,2026/07/07
XM265378,風の精霊,33.011082,130.699588,1,2026/04/21
XM265380,風の精霊,32.997798,130.617284,1,2026/06/27
XM265383,風の精霊,33.011082,130.644719,1,2026/07/29
XM265385,炎の精霊,33.037643,130.589849,1,2026/08/08
XM265385,風の精霊,33.037643,130.589849,1,2026/04/26
XM265387,水の精霊,33.037643,130.644719,1,2026/04/23
XM265388,炎の精霊,33.050920,130.617284,1,2026/04/25
XM265431,水の精霊,33.011082,130.425240,1,2026/05/21
XM265435,炎の精霊,33.037643,130.425240,1,2026/07/19
XM265438,炎の精霊,33.050920,130.452675,1,2026/05/17
XM265461,大地の精霊,33.050920,130.507545,1,2026/08/02
XM265461,水の精霊,33.050920,130.507545,2,2026/06/17
XM265461,炎の精霊,33.050920,130.507545,1,2026/08/02
XM265463,大地の精霊,33.050920,130.562414,1,2026/07/21
XM265463,風の精霊,33.050920,130.562414,1,2026/05/03
XM265470,風の精霊,33.077469,130.452675,1,2026/05/15
XM265473,風の精霊,33.090740,130.480110,1,2026/07/02
XM265474,炎の精霊,33.104010,130.452675,2,2026/08/05
XM265474,風の精霊,33.104010,130.452675,2,2026/07/16
XM265475,大地の精霊,33.117277,130.425240,1,2026/04/12
XM265477,大地の精霊,33.117277,130.480110,1,2026/04/23
XM265477,風の精霊,33.117277,130.480110,1,2026/04/17
XM265478,大地の精霊,33.130543,130.452675,1,2026/05/23
XM265478,風の精霊,33.130543,130.452675,1,2026/04/13
XM265483,炎の精霊,33.130543,130.397805,1,2026/05/07
XM265483,風の精霊,33.130543,130.397805,1,2026/06/06
XM265484,風の精霊,33.143806,130.370370,2,2026/06/15
XM265487,水の精霊,33.157068,130.397805,1,2026/07/13
XM265487,炎の精霊,33.157068,130.397805,2,2026/07/26
XM265487,風の精霊,33.157068,130.397805,1,2026/04/21
XM265488,水の精霊,33.170327,130.370370,1,2026/07/05
XM265488,風の精霊,33.170327,130.370370,1,2026/05/24
XM265500,大地の精霊,33.077469,130.123457,1,2026/08/08
XM265500,水の精霊,33.077469,130.123457,1,2026/08/03
XM265504,風の精霊,33.104010,130.123457,1,2026/05/04
XM265513,風の精霊,33.130543,130.068587,1,2026/06/19
XM265518,炎の精霊,33.170327,130.041152,1,2026/05/19
XM265521,水の精霊,33.170327,129.931413,1,2026/06/25
XM265524,風の精霊,33.183584,129.958848,1,2026/04/25
XM265525,風の精霊,33.196840,129.931413,1,2026/04/17
XM265527,風の精霊,33.196840,129.986283,1,2026/05/24
XM265535,炎の精霊,33.157068,130.178326,1,2026/04/29
XM265540,大地の精霊,33.157068,130.123457,2,2026/05/06
XM265540,炎の精霊,33.157068,130.123457,1,2026/04/19
XM265540,風の精霊,33.157068,130.123457,1,2026/04/24
XM265545,大地の精霊,33.196840,130.096022,1,2026/07/08
XM265545,炎の精霊,33.196840,130.096022,1,2026/07/08
XM265547,大地の精霊,33.196840,130.150892,2,2026/05/23
XM265547,風の精霊,33.196840,130.150892,1,2026/06/08
XM265550,風の精霊,33.196840,130.041152,1,2026/04/18
XM265553,風の精霊,33.210093,130.068587,2,2026/06/12
XM265554,大地の精霊,33.223345,130.041152,1,2026/06/05
XM265558,水の精霊,33.249841,130.041152,1,2026/05/12
XM265563,水の精霊,33.170327,130.315501,1,2026/07/30
XM265564,風の精霊,33.183584,130.288066,1,2026/04/26
XM265567,水の精霊,33.196840,130.315501,1,2026/04/15
XM265567,風の精霊,33.196840,130.315501,1,2026/07/06
XM265568,炎の精霊,33.210093,130.288066,1,2026/07/14
XM265568,風の精霊,33.210093,130.288066,1,2026/06/13
XM265574,大地の精霊,33.223345,130.205761,1,2026/05/02
XM265575,大地の精霊,33.236594,130.178326,1,2026/08/04
XM265575,炎の精霊,33.236594,130.178326,1,2026/07/09
XM265575,風の精霊,33.236594,130.178326,1,2026/07/04
XM265583,炎の精霊,33.249841,130.150892,1,2026/06/06
XM265588,風の精霊,33.289572,130.123457,1,2026/05/12
XM265601,風の精霊,32.971225,130.836763,2,2026/07/30
XM265610,炎の精霊,32.997798,130.781893,1,2026/05/07
XM265620,風の精霊,33.037643,130.699588,1,2026/08/01
XM265621,風の精霊,33.050920,130.672154,1,2026/06/06
XM265624,水の精霊,33.064195,130.699588,1,2026/06/24
XM265625,水の精霊,33.077469,130.672154,1,2026/06/22
XM265678,風の精霊,33.130543,130.946502,1,2026/05/09
XM265710,水の精霊,33.117277,130.534979,1,2026/05/23
XM265711,大地の精霊,33.130543,130.507545,2,2026/07/12
XM265714,水の精霊,33.143806,130.534979,1,2026/04/29
XM265718,水の精霊,33.170327,130.534979,1,2026/04/29
XM265720,風の精霊,33.157068,130.452675,1,2026/07/17
XM265721,大地の精霊,33.170327,130.425240,1,2026/06/09
XM265723,水の精霊,33.170327,130.480110,1,2026/05/01
XM265723,風の精霊,33.170327,130.480110,1,2026/05/24
XM265724,水の精霊,33.183584,130.452675,1,2026/06/25
XM265724,風の精霊,33.183584,130.452675,3,2026/05/20
XM265725,水の精霊,33.196840,130.425240,1,2026/05/15
XM265740,水の精霊,33.157068,130.617284,1,2026/04/30
XM265744,大地の精霊,33.183584,130.617284,1,2026/05/25
XM265744,水の精霊,33.183584,130.617284,1,2026/07/04
XM265745,水の精霊,33.196840,130.589849,1,2026/05/27
XM265747,水の精霊,33.196840,130.644719,1,2026/04/15
XM265748,風の精霊,33.210093,130.617284,3,2026/07/06
XM265750,水の精霊,33.196840,130.534979,1,2026/07/12
XM265753,大地の精霊,33.210093,130.562414,1,2026/05/19
XM265753,水の精霊,33.210093,130.562414,2,2026/04/15
XM265754,大地の精霊,33.223345,130.534979,1,2026/06/24
XM265754,風の精霊,33.223345,130.534979,1,2026/07/09
XM265758,大地の精霊,33.249841,130.534979,1,2026/07/26
XM265758,水の精霊,33.249841,130.534979,1,2026/06/23
XM265771,大地の精霊,33.210093,130.672154,1,2026/06/13
XM265771,水の精霊,33.210093,130.672154,1,2026/06/23
XM265771,風の精霊,33.210093,130.672154,2,2026/07/17
XM265781,大地の精霊,33.249841,130.589849,1,2026/06/20
XM265781,水の精霊,33.249841,130.589849,2,2026/06/17
XM265781,風の精霊,33.249841,130.589849,1,2026/06/19
XM265800,水の精霊,33.196840,130.370370,2,2026/06/04
XM265800,風の精霊,33.196840,130.370370,1,2026/04/22
XM265801,炎の精霊,33.210093,130.342936,1,2026/07/10
XM265803,風の精霊,33.210093,130.397805,1,2026/05/28
XM265805,水の精霊,33.236594,130.342936,1,2026/06/22
XM265807,風の精霊,33.236594,130.397805,1,2026/06/10
XM265811,大地の精霊,33.249841,130.260631,1,2026/05/26
XM265811,炎の精霊,33.249841,130.260631,1,2026/05/26
XM265811,風の精霊,33.249841,130.260631,1,2026/06/12
XM265813,大地の精霊,33.249841,130.315501,1,2026/05/11
XM265813,水の精霊,33.249841,130.315501,1,2026/04/30
XM265815,大地の精霊,33.276330,130.260631,1,2026/06/07
XM265817,水の精霊,33.276330,130.315501,1,2026/06/28
XM265817,炎の精霊,33.276330,130.315501,1,2026/07/24
XM265817,風の精霊,33.276330,130.315501,1,2026/05/28
XM265818,風の精霊,33.289572,130.288066,1,2026/07/17
XM265823,水の精霊,33.289572,130.233196,1,2026/04/28
XM265823,風の精霊,33.289572,130.233196,1,2026/07/12
XM265827,大地の精霊,33.316048,130.233196,1,2026/08/05
XM265830,大地の精霊,33.236594,130.452675,1,2026/07/28
XM265830,風の精霊,33.236594,130.452675,1,2026/05/08
XM265831,炎の精霊,33.249841,130.425240,1,2026/08/01
XM265833,大地の精霊,33.249841,130.480110,2,2026/07/31
XM265834,大地の精霊,33.263087,130.452675,1,2026/08/08
XM265834,風の精霊,33.263087,130.452675,1,2026/04/24
XM265835,水の精霊,33.276330,130.425240,1,2026/05/12
XM265835,炎の精霊,33.276330,130.425240,1,2026/07/22
XM265837,大地の精霊,33.276330,130.480110,1,2026/04/20
XM265837,炎の精霊,33.276330,130.480110,1,2026/04/20
XM265838,炎の精霊,33.289572,130.452675,1,2026/07/15
XM265840,風の精霊,33.276330,130.370370,1,2026/06/17
XM265841,水の精霊,33.289572,130.342936,1,2026/06/26
XM265841,炎の精霊,33.289572,130.342936,1,2026/06/29
XM265843,大地の精霊,33.289572,130.397805,1,2026/07/27
XM265844,炎の精霊,33.302811,130.370370,1,2026/08/05
XM265845,炎の精霊,33.316048,130.342936,1,2026/07/21
XM265845,風の精霊,33.316048,130.342936,2,2026/05/31
XM265848,水の精霊,33.329284,130.370370,1,2026/08/06
XM265850,大地の精霊,33.316048,130.288066,1,2026/07/30
XM265850,炎の精霊,33.316048,130.288066,1,2026/05/30
XM265853,大地の精霊,33.329284,130.315501,1,2026/06/02
XM265853,風の精霊,33.329284,130.315501,1,2026/08/02
XM265858,炎の精霊,33.368978,130.288066,1,2026/05/07
XM265860,風の精霊,33.276330,130.534979,3,2026/08/03
XM265861,水の精霊,33.289572,130.507545,1,2026/04/18
XM265863,炎の精霊,33.289572,130.562414,1,2026/04/25
XM265863,風の精霊,33.289572,130.562414,1,2026/06/06
XM265864,大地の精霊,33.302811,130.534979,1,2026/07/05
XM265864,水の精霊,33.302811,130.534979,1,2026/04/29
XM265864,風の精霊,33.302811,130.534979,2,2026/07/16
XM265865,炎の精霊,33.316048,130.507545,2,2026/07/07
XM265865,風の精霊,33.316048,130.507545,2,2026/06/28
XM265867,水の精霊,33.316048,130.562414,1,2026/04/30
XM265868,炎の精霊,33.329284,130.534979,1,2026/07/13
XM265870,水の精霊,33.316048,130.452675,1,2026/04/26
XM265873,大地の精霊,33.329284,130.480110,1,2026/07/06
XM265876,風の精霊,33.342517,130.507545,1,2026/05/10
XM265877,大地の精霊,33.355748,130.480110,1,2026/07/20
XM265877,風の精霊,33.355748,130.480110,1,2026/05/22
XM265878,風の精霊,33.368978,130.452675,1,2026/07/19
XM265880,風の精霊,33.355748,130.370370,1,2026/06/03
XM265883,水の精霊,33.368978,130.397805,1,2026/06/21
XM265883,風の精霊,33.368978,130.397805,1,2026/06/27
XM266651,水の精霊,32.731709,132.976680,1,2026/07/30
XM266658,大地の精霊,32.771674,133.004115,1,2026/07/25
XM266658,水の精霊,32.771674,133.004115,2,2026/07/04
XM266733,風の精霊,32.771674,132.949246,1,2026/05/06
XM266734,風の精霊,32.784991,132.921811,1,2026/06/03
XM266773,水の精霊,32.851548,132.949246,1,2026/04/13
XM266847,大地の精霊,32.957936,132.620027,1,2026/05/01
XM266864,水の精霊,32.944644,132.757202,1,2026/06/27
XM266871,炎の精霊,32.971225,132.647462,1,2026/05/22
XM267010,風の精霊,32.758354,131.769547,1,2026/04/14
XM267013,風の精霊,32.771674,131.796982,1,2026/06/06
XM267128,大地の精霊,32.971225,131.440329,1,2026/06/29
XM267128,炎の精霊,32.971225,131.440329,1,2026/06/12
XM267128,風の精霊,32.971225,131.440329,1,2026/06/18
XM267148,大地の精霊,32.971225,131.604938,1,2026/05/29
XM267180,大地の精霊,32.997798,131.604938,1,2026/05/18
XM267180,水の精霊,32.997798,131.604938,1,2026/06/26
XM267203,大地の精霊,32.971225,131.385460,1,2026/07/18
XM267203,風の精霊,32.971225,131.385460,3,2026/07/30
XM267204,水の精霊,32.984513,131.358025,1,2026/04/19
XM267207,水の精霊,32.997798,131.385460,1,2026/06/01
XM267230,水の精霊,32.997798,131.440329,1,2026/06/07
XM267230,炎の精霊,32.997798,131.440329,1,2026/07/04
XM267233,炎の精霊,33.011082,131.467764,1,2026/06/23
XM267234,風の精霊,33.024363,131.440329,1,2026/05/02
XM267278,大地の精霊,33.130543,131.440329,1,2026/06/22
XM267278,風の精霊,33.130543,131.440329,1,2026/08/02
XM267403,大地の精霊,32.971225,131.879287,1,2026/07/13
XM267421,水の精霊,33.050920,131.659808,1,2026/04/23
XM267425,水の精霊,33.077469,131.659808,1,2026/05/04
XM267443,水の精霊,33.050920,131.879287,1,2026/04/30
XM267444,大地の精霊,33.064195,131.851852,2,2026/07/21
XM267445,炎の精霊,33.077469,131.824417,1,2026/04/18
XM267447,炎の精霊,33.077469,131.879287,1,2026/08/08
XM267448,風の精霊,33.090740,131.851852,1,2026/05/11
XM267454,大地の精霊,33.104010,131.769547,1,2026/05/22
XM267454,水の精霊,33.104010,131.769547,1,2026/07/01
XM267454,風の精霊,33.104010,131.769547,1,2026/06/11
XM267455,風の精霊,33.117277,131.742112,1,2026/05/06
XM267457,大地の精霊,33.117277,131.796982,1,2026/07/31
XM267457,水の精霊,33.117277,131.796982,1,2026/07/14
XM267485,炎の精霊,33.157068,131.824417,1,2026/06/01
XM267508,炎の精霊,33.130543,131.604938,1,2026/05/16
XM267511,大地の精霊,33.130543,131.495199,1,2026/05/26
XM267511,炎の精霊,33.130543,131.495199,1,2026/05/26
XM267515,風の精霊,33.157068,131.495199,1,2026/06/29
XM267518,風の精霊,33.170327,131.522634,1,2026/05/31
XM267524,大地の精霊,33.183584,131.440329,2,2026/06/25
XM267524,水の精霊,33.183584,131.440329,1,2026/06/13
XM267524,炎の精霊,33.183584,131.440329,1,2026/06/22
XM267524,風の精霊,33.183584,131.440329,2,2026/08/08
XM267528,水の精霊,33.210093,131.440329,1,2026/07/13
XM267528,炎の精霊,33.210093,131.440329,2,2026/07/21
XM267531,風の精霊,33.130543,131.659808,2,2026/04/26
XM267535,大地の精霊,33.157068,131.659808,2,2026/07/10
XM267535,炎の精霊,33.157068,131.659808,1,2026/06/14
XM267535,風の精霊,33.157068,131.659808,1,2026/05/09
XM267538,大地の精霊,33.170327,131.687243,1,2026/05/17
XM267538,水の精霊,33.170327,131.687243,1,2026/04/21
XM267540,大地の精霊,33.157068,131.604938,2,2026/05/16
XM267540,炎の精霊,33.157068,131.604938,1,2026/05/12
XM267545,水の精霊,33.196840,131.577503,1,2026/06/11
XM267545,風の精霊,33.196840,131.577503,3,2026/05/20
XM267547,風の精霊,33.196840,131.632373,1,2026/05/02
XM267548,大地の精霊,33.210093,131.604938,2,2026/06/27
XM267550,風の精霊,33.196840,131.522634,1,2026/06/22
XM267551,水の精霊,33.210093,131.495199,1,2026/06/24
XM267551,風の精霊,33.210093,131.495199,1,2026/08/08
XM267553,大地の精霊,33.210093,131.550069,1,2026/05/30
XM267553,炎の精霊,33.210093,131.550069,2,2026/08/05
XM267553,風の精霊,33.210093,131.550069,1,2026/06/03
XM267554,炎の精霊,33.223345,131.522634,1,2026/07/12
XM267557,水の精霊,33.236594,131.550069,1,2026/04/15
XM267564,大地の精霊,33.183584,131.769547,4,2026/07/29
XM267564,水の精霊,33.183584,131.769547,2,2026/07/03
XM267564,風の精霊,33.183584,131.769547,2,2026/06/22
XM267571,大地の精霊,33.210093,131.659808,1,2026/07/10
XM267571,炎の精霊,33.210093,131.659808,1,2026/07/10
XM267571,風の精霊,33.210093,131.659808,1,2026/05/10
XM267573,大地の精霊,33.210093,131.714678,1,2026/07/16
XM267574,水の精霊,33.223345,131.687243,1,2026/07/06
XM267575,水の精霊,33.236594,131.659808,2,2026/07/05
XM267575,風の精霊,33.236594,131.659808,1,2026/07/05
XM267577,水の精霊,33.236594,131.714678,2,2026/04/19
XM267577,炎の精霊,33.236594,131.714678,1,2026/07/29
XM267580,大地の精霊,33.236594,131.604938,1,2026/07/31
XM267580,水の精霊,33.236594,131.604938,2,2026/06/26
XM267580,炎の精霊,33.236594,131.604938,1,2026/07/18
XM267580,風の精霊,33.236594,131.604938,1,2026/08/01
XM267581,水の精霊,33.249841,131.577503,1,2026/07/27
XM267583,水の精霊,33.249841,131.632373,1,2026/07/01
XM267584,炎の精霊,33.263087,131.604938,1,2026/05/05
XM267665,水の精霊,33.077469,132.482853,1,2026/05/10
XM267665,風の精霊,33.077469,132.482853,1,2026/04/20
XM267808,風の精霊,33.249841,131.851852,1,2026/08/01
XM267810,炎の精霊,33.236594,131.769547,1,2026/07/20
XM267810,風の精霊,33.236594,131.769547,3,2026/07/31
XM267811,大地の精霊,33.249841,131.742112,1,2026/04/29
XM267811,水の精霊,33.249841,131.742112,1,2026/06/02
XM267811,炎の精霊,33.249841,131.742112,2,2026/05/20
XM267812,風の精霊,33.263087,131.714678,1,2026/04/26
XM268001,水の精霊,33.090740,131.083676,1,2026/04/25
XM268005,炎の精霊,33.117277,131.083676,1,2026/05/31
XM268070,炎の精霊,33.196840,131.193416,1,2026/05/18
XM268074,水の精霊,33.223345,131.193416,1,2026/04/30
XM268077,水の精霊,33.236594,131.220850,1,2026/05/22
XM268077,炎の精霊,33.236594,131.220850,1,2026/05/23
XM268077,風の精霊,33.236594,131.220850,1,2026/04/27
XM268123,風の精霊,33.289572,130.727023,1,2026/04/25
XM268125,大地の精霊,33.316048,130.672154,1,2026/07/25
XM268125,水の精霊,33.316048,130.672154,1,2026/06/24
XM268125,炎の精霊,33.316048,130.672154,2,2026/07/22
XM268125,風の精霊,33.316048,130.672154,1,2026/05/24
XM268128,大地の精霊,33.329284,130.699588,1,2026/07/23
XM268128,風の精霊,33.329284,130.699588,2,2026/06/21
XM268147,大地の精霊,33.316048,130.891632,2,2026/07/19
XM268147,水の精霊,33.316048,130.891632,1,2026/05/28
XM268147,風の精霊,33.316048,130.891632,1,2026/07/20
XM268150,風の精霊,33.316048,130.781893,1,2026/05/18
XM268155,炎の精霊,33.355748,130.754458,1,2026/08/02
XM268158,大地の精霊,33.368978,130.781893,1,2026/06/12
XM268158,風の精霊,33.368978,130.781893,1,2026/05/04
XM268170,風の精霊,33.316048,130.946502,1,2026/07/15
XM268174,水の精霊,33.342517,130.946502,1,2026/07/30
XM268175,風の精霊,33.355748,130.919067,2,2026/05/07
XM268183,風の精霊,33.368978,130.891632,1,2026/06/12
XM268200,炎の精霊,33.316048,130.617284,1,2026/08/06
XM268200,風の精霊,33.316048,130.617284,2,2026/07/19
XM268201,水の精霊,33.329284,130.589849,1,2026/07/08
XM268203,風の精霊,33.329284,130.644719,1,2026/08/07
XM268204,水の精霊,33.342517,130.617284,1,2026/05/05
XM268207,水の精霊,33.355748,130.644719,1,2026/06/25
XM268207,風の精霊,33.355748,130.644719,1,2026/07/30
XM268208,水の精霊,33.368978,130.617284,1,2026/06/26
XM268210,大地の精霊,33.355748,130.534979,1,2026/06/08
XM268210,風の精霊,33.355748,130.534979,1,2026/06/22
XM268211,風の精霊,33.368978,130.507545,1,2026/05/10
XM268213,水の精霊,33.368978,130.562414,1,2026/06/25
XM268213,風の精霊,33.368978,130.562414,2,2026/05/25
XM268214,大地の精霊,33.382205,130.534979,1,2026/04/23
XM268215,大地の精霊,33.395430,130.507545,1,2026/05/17
XM268215,水の精霊,33.395430,130.507545,1,2026/06/17
XM268215,炎の精霊,33.395430,130.507545,1,2026/08/01
XM268215,風の精霊,33.395430,130.507545,1,2026/08/03
XM268217,水の精霊,33.395430,130.562414,1,2026/06/02
XM268231,風の精霊,33.368978,130.672154,3,2026/07/09
XM268233,水の精霊,33.368978,130.727023,2,2026/07/04
XM268233,風の精霊,33.368978,130.727023,1,2026/06/22
XM268234,炎の精霊,33.382205,130.699588,1,2026/05/12
XM268234,風の精霊,33.382205,130.699588,1,2026/04/27
XM268235,炎の精霊,33.395430,130.672154,1,2026/08/01
XM268241,風の精霊,33.408653,130.589849,1,2026/04/28
XM268245,風の精霊,33.435094,130.589849,1,2026/04/18
XM268247,水の精霊,33.435094,130.644719,1,2026/06/10
XM268248,水の精霊,33.448311,130.617284,1,2026/04/15
XM268253,大地の精霊,33.448311,130.562414,1,2026/06/04
XM268253,風の精霊,33.448311,130.562414,2,2026/06/13
XM268254,風の精霊,33.461526,130.534979,1,2026/05/31
XM268257,水の精霊,33.474740,130.562414,1,2026/06/12
XM268258,大地の精霊,33.487951,130.534979,2,2026/07/07
XM268258,水の精霊,33.487951,130.534979,1,2026/06/15
XM268261,水の精霊,33.408653,130.754458,1,2026/04/30
XM268271,大地の精霊,33.448311,130.672154,1,2026/08/06
XM268271,炎の精霊,33.448311,130.672154,1,2026/07/12
XM268271,風の精霊,33.448311,130.672154,1,2026/07/03
XM268274,大地の精霊,33.461526,130.699588,1,2026/07/05
XM268274,風の精霊,33.461526,130.699588,2,2026/06/12
XM268280,炎の精霊,33.474740,130.617284,2,2026/07/21
XM268280,風の精霊,33.474740,130.617284,2,2026/06/14
XM268281,炎の精霊,33.487951,130.589849,2,2026/08/05
XM268281,風の精霊,33.487951,130.589849,1,2026/05/23
XM268305,大地の精霊,33.236594,131.330590,1,2026/05/07
XM268305,風の精霊,33.236594,131.330590,1,2026/05/06
XM268308,水の精霊,33.249841,131.358025,2,2026/07/11
XM268308,炎の精霊,33.249841,131.358025,1,2026/07/03
XM268308,風の精霊,33.249841,131.358025,2,2026/06/10
XM268311,水の精霊,33.249841,131.248285,1,2026/06/16
XM268333,大地の精霊,33.249841,131.467764,2,2026/08/06
XM268333,水の精霊,33.249841,131.467764,1,2026/08/07
XM268333,炎の精霊,33.249841,131.467764,1,2026/08/05
XM268340,水の精霊,33.276330,131.358025,1,2026/06/24
XM268340,炎の精霊,33.276330,131.358025,1,2026/07/23
XM268340,風の精霊,33.276330,131.358025,3,2026/06/29
XM268361,炎の精霊,33.289572,131.495199,2,2026/07/08
XM268361,風の精霊,33.289572,131.495199,2,2026/06/15
XM268365,炎の精霊,33.316048,131.495199,1,2026/06/18
XM268365,風の精霊,33.316048,131.495199,1,2026/04/23
XM268375,風の精霊,33.355748,131.412894,1,2026/07/21
XM268377,炎の精霊,33.355748,131.467764,1,2026/05/17
XM268418,大地の精霊,33.408653,131.028807,2,2026/05/23
XM268470,炎の精霊,33.435094,131.193416,1,2026/05/10
XM268478,風の精霊,33.487951,131.193416,1,2026/05/04
XM268501,風の精霊,33.448311,130.836763,1,2026/06/22
XM268520,風の精霊,33.514367,130.699588,1,2026/05/01
XM268521,風の精霊,33.527572,130.672154,3,2026/07/30
XM268527,風の精霊,33.553977,130.727023,1,2026/08/04
XM268528,炎の精霊,33.567176,130.699588,2,2026/08/05
XM268528,風の精霊,33.567176,130.699588,4,2026/07/06
XM268541,水の精霊,33.527572,130.836763,1,2026/04/19
XM268543,風の精霊,33.527572,130.891632,1,2026/04/16
XM268550,水の精霊,33.553977,130.781893,1,2026/04/15
XM268557,炎の精霊,33.593568,130.809328,1,2026/07/23
XM268557,風の精霊,33.593568,130.809328,1,2026/07/09
XM268558,水の精霊,33.606761,130.781893,1,2026/05/16
XM268605,風の精霊,33.355748,131.577503,2,2026/06/30
XM268608,大地の精霊,33.368978,131.604938,1,2026/04/26
XM268611,水の精霊,33.368978,131.495199,1,2026/05/29
XM268613,水の精霊,33.368978,131.550069,1,2026/06/19
XM268614,炎の精霊,33.382205,131.522634,1,2026/06/27
XM268614,風の精霊,33.382205,131.522634,1,2026/05/04
XM268617,水の精霊,33.395430,131.550069,1,2026/05/18
XM268617,炎の精霊,33.395430,131.550069,1,2026/06/12
XM268618,風の精霊,33.408653,131.522634,1,2026/05/06
XM268638,水の精霊,33.408653,131.687243,1,2026/05/03
XM268640,水の精霊,33.395430,131.604938,1,2026/07/25
XM268647,風の精霊,33.435094,131.632373,1,2026/06/05
XM268650,炎の精霊,33.435094,131.522634,1,2026/07/11
XM268651,風の精霊,33.448311,131.495199,1,2026/06/17
XM268670,風の精霊,33.435094,131.687243,1,2026/05/13
XM268673,水の精霊,33.448311,131.714678,1,2026/06/07
XM268674,水の精霊,33.461526,131.687243,1,2026/05/11
XM268675,風の精霊,33.474740,131.659808,1,2026/05/02
XM268701,風の精霊,33.448311,131.330590,1,2026/05/21
XM268705,大地の精霊,33.474740,131.330590,1,2026/05/05
XM268705,風の精霊,33.474740,131.330590,2,2026/06/28
XM268714,大地の精霊,33.501160,131.275720,1,2026/04/22
XM268717,大地の精霊,33.514367,131.303155,2,2026/07/01
XM268717,水の精霊,33.514367,131.303155,2,2026/06/07
XM268717,炎の精霊,33.514367,131.303155,2,2026/07/10
XM268717,風の精霊,33.514367,131.303155,2,2026/07/16
XM268718,炎の精霊,33.527572,131.275720,1,2026/05/07
XM268723,炎の精霊,33.527572,131.220850,1,2026/07/07
XM268724,大地の精霊,33.540775,131.193416,1,2026/04/13
XM268728,水の精霊,33.567176,131.193416,2,2026/06/23
XM268728,炎の精霊,33.567176,131.193416,1,2026/06/08
XM268735,炎の精霊,33.514367,131.412894,1,2026/06/06
XM268740,炎の精霊,33.514367,131.358025,1,2026/05/01
XM268741,風の精霊,33.527572,131.330590,1,2026/06/29
XM268744,炎の精霊,33.540775,131.358025,1,2026/06/12
XM268744,風の精霊,33.540775,131.358025,1,2026/06/14
XM268748,水の精霊,33.567176,131.358025,1,2026/06/25
XM268748,炎の精霊,33.567176,131.358025,1,2026/05/10
XM268748,風の精霊,33.567176,131.358025,1,2026/04/29
XM268750,大地の精霊,33.553977,131.275720,1,2026/06/03
XM268750,水の精霊,33.553977,131.275720,1,2026/04/24
XM268754,大地の精霊,33.580373,131.275720,2,2026/07/24
XM268755,炎の精霊,33.593568,131.248285,1,2026/08/01
XM268755,風の精霊,33.593568,131.248285,2,2026/07/08
XM268768,炎の精霊,33.567176,131.522634,1,2026/05/29
XM268768,風の精霊,33.567176,131.522634,1,2026/06/19
XM268770,風の精霊,33.553977,131.440329,1,2026/06/06
XM268771,水の精霊,33.567176,131.412894,2,2026/06/09
XM268774,炎の精霊,33.580373,131.440329,1,2026/08/06
XM268803,水の精霊,33.567176,131.138546,1,2026/06/17
XM268803,風の精霊,33.567176,131.138546,3,2026/06/29
XM268804,炎の精霊,33.580373,131.111111,1,2026/08/01
XM268804,風の精霊,33.580373,131.111111,2,2026/08/07
XM268805,水の精霊,33.593568,131.083676,1,2026/04/18
XM268805,風の精霊,33.593568,131.083676,1,2026/05/02
XM268807,大地の精霊,33.593568,131.138546,1,2026/04/27
XM268807,炎の精霊,33.593568,131.138546,1,2026/07/19
XM268808,水の精霊,33.606761,131.111111,1,2026/06/20
XM268808,風の精霊,33.606761,131.111111,2,2026/08/04
XM268814,水の精霊,33.619952,131.028807,1,2026/06/15
XM268814,風の精霊,33.619952,131.028807,1,2026/04/29
XM268815,水の精霊,33.633141,131.001372,1,2026/07/21
XM268820,風の精霊,33.633141,130.946502,1,2026/08/04
XM268823,風の精霊,33.646328,130.973937,1,2026/04/19
XM268825,炎の精霊,33.672696,130.919067,1,2026/04/16
XM268827,大地の精霊,33.672696,130.973937,1,2026/07/31
XM268827,水の精霊,33.672696,130.973937,1,2026/07/06
XM268830,風の精霊,33.593568,131.193416,3,2026/07/31
XM268831,水の精霊,33.606761,131.165981,1,2026/08/02
XM268831,風の精霊,33.606761,131.165981,1,2026/06/10
XM268833,水の精霊,33.606761,131.220850,1,2026/06/15
XM268833,炎の精霊,33.606761,131.220850,1,2026/07/23
XM268834,炎の精霊,33.619952,131.193416,1,2026/05/18
XM268851,水の精霊,33.685877,131.001372,1,2026/07/09
XM268851,炎の精霊,33.685877,131.001372,1,2026/07/11
XM268851,風の精霊,33.685877,131.001372,1,2026/05/22
XM268854,炎の精霊,33.699056,131.028807,1,2026/07/15
XM268854,風の精霊,33.699056,131.028807,1,2026/06/20
XM268858,水の精霊,33.725407,131.028807,1,2026/04/24
XM270068,大地の精霊,32.851548,129.053498,1,2026/07/10
XM270068,風の精霊,32.851548,129.053498,3,2026/06/19
XM270313,大地の精霊,32.891458,129.080933,1,2026/07/30
XM270313,炎の精霊,32.891458,129.080933,1,2026/05/23
XM270313,風の精霊,32.891458,129.080933,1,2026/06/16
XM270314,風の精霊,32.904758,129.053498,1,2026/04/20
XM270354,大地の精霊,32.984513,129.053498,1,2026/06/12
XM270354,炎の精霊,32.984513,129.053498,1,2026/07/11
XM273031,大地の精霊,33.130543,129.684499,1,2026/05/02
XM273033,水の精霊,33.130543,129.739369,1,2026/06/14
XM273033,風の精霊,33.130543,129.739369,1,2026/05/20
XM273037,水の精霊,33.157068,129.739369,1,2026/04/27
XM273038,大地の精霊,33.170327,129.711934,3,2026/06/07
XM273038,炎の精霊,33.170327,129.711934,1,2026/08/06
XM273043,風の精霊,33.170327,129.657064,1,2026/05/03
XM273061,風の精霊,33.170327,129.766804,1,2026/06/17
XM273063,炎の精霊,33.170327,129.821674,2,2026/05/25
XM273067,風の精霊,33.196840,129.821674,1,2026/04/24
XM273070,大地の精霊,33.196840,129.711934,2,2026/07/22
XM273070,水の精霊,33.196840,129.711934,1,2026/07/15
XM273070,炎の精霊,33.196840,129.711934,1,2026/07/22
XM273070,風の精霊,33.196840,129.711934,1,2026/04/15
XM273071,風の精霊,33.210093,129.684499,1,2026/06/21
XM273073,水の精霊,33.210093,129.739369,1,2026/07/18
XM273077,風の精霊,33.236594,129.739369,1,2026/05/09
XM273081,水の精霊,33.249841,129.602195,1,2026/05/02
XM273083,大地の精霊,33.249841,129.657064,1,2026/08/01
XM273083,水の精霊,33.249841,129.657064,3,2026/07/20
XM273083,炎の精霊,33.249841,129.657064,1,2026/07/25
XM273083,風の精霊,33.249841,129.657064,3,2026/07/02
XM273088,大地の精霊,33.289572,129.629630,1,2026/05/06
XM273088,炎の精霊,33.289572,129.629630,1,2026/05/06
XM273173,大地の精霊,33.329284,129.492455,1,2026/06/14
XM273173,風の精霊,33.329284,129.492455,1,2026/07/05
XM273300,水の精霊,33.196840,129.876543,1,2026/05/29
XM273300,風の精霊,33.196840,129.876543,1,2026/06/16
XM273301,風の精霊,33.210093,129.849108,1,2026/06/20
XM273305,風の精霊,33.236594,129.849108,2,2026/06/09
XM273317,水の精霊,33.276330,129.821674,1,2026/06/03
XM273317,炎の精霊,33.276330,129.821674,1,2026/07/12
XM273317,風の精霊,33.276330,129.821674,5,2026/06/16
XM273321,大地の精霊,33.289572,129.684499,1,2026/07/01
XM273325,大地の精霊,33.316048,129.684499,1,2026/04/27
XM273330,水の精霊,33.236594,129.958848,1,2026/06/07
XM273335,水の精霊,33.276330,129.931413,2,2026/06/24
XM273335,風の精霊,33.276330,129.931413,1,2026/06/01
XM273340,水の精霊,33.276330,129.876543,1,2026/04/23
XM273344,大地の精霊,33.302811,129.876543,1,2026/05/10
XM273345,水の精霊,33.316048,129.849108,1,2026/04/14
XM273345,炎の精霊,33.316048,129.849108,1,2026/04/14
XM273347,水の精霊,33.316048,129.903978,1,2026/07/04
XM273347,炎の精霊,33.316048,129.903978,1,2026/04/21
XM273350,風の精霊,33.316048,129.794239,1,2026/04/15
XM273357,水の精霊,33.355748,129.821674,1,2026/06/04
XM273367,水の精霊,33.316048,130.068587,1,2026/07/31
XM273367,炎の精霊,33.316048,130.068587,1,2026/07/25
XM273371,水の精霊,33.329284,129.931413,1,2026/07/12
XM273371,風の精霊,33.329284,129.931413,3,2026/06/10
XM273375,水の精霊,33.355748,129.931413,1,2026/06/24
XM273375,炎の精霊,33.355748,129.931413,1,2026/05/09
XM273378,水の精霊,33.368978,129.958848,1,2026/06/26
XM273378,炎の精霊,33.368978,129.958848,1,2026/07/09
XM273378,風の精霊,33.368978,129.958848,1,2026/04/29
XM273383,風の精霊,33.368978,129.903978,1,2026/05/20
XM273410,風の精霊,33.355748,129.547325,1,2026/07/06
XM273600,炎の精霊,33.316048,130.123457,2,2026/08/06
XM273615,水の精霊,33.395430,130.013717,1,2026/08/08
XM273615,風の精霊,33.395430,130.013717,1,2026/05/25
XM273620,風の精霊,33.395430,129.958848,2,2026/07/15
XM273623,風の精霊,33.408653,129.986283,2,2026/07/20
XM273624,大地の精霊,33.421875,129.958848,1,2026/05/04
XM273627,大地の精霊,33.435094,129.986283,1,2026/08/07
XM273628,風の精霊,33.448311,129.958848,1,2026/05/20
XM273633,大地の精霊,33.368978,130.233196,1,2026/07/07
XM273633,水の精霊,33.368978,130.233196,1,2026/05/01
XM273633,風の精霊,33.368978,130.233196,1,2026/05/06
XM273650,水の精霊,33.435094,130.041152,1,2026/06/11
XM273650,風の精霊,33.435094,130.041152,1,2026/05/08
XM273653,水の精霊,33.448311,130.068587,1,2026/05/31
XM273653,炎の精霊,33.448311,130.068587,1,2026/05/30
XM273653,風の精霊,33.448311,130.068587,1,2026/07/29
XM273654,炎の精霊,33.461526,130.041152,1,2026/06/18
XM273654,風の精霊,33.461526,130.041152,2,2026/06/13
XM273670,風の精霊,33.435094,130.205761,1,2026/04/28
XM273685,大地の精霊,33.514367,130.096022,2,2026/08/07
XM273687,大地の精霊,33.514367,130.150892,1,2026/07/10
XM273687,炎の精霊,33.514367,130.150892,1,2026/04/30
XM273687,風の精霊,33.514367,130.150892,1,2026/07/17
XM273701,大地の精霊,33.448311,129.849108,1,2026/05/05
XM273705,大地の精霊,33.474740,129.849108,1,2026/05/13
XM273708,大地の精霊,33.487951,129.876543,1,2026/07/16
XM273708,風の精霊,33.487951,129.876543,3,2026/08/03
XM273730,炎の精霊,33.474740,129.958848,2,2026/08/04
XM273730,風の精霊,33.474740,129.958848,1,2026/04/28
XM273731,水の精霊,33.487951,129.931413,1,2026/06/25
XM273731,炎の精霊,33.487951,129.931413,3,2026/07/08
XM273743,風の精霊,33.527572,129.903978,1,2026/06/16
XM276013,炎の精霊,33.487951,130.315501,1,2026/04/25
XM276021,大地の精霊,33.527572,130.178326,1,2026/08/05
XM276023,炎の精霊,33.527572,130.233196,1,2026/04/16
XM276024,風の精霊,33.540775,130.205761,1,2026/06/17
XM276025,大地の精霊,33.553977,130.178326,1,2026/05/06
XM276025,炎の精霊,33.553977,130.178326,1,2026/07/11
XM276027,炎の精霊,33.553977,130.233196,1,2026/06/23
XM276028,風の精霊,33.567176,130.205761,1,2026/04/14
XM276031,大地の精霊,33.487951,130.425240,1,2026/05/18
XM276033,風の精霊,33.487951,130.480110,1,2026/07/31
XM276035,風の精霊,33.514367,130.425240,1,2026/06/20
XM276037,風の精霊,33.514367,130.480110,2,2026/04/24
XM276040,水の精霊,33.514367,130.370370,1,2026/06/30
XM276040,炎の精霊,33.514367,130.370370,1,2026/07/19
XM276040,風の精霊,33.514367,130.370370,1,2026/07/13
XM276041,大地の精霊,33.527572,130.342936,1,2026/07/11
XM276044,炎の精霊,33.540775,130.370370,1,2026/04/25
XM276045,風の精霊,33.553977,130.342936,1,2026/06/29
XM276047,炎の精霊,33.553977,130.397805,1,2026/06/13
XM276053,炎の精霊,33.567176,130.315501,1,2026/06/23
XM276054,大地の精霊,33.580373,130.288066,1,2026/05/29
XM276054,水の精霊,33.580373,130.288066,1,2026/06/27
XM276055,大地の精霊,33.593568,130.260631,1,2026/06/16
XM276057,水の精霊,33.593568,130.315501,1,2026/04/18
XM276057,風の精霊,33.593568,130.315501,1,2026/07/30
XM276060,水の精霊,33.514367,130.534979,1,2026/07/02
XM276060,炎の精霊,33.514367,130.534979,1,2026/06/24
XM276060,風の精霊,33.514367,130.534979,1,2026/07/11
XM276064,大地の精霊,33.540775,130.534979,2,2026/04/12
XM276065,大地の精霊,33.553977,130.507545,2,2026/05/24
XM276065,炎の精霊,33.553977,130.507545,1,2026/04/21
XM276065,風の精霊,33.553977,130.507545,2,2026/07/17
XM276068,水の精霊,33.567176,130.534979,1,2026/05/27
XM276068,風の精霊,33.567176,130.534979,1,2026/06/21
XM276071,大地の精霊,33.567176,130.425240,1,2026/08/05
XM276073,水の精霊,33.567176,130.480110,3,2026/04/16
XM276073,風の精霊,33.567176,130.480110,1,2026/07/04
XM276077,風の精霊,33.593568,130.480110,1,2026/05/28
XM276080,水の精霊,33.593568,130.370370,1,2026/06/07
XM276080,炎の精霊,33.593568,130.370370,1,2026/05/23
XM276080,風の精霊,33.593568,130.370370,1,2026/06/19
XM276100,水の精霊,33.553977,130.123457,1,2026/05/16
XM276104,大地の精霊,33.580373,130.123457,1,2026/06/13
XM276107,風の精霊,33.593568,130.150892,2,2026/06/20
XM276133,炎の精霊,33.606761,130.233196,1,2026/06/04
XM276133,風の精霊,33.606761,130.233196,1,2026/05/22
XM276134,風の精霊,33.619952,130.205761,1,2026/04/27
XM276167,水の精霊,33.672696,130.315501,1,2026/04/23
XM276168,水の精霊,33.685877,130.288066,1,2026/04/30
XM276168,炎の精霊,33.685877,130.288066,1,2026/07/12
XM276228,風の精霊,33.804414,129.711934,1,2026/04/16
XM276300,水の精霊,33.553977,130.617284,1,2026/07/04
XM276303,風の精霊,33.567176,130.644719,1,2026/08/01
XM276304,大地の精霊,33.580373,130.617284,1,2026/05/19
XM276304,炎の精霊,33.580373,130.617284,1,2026/04/21
XM276307,風の精霊,33.593568,130.644719,1,2026/04/13
XM276311,風の精霊,33.606761,130.507545,1,2026/08/08
XM276314,水の精霊,33.619952,130.534979,1,2026/05/15
XM276314,風の精霊,33.619952,130.534979,2,2026/08/04
XM276315,大地の精霊,33.633141,130.507545,1,2026/07/20
XM276318,風の精霊,33.646328,130.534979,1,2026/05/22
XM276320,水の精霊,33.633141,130.452675,1,2026/06/17
XM276321,風の精霊,33.646328,130.425240,1,2026/04/26
XM276323,風の精霊,33.646328,130.480110,2,2026/08/03
XM276324,風の精霊,33.659513,130.452675,2,2026/07/29
XM276325,大地の精霊,33.672696,130.425240,1,2026/07/26
XM276325,水の精霊,33.672696,130.425240,1,2026/06/04
XM276325,炎の精霊,33.672696,130.425240,1,2026/07/26
XM276325,風の精霊,33.672696,130.425240,1,2026/04/13
XM276327,炎の精霊,33.672696,130.480110,1,2026/05/17
XM276327,風の精霊,33.672696,130.480110,2,2026/06/06
XM276328,水の精霊,33.685877,130.452675,2,2026/07/18
XM276330,水の精霊,33.593568,130.699588,1,2026/06/15
XM276330,炎の精霊,33.593568,130.699588,1,2026/05/10
XM276331,大地の精霊,33.606761,130.672154,1,2026/04/24
XM276331,炎の精霊,33.606761,130.672154,1,2026/04/24
XM276333,大地の精霊,33.606761,130.727023,1,2026/05/01
XM276334,風の精霊,33.619952,130.699588,2,2026/07/09
XM276335,大地の精霊,33.633141,130.672154,1,2026/05/31
XM276337,風の精霊,33.633141,130.727023,1,2026/07/28
XM276338,風の精霊,33.646328,130.699588,2,2026/06/06
XM276341,風の精霊,33.646328,130.589849,1,2026/04/15
XM276343,風の精霊,33.646328,130.644719,1,2026/05/23
XM276347,炎の精霊,33.672696,130.644719,1,2026/05/13
XM276353,水の精霊,33.685877,130.562414,2,2026/06/24
XM276355,水の精霊,33.712232,130.507545,1,2026/07/11
XM276355,炎の精霊,33.712232,130.507545,2,2026/06/26
XM276355,風の精霊,33.712232,130.507545,3,2026/07/31
XM276360,風の精霊,33.633141,130.781893,1,2026/07/30
XM276363,大地の精霊,33.646328,130.809328,2,2026/05/16
XM276364,大地の精霊,33.659513,130.781893,1,2026/07/14
XM276365,大地の精霊,33.672696,130.754458,1,2026/07/22
XM276367,水の精霊,33.672696,130.809328,1,2026/07/01
XM276367,炎の精霊,33.672696,130.809328,1,2026/07/11
XM276367,風の精霊,33.672696,130.809328,1,2026/04/25
XM276368,風の精霊,33.685877,130.781893,1,2026/05/10
XM276371,炎の精霊,33.685877,130.672154,1,2026/05/11
XM276371,風の精霊,33.685877,130.672154,1,2026/05/06
XM276373,炎の精霊,33.685877,130.727023,1,2026/06/04
XM276375,水の精霊,33.712232,130.672154,1,2026/06/16
XM276375,炎の精霊,33.712232,130.672154,1,2026/05/11
XM276378,水の精霊,33.725407,130.699588,1,2026/07/05
XM276380,炎の精霊,33.712232,130.617284,1,2026/05/04
XM276381,水の精霊,33.725407,130.589849,1,2026/05/03
XM276384,大地の精霊,33.738580,130.617284,1,2026/07/03
XM276384,炎の精霊,33.738580,130.617284,1,2026/05/26
XM276387,風の精霊,33.751751,130.644719,2,2026/06/28
XM276403,大地の精霊,33.685877,130.397805,2,2026/06/21
XM276403,水の精霊,33.685877,130.397805,1,2026/07/09
XM276403,炎の精霊,33.685877,130.397805,1,2026/07/24
XM276403,風の精霊,33.685877,130.397805,4,2026/08/07
XM276430,水の精霊,33.712232,130.452675,1,2026/07/01
XM276433,大地の精霊,33.725407,130.480110,1,2026/06/18
XM276433,風の精霊,33.725407,130.480110,1,2026/04/13
XM276460,水の精霊,33.751751,130.534979,1,2026/06/22
XM276464,風の精霊,33.778087,130.534979,2,2026/08/05
XM276465,風の精霊,33.791251,130.507545,1,2026/05/01
XM276468,水の精霊,33.804414,130.534979,1,2026/07/02
XM276468,炎の精霊,33.804414,130.534979,1,2026/05/07
XM276470,炎の精霊,33.791251,130.452675,1,2026/07/26
XM276473,水の精霊,33.804414,130.480110,1,2026/06/08
XM276603,炎の精霊,33.685877,130.891632,1,2026/05/04
XM276604,風の精霊,33.699056,130.864198,1,2026/04/27
XM276607,風の精霊,33.712232,130.891632,1,2026/04/22
XM276610,水の精霊,33.712232,130.781893,1,2026/07/24
XM276610,炎の精霊,33.712232,130.781893,1,2026/07/09
XM276615,大地の精霊,33.751751,130.754458,3,2026/07/21
XM276615,水の精霊,33.751751,130.754458,1,2026/07/17
XM276618,大地の精霊,33.764920,130.781893,1,2026/06/13
XM276618,炎の精霊,33.764920,130.781893,1,2026/06/14
XM276621,水の精霊,33.764920,130.672154,1,2026/05/03
XM276623,水の精霊,33.764920,130.727023,2,2026/05/20
XM276623,風の精霊,33.764920,130.727023,1,2026/06/18
XM276624,大地の精霊,33.778087,130.699588,1,2026/07/25
XM276625,風の精霊,33.791251,130.672154,2,2026/07/21
XM276626,風の精霊,33.778087,130.754458,1,2026/06/20
XM276627,水の精霊,33.791251,130.727023,1,2026/04/13
XM276628,大地の精霊,33.804414,130.699588,1,2026/07/31
XM276628,風の精霊,33.804414,130.699588,1,2026/07/18
XM276631,炎の精霊,33.725407,130.919067,1,2026/08/01
XM276631,風の精霊,33.725407,130.919067,1,2026/07/19
XM276633,水の精霊,33.725407,130.973937,1,2026/06/04
XM276634,大地の精霊,33.738580,130.946502,1,2026/05/05
XM276634,水の精霊,33.738580,130.946502,1,2026/05/28
XM276635,大地の精霊,33.751751,130.919067,1,2026/05/31
XM276637,大地の精霊,33.751751,130.973937,1,2026/06/06
XM276637,風の精霊,33.751751,130.973937,1,2026/05/24
XM276641,風の精霊,33.764920,130.836763,1,2026/08/08
XM276644,水の精霊,33.778087,130.864198,1,2026/04/18
XM276648,大地の精霊,33.804414,130.864198,1,2026/07/13
XM276650,風の精霊,33.791251,130.781893,1,2026/05/10
XM276651,風の精霊,33.804414,130.754458,3,2026/07/09
XM276653,風の精霊,33.804414,130.809328,1,2026/05/23
XM276655,炎の精霊,33.830733,130.754458,1,2026/08/02
XM276655,風の精霊,33.830733,130.754458,2,2026/07/16
XM276661,炎の精霊,33.764920,131.001372,1,2026/05/24
XM276662,炎の精霊,33.778087,130.973937,1,2026/05/24
XM276665,大地の精霊,33.791251,131.001372,1,2026/07/07
XM276665,風の精霊,33.791251,131.001372,3,2026/08/07
XM276673,風の精霊,33.804414,130.973937,1,2026/05/17
XM276674,水の精霊,33.817575,130.946502,1,2026/06/02
XM276674,炎の精霊,33.817575,130.946502,1,2026/07/27
XM276674,風の精霊,33.817575,130.946502,1,2026/06/22
XM276675,水の精霊,33.830733,130.919067,1,2026/05/23
XM276677,水の精霊,33.830733,130.973937,1,2026/04/12
XM276677,風の精霊,33.830733,130.973937,1,2026/04/21
XM276678,大地の精霊,33.843890,130.946502,2,2026/07/25
XM276680,大地の精霊,33.830733,130.864198,1,2026/05/19
XM276680,水の精霊,33.830733,130.864198,1,2026/06/17
XM276683,大地の精霊,33.843890,130.891632,1,2026/07/10
XM276683,水の精霊,33.843890,130.891632,3,2026/08/02
XM276683,炎の精霊,33.843890,130.891632,1,2026/07/10
XM276683,風の精霊,33.843890,130.891632,2,2026/07/16
XM276684,大地の精霊,33.857045,130.864198,1,2026/08/01
XM276685,大地の精霊,33.870197,130.836763,3,2026/07/14
XM276687,水の精霊,33.870197,130.891632,1,2026/07/04
XM276688,大地の精霊,33.883348,130.864198,1,2026/07/20
XM276688,炎の精霊,33.883348,130.864198,3,2026/04/19
XM276700,大地の精霊,33.791251,130.617284,1,2026/07/27
XM276700,水の精霊,33.791251,130.617284,1,2026/06/04
XM276700,風の精霊,33.791251,130.617284,2,2026/06/14
XM276701,大地の精霊,33.804414,130.589849,1,2026/08/01
XM276701,炎の精霊,33.804414,130.589849,1,2026/05/14
XM276701,風の精霊,33.804414,130.589849,3,2026/07/17
XM276708,風の精霊,33.843890,130.617284,1,2026/05/08
XM276710,水の精霊,33.830733,130.534979,1,2026/06/02
XM276710,風の精霊,33.830733,130.534979,2,2026/07/15
XM276711,大地の精霊,33.843890,130.507545,1,2026/07/27
XM276711,炎の精霊,33.843890,130.507545,1,2026/07/22
XM276713,炎の精霊,33.843890,130.562414,1,2026/07/12
XM276713,風の精霊,33.843890,130.562414,1,2026/04/22
XM276714,風の精霊,33.857045,130.534979,1,2026/07/16
XM276718,炎の精霊,33.883348,130.534979,1,2026/04/25
XM276730,炎の精霊,33.830733,130.699588,1,2026/07/10
XM276731,炎の精霊,33.843890,130.672154,1,2026/05/15
XM276733,風の精霊,33.843890,130.727023,2,2026/07/06
XM276734,大地の精霊,33.857045,130.699588,1,2026/06/01
XM276735,水の精霊,33.870197,130.672154,1,2026/07/24
XM276735,炎の精霊,33.870197,130.672154,1,2026/06/15
XM276735,風の精霊,33.870197,130.672154,1,2026/06/10
XM276737,大地の精霊,33.870197,130.727023,1,2026/04/16
XM276737,風の精霊,33.870197,130.727023,1,2026/06/28
XM276740,大地の精霊,33.870197,130.617284,3,2026/08/05
XM276740,炎の精霊,33.870197,130.617284,3,2026/07/23
XM276740,風の精霊,33.870197,130.617284,2,2026/06/24
XM276760,大地の精霊,33.870197,130.781893,1,2026/07/19
XM276761,水の精霊,33.883348,130.754458,1,2026/07/05
XM276764,大地の精霊,33.896496,130.781893,1,2026/05/11
XM276764,水の精霊,33.896496,130.781893,1,2026/07/01
XM276764,風の精霊,33.896496,130.781893,2,2026/06/12
XM276765,水の精霊,33.909643,130.754458,1,2026/04/19
XM276767,大地の精霊,33.909643,130.809328,1,2026/07/20
XM276768,大地の精霊,33.922787,130.781893,1,2026/05/07
XM276770,水の精霊,33.909643,130.699588,1,2026/06/17
XM276770,風の精霊,33.909643,130.699588,1,2026/05/16
XM276773,水の精霊,33.922787,130.727023,2,2026/07/02
XM276773,風の精霊,33.922787,130.727023,1,2026/06/06
XM276774,大地の精霊,33.935930,130.699588,1,2026/06/22
XM276774,水の精霊,33.935930,130.699588,1,2026/06/08
XM277030,風の精霊,33.830733,129.711934,1,2026/04/15
XM428701,大地の精霊,33.448311,135.775034,1,2026/07/12
XM428701,水の精霊,33.448311,135.775034,1,2026/05/02
XM428705,風の精霊,33.474740,135.775034,1,2026/05/24
XM428715,風の精霊,33.514367,135.692730,1,2026/05/03
XM428824,水の精霊,33.659513,135.390947,1,2026/06/25
XM428825,風の精霊,33.672696,135.363512,1,2026/07/29
XM428827,風の精霊,33.672696,135.418381,2,2026/06/17
XM428851,炎の精霊,33.685877,135.445816,1,2026/05/06
XM428851,風の精霊,33.685877,135.445816,1,2026/04/26
XM428854,風の精霊,33.699056,135.473251,1,2026/04/18
XM428855,水の精霊,33.712232,135.445816,1,2026/07/02
XM428855,風の精霊,33.712232,135.445816,2,2026/06/23
XM428858,炎の精霊,33.725407,135.473251,1,2026/05/18
XM452115,水の精霊,33.633141,135.939643,1,2026/06/05
XM452115,風の精霊,33.633141,135.939643,2,2026/06/08
XM452185,炎の精霊,33.751751,136.021948,1,2026/07/29
XM452254,風の精霊,33.817575,135.720165,1,2026/07/25
XM452257,大地の精霊,33.830733,135.747599,1,2026/07/18
XM452260,炎の精霊,33.751751,135.967078,1,2026/05/05
XM452267,風の精霊,33.791251,135.994513,1,2026/04/19
XM452504,大地の精霊,33.817575,136.049383,1,2026/07/18
XM452505,風の精霊,33.830733,136.021948,1,2026/04/14
XM452508,水の精霊,33.843890,136.049383,1,2026/07/16
XM452508,炎の精霊,33.843890,136.049383,1,2026/08/08
XM452543,風の精霊,33.883348,136.076818,1,2026/05/25
XM452584,炎の精霊,33.975345,136.049383,1,2026/05/28
XM452818,水の精霊,34.001612,136.213992,1,2026/07/18
XM452854,大地の精霊,34.054121,136.213992,2,2026/07/09
XM452854,炎の精霊,34.054121,136.213992,1,2026/05/23
XM452854,風の精霊,34.054121,136.213992,1,2026/06/07
XM452858,水の精霊,34.080363,136.213992,1,2026/04/27
XM452858,風の精霊,34.080363,136.213992,1,2026/05/20
XM455574,大地の精霊,34.290008,136.872428,1,2026/05/15
XM455574,水の精霊,34.290008,136.872428,1,2026/04/17
XM455578,大地の精霊,34.316177,136.872428,2,2026/07/23
XM455578,風の精霊,34.316177,136.872428,2,2026/07/02
XM455587,炎の精霊,34.342338,136.817558,1,2026/06/01
XM455820,大地の精霊,34.342338,136.872428,1,2026/06/05
XM455823,風の精霊,34.355416,136.899863,1,2026/07/20
XM455824,大地の精霊,34.368491,136.872428,1,2026/04/28
XM458584,風の精霊,34.681686,137.530864,1,2026/04/29
XM458585,水の精霊,34.694710,137.503429,1,2026/05/30
XM458585,炎の精霊,34.694710,137.503429,1,2026/07/10
XM458585,風の精霊,34.694710,137.503429,2,2026/07/08
XM458587,炎の精霊,34.694710,137.558299,1,2026/05/29
XM458587,風の精霊,34.694710,137.558299,2,2026/06/08
XM458588,水の精霊,34.707733,137.530864,1,2026/04/21
XM458588,炎の精霊,34.707733,137.530864,1,2026/08/05
XM458764,大地の精霊,34.603498,138.189300,1,2026/07/22
XM458764,風の精霊,34.603498,138.189300,2,2026/06/27
XM458765,大地の精霊,34.616534,138.161866,1,2026/04/14
XM458765,風の精霊,34.616534,138.161866,3,2026/06/17
XM458767,大地の精霊,34.616534,138.216735,1,2026/05/10
XM458768,大地の精霊,34.629569,138.189300,1,2026/07/02
XM458768,水の精霊,34.629569,138.189300,1,2026/06/25
XM458773,風の精霊,34.629569,138.134431,1,2026/04/15
XM458774,大地の精霊,34.642601,138.106996,1,2026/08/05
XM458774,水の精霊,34.642601,138.106996,1,2026/06/16
XM458775,大地の精霊,34.655632,138.079561,1,2026/08/01
XM458775,風の精霊,34.655632,138.079561,1,2026/08/04
XM458777,大地の精霊,34.655632,138.134431,1,2026/07/25
XM458777,炎の精霊,34.655632,138.134431,1,2026/06/26
XM458778,水の精霊,34.668660,138.106996,1,2026/05/03
XM458778,風の精霊,34.668660,138.106996,1,2026/06/07
XM458781,炎の精霊,34.668660,137.997257,1,2026/05/20
XM458783,大地の精霊,34.668660,138.052126,1,2026/07/16
XM458783,風の精霊,34.668660,138.052126,1,2026/04/29
XM458784,大地の精霊,34.681686,138.024691,1,2026/05/15
XM458787,風の精霊,34.694710,138.052126,1,2026/07/01
XM458788,水の精霊,34.707733,138.024691,2,2026/06/26
XM458788,風の精霊,34.707733,138.024691,1,2026/06/14
XM458807,炎の精霊,34.655632,137.805213,1,2026/08/07
XM458807,風の精霊,34.655632,137.805213,2,2026/07/31
XM458808,水の精霊,34.668660,137.777778,2,2026/06/19
XM458808,炎の精霊,34.668660,137.777778,2,2026/07/27
XM458808,風の精霊,34.668660,137.777778,3,2026/06/17
XM458813,大地の精霊,34.668660,137.722908,1,2026/06/28
XM458813,水の精霊,34.668660,137.722908,1,2026/07/16
XM458813,炎の精霊,34.668660,137.722908,2,2026/08/05
XM458813,風の精霊,34.668660,137.722908,1,2026/06/08
XM458814,大地の精霊,34.681686,137.695473,1,2026/05/02
XM458814,水の精霊,34.681686,137.695473,1,2026/06/22
XM458815,大地の精霊,34.694710,137.668038,4,2026/08/06
XM458815,炎の精霊,34.694710,137.668038,1,2026/07/19
XM458817,風の精霊,34.694710,137.722908,1,2026/06/14
XM458818,水の精霊,34.707733,137.695473,1,2026/08/08
XM458818,炎の精霊,34.707733,137.695473,1,2026/07/25
XM458818,風の精霊,34.707733,137.695473,1,2026/06/24
XM458820,風の精霊,34.694710,137.613169,2,2026/07/07
XM458821,風の精霊,34.707733,137.585734,1,2026/05/31
XM458823,大地の精霊,34.707733,137.640604,1,2026/07/31
XM458823,炎の精霊,34.707733,137.640604,1,2026/07/15
XM458823,風の精霊,34.707733,137.640604,1,2026/08/04
XM458827,炎の精霊,34.733771,137.640604,1,2026/06/09
XM458833,大地の精霊,34.668660,137.887517,1,2026/05/01
XM458834,水の精霊,34.681686,137.860082,1,2026/04/16
XM458835,炎の精霊,34.694710,137.832647,1,2026/07/11
XM458835,風の精霊,34.694710,137.832647,1,2026/07/26
XM458840,大地の精霊,34.694710,137.777778,1,2026/06/06
XM458840,風の精霊,34.694710,137.777778,1,2026/06/13
XM458841,炎の精霊,34.707733,137.750343,1,2026/07/17
XM458844,炎の精霊,34.720753,137.777778,1,2026/07/17
XM458848,炎の精霊,34.746787,137.777778,1,2026/08/08
XM458850,炎の精霊,34.733771,137.695473,2,2026/08/02
XM458850,風の精霊,34.733771,137.695473,2,2026/07/25
XM458854,水の精霊,34.759801,137.695473,1,2026/07/09
XM458855,風の精霊,34.772813,137.668038,1,2026/07/31
XM458858,炎の精霊,34.785823,137.695473,2,2026/07/13
XM458860,炎の精霊,34.694710,137.942387,1,2026/05/30
XM458861,炎の精霊,34.707733,137.914952,1,2026/05/02
XM458864,炎の精霊,34.720753,137.942387,2,2026/07/22
XM458864,風の精霊,34.720753,137.942387,1,2026/06/06
XM458865,風の精霊,34.733771,137.914952,1,2026/07/13
XM458868,風の精霊,34.746787,137.942387,1,2026/05/31
XM458870,炎の精霊,34.733771,137.860082,2,2026/06/27
XM458870,風の精霊,34.733771,137.860082,1,2026/04/18
XM458871,水の精霊,34.746787,137.832647,1,2026/06/20
XM458873,大地の精霊,34.746787,137.887517,1,2026/07/20
XM458874,風の精霊,34.759801,137.860082,1,2026/04/28
XM458875,風の精霊,34.772813,137.832647,2,2026/06/17
XM458877,炎の精霊,34.772813,137.887517,1,2026/06/24
XM458877,風の精霊,34.772813,137.887517,1,2026/05/27
XM458878,風の精霊,34.785823,137.860082,1,2026/06/11
XM458883,水の精霊,34.785823,137.805213,1,2026/05/22
XM458888,炎の精霊,34.824840,137.777778,1,2026/08/05
XM481555,風の精霊,34.655632,138.902606,1,2026/05/13
XM481557,大地の精霊,34.655632,138.957476,1,2026/04/18
XM481557,水の精霊,34.655632,138.957476,1,2026/06/13
XM481557,炎の精霊,34.655632,138.957476,1,2026/07/29
XM481558,水の精霊,34.668660,138.930041,1,2026/06/18
XM482111,風の精霊,34.668660,138.161866,1,2026/04/21
XM482114,炎の精霊,34.681686,138.189300,1,2026/07/29
XM482115,水の精霊,34.694710,138.161866,1,2026/06/10
XM482115,風の精霊,34.694710,138.161866,1,2026/07/30
XM482118,大地の精霊,34.707733,138.189300,1,2026/04/18
XM482120,大地の精霊,34.694710,138.106996,1,2026/05/20
XM482120,風の精霊,34.694710,138.106996,1,2026/05/24
XM482121,大地の精霊,34.707733,138.079561,1,2026/05/06
XM482121,水の精霊,34.707733,138.079561,1,2026/08/06
XM482123,大地の精霊,34.707733,138.134431,1,2026/04/13
XM482123,風の精霊,34.707733,138.134431,1,2026/07/06
XM482124,大地の精霊,34.720753,138.106996,1,2026/04/22
XM482124,風の精霊,34.720753,138.106996,1,2026/07/03
XM482127,水の精霊,34.733771,138.134431,1,2026/06/28
XM482128,炎の精霊,34.746787,138.106996,1,2026/06/06
XM482150,大地の精霊,34.733771,138.189300,2,2026/05/16
XM482150,風の精霊,34.733771,138.189300,1,2026/06/05
XM482153,炎の精霊,34.746787,138.216735,1,2026/07/24
XM482153,風の精霊,34.746787,138.216735,1,2026/07/01
XM482154,炎の精霊,34.759801,138.189300,1,2026/06/08
XM482157,炎の精霊,34.772813,138.216735,3,2026/07/13
XM482157,風の精霊,34.772813,138.216735,3,2026/07/31
XM482180,大地の精霊,34.772813,138.271605,1,2026/07/20
XM482180,水の精霊,34.772813,138.271605,1,2026/05/03
XM482184,大地の精霊,34.798830,138.271605,1,2026/05/12
XM482184,風の精霊,34.798830,138.271605,1,2026/06/11
XM482185,炎の精霊,34.811836,138.244170,1,2026/05/14
XM482187,大地の精霊,34.811836,138.299040,1,2026/07/10
XM482187,水の精霊,34.811836,138.299040,1,2026/05/01
XM482188,大地の精霊,34.824840,138.271605,1,2026/07/14
XM482200,炎の精霊,34.733771,138.024691,1,2026/06/16
XM482200,風の精霊,34.733771,138.024691,1,2026/06/29
XM482203,炎の精霊,34.746787,138.052126,2,2026/05/05
XM482203,風の精霊,34.746787,138.052126,2,2026/07/13
XM482204,水の精霊,34.759801,138.024691,1,2026/05/31
XM482204,風の精霊,34.759801,138.024691,2,2026/05/10
XM482205,大地の精霊,34.772813,137.997257,1,2026/07/23
XM482205,炎の精霊,34.772813,137.997257,1,2026/07/12
XM482208,炎の精霊,34.785823,138.024691,1,2026/07/22
XM482211,水の精霊,34.785823,137.914952,1,2026/05/07
XM482213,大地の精霊,34.785823,137.969822,2,2026/07/24
XM482214,水の精霊,34.798830,137.942387,1,2026/06/14
XM482215,水の精霊,34.811836,137.914952,1,2026/08/07
XM482217,炎の精霊,34.811836,137.969822,2,2026/05/15
XM482218,水の精霊,34.824840,137.942387,1,2026/08/04
XM482218,風の精霊,34.824840,137.942387,1,2026/07/08
XM482221,風の精霊,34.824840,137.832647,1,2026/07/28
XM482223,炎の精霊,34.824840,137.887517,1,2026/04/26
XM482224,風の精霊,34.837841,137.860082,1,2026/05/31
XM482225,水の精霊,34.850841,137.832647,1,2026/04/27
XM482225,風の精霊,34.850841,137.832647,1,2026/05/01
XM482230,水の精霊,34.772813,138.106996,1,2026/06/18
XM482231,風の精霊,34.785823,138.079561,1,2026/05/26
XM482233,炎の精霊,34.785823,138.134431,1,2026/07/20
XM482234,水の精霊,34.798830,138.106996,1,2026/05/02
XM482234,風の精霊,34.798830,138.106996,1,2026/04/19
XM482237,風の精霊,34.811836,138.134431,1,2026/06/22
XM482238,水の精霊,34.824840,138.106996,1,2026/07/09
XM482240,水の精霊,34.811836,138.024691,1,2026/08/08
XM482240,風の精霊,34.811836,138.024691,1,2026/06/09
XM482241,風の精霊,34.824840,137.997257,1,2026/07/06
XM482248,水の精霊,34.863839,138.024691,1,2026/04/17
XM482250,風の精霊,34.850841,137.942387,1,2026/07/26
XM482254,水の精霊,34.876834,137.942387,1,2026/07/16
XM482254,炎の精霊,34.876834,137.942387,1,2026/06/03
XM482258,大地の精霊,34.902819,137.942387,1,2026/06/02
XM482258,風の精霊,34.902819,137.942387,1,2026/06/17
XM482261,大地の精霊,34.824840,138.161866,1,2026/07/17
XM482264,風の精霊,34.837841,138.189300,1,2026/08/04
XM482265,炎の精霊,34.850841,138.161866,1,2026/07/11
XM482267,大地の精霊,34.850841,138.216735,1,2026/07/26
XM482267,炎の精霊,34.850841,138.216735,1,2026/05/08
XM482268,大地の精霊,34.863839,138.189300,1,2026/05/20
XM482270,大地の精霊,34.850841,138.106996,1,2026/06/27
XM482273,大地の精霊,34.863839,138.134431,1,2026/07/30
XM482274,風の精霊,34.876834,138.106996,1,2026/06/06
XM482283,水の精霊,34.902819,138.052126,1,2026/04/22
XM482333,水の精霊,34.668660,138.875171,1,2026/05/04
XM482347,水の精霊,34.733771,138.792867,2,2026/08/02
XM482347,風の精霊,34.733771,138.792867,1,2026/06/16
XM482348,大地の精霊,34.746787,138.765432,2,2026/07/14
XM482348,水の精霊,34.746787,138.765432,1,2026/07/26
XM482360,大地の精霊,34.694710,138.930041,1,2026/08/02
XM482364,風の精霊,34.720753,138.930041,1,2026/06/13
XM482365,水の精霊,34.733771,138.902606,1,2026/08/01
XM482380,大地の精霊,34.772813,138.765432,1,2026/06/22
XM482383,大地の精霊,34.785823,138.792867,1,2026/06/01
XM482384,大地の精霊,34.798830,138.765432,2,2026/05/10
XM482384,炎の精霊,34.798830,138.765432,2,2026/07/13
XM482387,水の精霊,34.811836,138.792867,1,2026/05/20
XM482388,炎の精霊,34.824840,138.765432,1,2026/04/22
XM482421,大地の精霊,34.824840,138.326475,1,2026/07/09
XM482421,風の精霊,34.824840,138.326475,3,2026/07/13
XM482425,大地の精霊,34.850841,138.326475,1,2026/08/06
XM482425,風の精霊,34.850841,138.326475,1,2026/06/27
XM482500,炎の精霊,34.850841,138.271605,2,2026/07/24
XM482501,大地の精霊,34.863839,138.244170,1,2026/05/15
XM482501,風の精霊,34.863839,138.244170,1,2026/05/28
XM482503,風の精霊,34.863839,138.299040,1,2026/04/13
XM482505,大地の精霊,34.889828,138.244170,1,2026/05/02
XM482505,炎の精霊,34.889828,138.244170,1,2026/05/02
XM482505,風の精霊,34.889828,138.244170,1,2026/06/10
XM482508,大地の精霊,34.902819,138.271605,2,2026/07/22
XM482508,炎の精霊,34.902819,138.271605,1,2026/04/15
XM482508,風の精霊,34.902819,138.271605,1,2026/05/04
XM482513,炎の精霊,34.902819,138.216735,1,2026/05/19
XM482514,大地の精霊,34.915808,138.189300,1,2026/06/01
XM482514,水の精霊,34.915808,138.189300,1,2026/05/22
XM482514,風の精霊,34.915808,138.189300,6,2026/07/07
XM482517,大地の精霊,34.928796,138.216735,1,2026/04/12
XM482517,炎の精霊,34.928796,138.216735,1,2026/04/12
XM482531,風の精霊,34.902819,138.326475,1,2026/05/05
XM482534,風の精霊,34.915808,138.353909,3,2026/07/28
XM482537,風の精霊,34.928796,138.381344,1,2026/05/07
XM482538,風の精霊,34.941781,138.353909,3,2026/06/13
XM482540,水の精霊,34.928796,138.271605,2,2026/06/28
XM482540,炎の精霊,34.928796,138.271605,4,2026/08/01
XM482540,風の精霊,34.928796,138.271605,3,2026/07/29
XM482561,水の精霊,34.941781,138.408779,2,2026/08/06
XM482564,水の精霊,34.954764,138.436214,2,2026/08/08
XM482564,風の精霊,34.954764,138.436214,1,2026/06/22
XM482565,大地の精霊,34.967745,138.408779,2,2026/07/21
XM482565,水の精霊,34.967745,138.408779,1,2026/04/30
XM482567,炎の精霊,34.967745,138.463649,1,2026/04/14
XM482567,風の精霊,34.967745,138.463649,1,2026/04/12
XM482568,大地の精霊,34.980724,138.436214,1,2026/07/09
XM482568,風の精霊,34.980724,138.436214,2,2026/07/28
XM482570,大地の精霊,34.967745,138.353909,1,2026/05/08
XM482570,風の精霊,34.967745,138.353909,3,2026/07/07
XM482571,大地の精霊,34.980724,138.326475,1,2026/05/29
XM482571,水の精霊,34.980724,138.326475,1,2026/06/26
XM482574,水の精霊,34.993701,138.353909,1,2026/06/25
XM482574,風の精霊,34.993701,138.353909,1,2026/08/06
XM482577,水の精霊,35.006676,138.381344,1,2026/05/04
XM482578,水の精霊,35.019649,138.353909,1,2026/06/26
XM482578,風の精霊,35.019649,138.353909,1,2026/05/06
XM482580,大地の精霊,35.006676,138.271605,1,2026/07/01
XM482580,風の精霊,35.006676,138.271605,2,2026/06/16
XM482585,風の精霊,35.045589,138.244170,1,2026/07/21
XM482604,風の精霊,34.759801,139.012346,1,2026/07/15
XM482607,炎の精霊,34.772813,139.039781,1,2026/07/27
XM482617,風の精霊,34.811836,138.957476,1,2026/05/06
XM482635,水の精霊,34.811836,139.067215,2,2026/06/16
XM482635,風の精霊,34.811836,139.067215,1,2026/07/27
XM482646,風の精霊,34.837841,139.067215,1,2026/06/25
XM482654,炎の精霊,34.876834,138.930041,1,2026/06/21
XM482658,炎の精霊,34.902819,138.930041,1,2026/05/07
XM482674,炎の精霊,34.876834,139.094650,1,2026/06/20
XM482674,風の精霊,34.876834,139.094650,1,2026/07/06
XM482677,大地の精霊,34.889828,139.122085,1,2026/07/18
XM482677,水の精霊,34.889828,139.122085,1,2026/05/22
XM482704,風の精霊,34.876834,138.765432,1,2026/05/31
XM482731,水の精霊,34.902819,138.820302,1,2026/06/15
XM482731,風の精霊,34.902819,138.820302,1,2026/06/14
XM482735,炎の精霊,34.928796,138.820302,1,2026/05/13
XM482761,炎の精霊,34.941781,138.902606,1,2026/04/29
XM482766,炎の精霊,34.954764,138.984911,1,2026/07/24
XM482768,水の精霊,34.980724,138.930041,1,2026/05/05
XM482801,大地の精霊,34.980724,138.491084,1,2026/08/07
XM482801,水の精霊,34.980724,138.491084,1,2026/05/18
XM482804,大地の精霊,34.993701,138.518519,1,2026/08/01
XM482804,水の精霊,34.993701,138.518519,1,2026/07/27
XM482804,風の精霊,34.993701,138.518519,1,2026/06/06
XM482805,水の精霊,35.006676,138.491084,1,2026/05/22
XM482815,大地の精霊,35.045589,138.408779,1,2026/05/14
XM482815,水の精霊,35.045589,138.408779,2,2026/07/02
XM482815,風の精霊,35.045589,138.408779,1,2026/06/08
XM482820,水の精霊,35.045589,138.353909,1,2026/06/22
XM482820,炎の精霊,35.045589,138.353909,1,2026/04/12
XM482820,風の精霊,35.045589,138.353909,1,2026/06/04
XM482840,大地の精霊,35.045589,138.518519,1,2026/06/19
XM482840,炎の精霊,35.045589,138.518519,1,2026/05/10
XM482841,大地の精霊,35.058555,138.491084,1,2026/08/06
XM482841,水の精霊,35.058555,138.491084,1,2026/07/31
XM482844,大地の精霊,35.071520,138.518519,1,2026/04/26
XM482845,大地の精霊,35.084482,138.491084,1,2026/05/14
XM482845,風の精霊,35.084482,138.491084,1,2026/04/30
XM482853,大地の精霊,35.097443,138.463649,1,2026/06/05
XM482853,炎の精霊,35.097443,138.463649,1,2026/08/05
XM482853,風の精霊,35.097443,138.463649,1,2026/07/08
XM482858,炎の精霊,35.136312,138.436214,1,2026/05/18
XM482875,水の精霊,35.123358,138.573388,1,2026/05/11
XM482877,大地の精霊,35.123358,138.628258,1,2026/08/08
XM482877,水の精霊,35.123358,138.628258,3,2026/08/05
XM482877,風の精霊,35.123358,138.628258,1,2026/06/11
XM482883,大地の精霊,35.136312,138.545953,1,2026/05/16
XM482883,水の精霊,35.136312,138.545953,1,2026/04/15
XM482884,大地の精霊,35.149265,138.518519,1,2026/07/30
XM482884,炎の精霊,35.149265,138.518519,1,2026/07/15
XM482887,風の精霊,35.162215,138.545953,1,2026/04/28
XM484537,炎の精霊,34.928796,139.862826,1,2026/07/18
XM484537,風の精霊,34.928796,139.862826,2,2026/07/19
XM484538,水の精霊,34.941781,139.835391,1,2026/07/11
XM484538,風の精霊,34.941781,139.835391,1,2026/06/28
XM484565,大地の精霊,34.967745,139.890261,1,2026/08/08
XM484565,風の精霊,34.967745,139.890261,1,2026/06/14
XM484820,風の精霊,35.045589,139.835391,1,2026/07/26
XM484823,大地の精霊,35.058555,139.862826,1,2026/05/10
XM484827,炎の精霊,35.084482,139.862826,1,2026/05/05
XM484827,風の精霊,35.084482,139.862826,1,2026/07/04
XM484874,水の精霊,35.110401,140.082305,1,2026/06/16
XM484880,大地の精霊,35.123358,140.000000,1,2026/04/30
XM484883,水の精霊,35.136312,140.027435,1,2026/05/05
XM484883,風の精霊,35.136312,140.027435,1,2026/04/25
XM484884,水の精霊,35.149265,140.000000,1,2026/06/27
XM485020,大地の精霊,34.928796,139.094650,1,2026/08/06
XM485020,風の精霊,34.928796,139.094650,4,2026/07/25
XM485023,大地の精霊,34.941781,139.122085,1,2026/05/16
XM485023,水の精霊,34.941781,139.122085,1,2026/04/24
XM485023,風の精霊,34.941781,139.122085,1,2026/06/19
XM485024,水の精霊,34.954764,139.094650,1,2026/04/17
XM485024,炎の精霊,34.954764,139.094650,1,2026/04/28
XM485024,風の精霊,34.954764,139.094650,1,2026/06/27
XM485028,炎の精霊,34.980724,139.094650,1,2026/06/13
XM485114,炎の精霊,35.032620,138.930041,2,2026/07/27
XM485118,大地の精霊,35.058555,138.930041,1,2026/07/10
XM485118,水の精霊,35.058555,138.930041,1,2026/04/20
XM485118,炎の精霊,35.058555,138.930041,1,2026/06/03
XM485118,風の精霊,35.058555,138.930041,1,2026/07/03
XM485123,大地の精霊,35.058555,138.875171,1,2026/05/14
XM485123,水の精霊,35.058555,138.875171,1,2026/07/29
XM485123,炎の精霊,35.058555,138.875171,2,2026/07/24
XM485123,風の精霊,35.058555,138.875171,1,2026/06/23
XM485127,炎の精霊,35.084482,138.875171,1,2026/08/05
XM485127,風の精霊,35.084482,138.875171,1,2026/06/02
XM485128,大地の精霊,35.097443,138.847737,1,2026/07/27
XM485128,風の精霊,35.097443,138.847737,1,2026/05/26
XM485130,大地の精霊,35.006676,139.094650,1,2026/07/16
XM485130,水の精霊,35.006676,139.094650,1,2026/05/22
XM485130,炎の精霊,35.006676,139.094650,1,2026/07/05
XM485143,炎の精霊,35.058555,139.039781,1,2026/05/13
XM485150,大地の精霊,35.084482,138.930041,1,2026/07/14
XM485150,風の精霊,35.084482,138.930041,1,2026/04/23
XM485151,炎の精霊,35.097443,138.902606,1,2026/06/29
XM485153,水の精霊,35.097443,138.957476,1,2026/06/25
XM485153,風の精霊,35.097443,138.957476,2,2026/08/02
XM485154,風の精霊,35.110401,138.930041,2,2026/05/05
XM485155,風の精霊,35.123358,138.902606,1,2026/06/22
XM485157,炎の精霊,35.123358,138.957476,1,2026/04/25
XM485158,大地の精霊,35.136312,138.930041,1,2026/04/12
XM485158,風の精霊,35.136312,138.930041,1,2026/07/26
XM485171,大地の精霊,35.097443,139.067215,3,2026/05/26
XM485171,水の精霊,35.097443,139.067215,2,2026/08/04
XM485171,風の精霊,35.097443,139.067215,1,2026/07/31
XM485178,大地の精霊,35.136312,139.094650,1,2026/06/15
XM485178,炎の精霊,35.136312,139.094650,1,2026/05/29
XM485178,風の精霊,35.136312,139.094650,2,2026/07/26
XM485188,大地の精霊,35.175163,139.012346,1,2026/04/25
XM485207,大地の精霊,35.123358,138.792867,1,2026/05/30
XM485207,炎の精霊,35.123358,138.792867,1,2026/07/25
XM485207,風の精霊,35.123358,138.792867,3,2026/07/13
XM485208,炎の精霊,35.136312,138.765432,2,2026/07/19
XM485208,風の精霊,35.136312,138.765432,1,2026/07/07
XM485211,炎の精霊,35.136312,138.655693,1,2026/06/26
XM485213,風の精霊,35.136312,138.710562,2,2026/06/09
XM485215,風の精霊,35.162215,138.655693,2,2026/07/01
XM485217,炎の精霊,35.162215,138.710562,1,2026/05/28
XM485217,風の精霊,35.162215,138.710562,2,2026/07/06
XM485218,大地の精霊,35.175163,138.683128,1,2026/07/29
XM485218,水の精霊,35.175163,138.683128,1,2026/07/02
XM485218,炎の精霊,35.175163,138.683128,1,2026/06/25
XM485220,水の精霊,35.162215,138.600823,1,2026/05/01
XM485223,風の精霊,35.175163,138.628258,1,2026/07/05
XM485225,水の精霊,35.201053,138.573388,1,2026/05/22
XM485225,風の精霊,35.201053,138.573388,1,2026/06/04
XM485230,水の精霊,35.123358,138.847737,2,2026/05/01
XM485231,風の精霊,35.136312,138.820302,1,2026/05/27
XM485233,炎の精霊,35.136312,138.875171,1,2026/07/23
XM485234,風の精霊,35.149265,138.847737,1,2026/07/22
XM485237,炎の精霊,35.162215,138.875171,3,2026/04/16
XM485240,炎の精霊,35.162215,138.765432,1,2026/07/20
XM485240,風の精霊,35.162215,138.765432,1,2026/06/16
XM485241,炎の精霊,35.175163,138.737997,1,2026/05/16
XM485241,風の精霊,35.175163,138.737997,2,2026/07/09
XM485245,水の精霊,35.201053,138.737997,1,2026/06/15
XM485245,風の精霊,35.201053,138.737997,1,2026/07/04
XM485248,風の精霊,35.213995,138.765432,1,2026/04/13
XM485250,水の精霊,35.201053,138.683128,1,2026/05/22
XM485251,大地の精霊,35.213995,138.655693,1,2026/05/16
XM485251,炎の精霊,35.213995,138.655693,1,2026/05/16
XM485251,風の精霊,35.213995,138.655693,1,2026/07/08
XM485254,風の精霊,35.226935,138.683128,2,2026/07/29
XM485255,風の精霊,35.239873,138.655693,1,2026/07/26
XM485261,大地の精霊,35.175163,138.902606,1,2026/05/28
XM485261,風の精霊,35.175163,138.902606,2,2026/05/04
XM485264,炎の精霊,35.188109,138.930041,1,2026/06/17
XM485265,大地の精霊,35.201053,138.902606,1,2026/08/01
XM485265,炎の精霊,35.201053,138.902606,1,2026/04/17
XM485277,大地の精霊,35.239873,138.875171,1,2026/08/01
XM485277,水の精霊,35.239873,138.875171,1,2026/05/22
XM485278,水の精霊,35.252809,138.847737,2,2026/07/03
XM485278,炎の精霊,35.252809,138.847737,1,2026/06/18
XM485278,風の精霊,35.252809,138.847737,1,2026/05/23
XM485420,大地の精霊,35.162215,139.094650,1,2026/05/25
XM485427,大地の精霊,35.201053,139.122085,1,2026/05/21
XM485427,風の精霊,35.201053,139.122085,2,2026/06/29
XM485455,大地の精霊,35.239873,139.149520,2,2026/08/07
XM485455,水の精霊,35.239873,139.149520,1,2026/07/25
XM485455,炎の精霊,35.239873,139.149520,2,2026/06/11
XM485455,風の精霊,35.239873,139.149520,2,2026/06/13
XM485505,大地の精霊,35.239873,138.984911,2,2026/05/15
XM485507,風の精霊,35.239873,139.039781,4,2026/07/09
XM485510,水の精霊,35.239873,138.930041,1,2026/05/01
XM485511,大地の精霊,35.252809,138.902606,1,2026/07/21
XM485511,炎の精霊,35.252809,138.902606,2,2026/05/12
XM485511,風の精霊,35.252809,138.902606,1,2026/05/29
XM485514,大地の精霊,35.265742,138.930041,1,2026/07/15
XM485514,風の精霊,35.265742,138.930041,1,2026/07/09
XM485515,風の精霊,35.278674,138.902606,4,2026/07/28
XM485518,炎の精霊,35.291604,138.930041,1,2026/05/23
XM485527,炎の精霊,35.317457,138.875171,1,2026/07/26
XM485527,風の精霊,35.317457,138.875171,2,2026/06/29
XM485530,炎の精霊,35.239873,139.094650,1,2026/05/03
XM485530,風の精霊,35.239873,139.094650,2,2026/05/09
XM485533,大地の精霊,35.252809,139.122085,2,2026/07/13
XM485533,水の精霊,35.252809,139.122085,2,2026/06/30
XM485533,炎の精霊,35.252809,139.122085,1,2026/06/20
XM485537,大地の精霊,35.278674,139.122085,1,2026/07/20
XM485537,炎の精霊,35.278674,139.122085,1,2026/07/20
XM485537,風の精霊,35.278674,139.122085,1,2026/06/10
XM485544,風の精霊,35.304531,139.012346,1,2026/06/23
XM485547,大地の精霊,35.317457,139.039781,1,2026/07/10
XM485547,水の精霊,35.317457,139.039781,3,2026/06/15
XM485547,風の精霊,35.317457,139.039781,2,2026/06/19
XM485550,水の精霊,35.317457,138.930041,2,2026/06/12
XM485551,風の精霊,35.330380,138.902606,1,2026/06/30
XM485553,炎の精霊,35.330380,138.957476,1,2026/04/26
XM485553,風の精霊,35.330380,138.957476,1,2026/06/07
XM485554,大地の精霊,35.343301,138.930041,1,2026/07/18
XM485555,風の精霊,35.356221,138.902606,2,2026/04/30
XM485558,風の精霊,35.369138,138.930041,2,2026/07/17
XM485560,風の精霊,35.278674,139.176955,3,2026/04/18
XM485561,水の精霊,35.291604,139.149520,1,2026/06/08
XM485561,風の精霊,35.291604,139.149520,1,2026/05/31
XM485563,水の精霊,35.291604,139.204390,1,2026/07/04
XM485564,風の精霊,35.304531,139.176955,1,2026/05/06
XM485565,風の精霊,35.317457,139.149520,2,2026/07/30
XM485568,炎の精霊,35.330380,139.176955,1,2026/05/01
XM485571,大地の精霊,35.330380,139.067215,1,2026/05/10
XM485571,炎の精霊,35.330380,139.067215,1,2026/05/10
XM485571,風の精霊,35.330380,139.067215,1,2026/07/08
XM485575,炎の精霊,35.356221,139.067215,1,2026/04/26
XM485577,風の精霊,35.356221,139.122085,1,2026/05/23
XM485578,炎の精霊,35.369138,139.094650,1,2026/04/12
XM485578,風の精霊,35.369138,139.094650,1,2026/06/01
XM485580,大地の精霊,35.356221,139.012346,1,2026/07/16
XM485580,風の精霊,35.356221,139.012346,1,2026/07/12
XM485581,大地の精霊,35.369138,138.984911,1,2026/05/16
XM485583,炎の精霊,35.369138,139.039781,2,2026/07/22
XM485614,炎の精霊,35.149265,139.670782,2,2026/07/15
XM485615,大地の精霊,35.162215,139.643347,1,2026/08/08
XM485615,水の精霊,35.162215,139.643347,1,2026/05/01
XM485615,炎の精霊,35.162215,139.643347,1,2026/07/10
XM485615,風の精霊,35.162215,139.643347,2,2026/06/30
XM485623,水の精霊,35.175163,139.615912,1,2026/07/18
XM485623,炎の精霊,35.175163,139.615912,3,2026/07/10
XM485627,大地の精霊,35.201053,139.615912,1,2026/06/08
XM485627,水の精霊,35.201053,139.615912,1,2026/07/15
XM485627,炎の精霊,35.201053,139.615912,2,2026/06/13
XM485627,風の精霊,35.201053,139.615912,2,2026/07/01
XM485630,炎の精霊,35.123358,139.835391,1,2026/05/27
XM485630,風の精霊,35.123358,139.835391,2,2026/05/31
XM485633,風の精霊,35.136312,139.862826,1,2026/04/12
XM485650,大地の精霊,35.201053,139.670782,1,2026/05/26
XM485650,水の精霊,35.201053,139.670782,1,2026/06/03
XM485653,風の精霊,35.213995,139.698217,2,2026/07/12
XM485654,大地の精霊,35.226935,139.670782,2,2026/08/04
XM485654,炎の精霊,35.226935,139.670782,1,2026/05/30
XM485668,炎の精霊,35.213995,139.917695,1,2026/06/05
XM485670,水の精霊,35.201053,139.835391,1,2026/06/29
XM485670,風の精霊,35.201053,139.835391,1,2026/06/01
XM485681,大地の精霊,35.252809,139.725652,2,2026/07/19
XM485681,水の精霊,35.252809,139.725652,1,2026/08/05
XM485681,風の精霊,35.252809,139.725652,2,2026/07/22
XM485725,大地の精霊,35.317457,139.314129,1,2026/07/22
XM485725,炎の精霊,35.317457,139.314129,1,2026/05/26
XM485725,風の精霊,35.317457,139.314129,2,2026/07/12
XM485727,炎の精霊,35.317457,139.368999,1,2026/06/18
XM485728,大地の精霊,35.330380,139.341564,2,2026/05/23
XM485728,水の精霊,35.330380,139.341564,1,2026/08/07
XM485728,炎の精霊,35.330380,139.341564,2,2026/07/18
XM485733,大地の精霊,35.252809,139.615912,1,2026/05/13
XM485734,大地の精霊,35.265742,139.588477,2,2026/06/24
XM485734,炎の精霊,35.265742,139.588477,1,2026/06/17
XM485734,風の精霊,35.265742,139.588477,4,2026/06/19
XM485738,大地の精霊,35.291604,139.588477,1,2026/05/19
XM485738,水の精霊,35.291604,139.588477,2,2026/07/05
XM485738,炎の精霊,35.291604,139.588477,1,2026/07/21
XM485738,風の精霊,35.291604,139.588477,2,2026/07/08
XM485744,大地の精霊,35.304531,139.506173,1,2026/05/27
XM485745,炎の精霊,35.317457,139.478738,2,2026/08/06
XM485747,炎の精霊,35.317457,139.533608,1,2026/08/03
XM485748,炎の精霊,35.330380,139.506173,2,2026/05/22
XM485750,風の精霊,35.317457,139.423868,2,2026/05/06
XM485753,大地の精霊,35.330380,139.451303,2,2026/05/26
XM485753,炎の精霊,35.330380,139.451303,1,2026/04/28
XM485754,水の精霊,35.343301,139.423868,2,2026/06/15
XM485755,炎の精霊,35.356221,139.396433,1,2026/07/25
XM485757,炎の精霊,35.356221,139.451303,2,2026/07/27
XM485760,大地の精霊,35.278674,139.670782,1,2026/05/29
XM485760,水の精霊,35.278674,139.670782,1,2026/06/15
XM485760,炎の精霊,35.278674,139.670782,1,2026/08/02
XM485761,大地の精霊,35.291604,139.643347,1,2026/07/02
XM485761,風の精霊,35.291604,139.643347,2,2026/06/22
XM485765,炎の精霊,35.317457,139.643347,1,2026/04/24
XM485771,大地の精霊,35.330380,139.561043,1,2026/07/27
XM485771,水の精霊,35.330380,139.561043,1,2026/04/17
XM485773,大地の精霊,35.330380,139.615912,2,2026/07/14
XM485774,水の精霊,35.343301,139.588477,1,2026/06/20
XM485774,風の精霊,35.343301,139.588477,1,2026/06/21
XM485775,炎の精霊,35.356221,139.561043,1,2026/07/16
XM485777,水の精霊,35.356221,139.615912,1,2026/06/05
XM485778,大地の精霊,35.369138,139.588477,1,2026/07/13
XM485778,炎の精霊,35.369138,139.588477,1,2026/04/22
XM485780,大地の精霊,35.356221,139.506173,1,2026/07/15
XM485781,炎の精霊,35.369138,139.478738,1,2026/04/22
XM485783,風の精霊,35.369138,139.533608,1,2026/06/28
XM485785,水の精霊,35.394966,139.478738,2,2026/07/08
XM485785,風の精霊,35.394966,139.478738,1,2026/05/02
XM485787,大地の精霊,35.394966,139.533608,2,2026/05/12
XM485787,水の精霊,35.394966,139.533608,1,2026/08/03
XM485788,風の精霊,35.407877,139.506173,2,2026/07/12
XM485800,炎の精霊,35.317457,139.259259,1,2026/08/04
XM485801,風の精霊,35.330380,139.231824,2,2026/06/14
XM485803,炎の精霊,35.330380,139.286694,1,2026/05/02
XM485808,大地の精霊,35.369138,139.259259,1,2026/05/25
XM485808,水の精霊,35.369138,139.259259,2,2026/06/03
XM485813,炎の精霊,35.369138,139.204390,1,2026/04/28
XM485814,水の精霊,35.382053,139.176955,1,2026/06/26
XM485814,風の精霊,35.382053,139.176955,1,2026/06/06
XM485817,大地の精霊,35.394966,139.204390,1,2026/06/30
XM485817,水の精霊,35.394966,139.204390,1,2026/07/05
XM485817,風の精霊,35.394966,139.204390,1,2026/05/30
XM485818,大地の精霊,35.407877,139.176955,1,2026/07/17
XM485818,水の精霊,35.407877,139.176955,1,2026/07/18
XM485830,水の精霊,35.356221,139.341564,2,2026/07/10
XM485830,炎の精霊,35.356221,139.341564,2,2026/07/13
XM485833,水の精霊,35.369138,139.368999,3,2026/07/05
XM485833,炎の精霊,35.369138,139.368999,1,2026/07/06
XM485835,風の精霊,35.394966,139.314129,1,2026/06/16
XM485837,大地の精霊,35.394966,139.368999,1,2026/06/12
XM485837,水の精霊,35.394966,139.368999,1,2026/04/21
XM485838,風の精霊,35.407877,139.341564,2,2026/06/29
XM485841,炎の精霊,35.407877,139.231824,2,2026/05/24
XM485841,風の精霊,35.407877,139.231824,3,2026/08/05
XM485843,大地の精霊,35.407877,139.286694,1,2026/05/16
XM485843,水の精霊,35.407877,139.286694,1,2026/04/24
XM485843,風の精霊,35.407877,139.286694,1,2026/06/07
XM485844,炎の精霊,35.420786,139.259259,1,2026/06/05
XM485860,大地の精霊,35.394966,139.423868,1,2026/05/18
XM485860,炎の精霊,35.394966,139.423868,1,2026/05/18
XM485861,風の精霊,35.407877,139.396433,3,2026/06/30
XM485863,大地の精霊,35.407877,139.451303,1,2026/06/17
XM485864,風の精霊,35.420786,139.423868,1,2026/05/15
XM485865,風の精霊,35.433693,139.396433,1,2026/05/25
XM485867,炎の精霊,35.433693,139.451303,2,2026/07/29
XM485867,風の精霊,35.433693,139.451303,1,2026/05/08
XM485868,炎の精霊,35.446598,139.423868,2,2026/05/24
XM485868,風の精霊,35.446598,139.423868,1,2026/05/03
XM485870,水の精霊,35.433693,139.341564,2,2026/06/11
XM485870,風の精霊,35.433693,139.341564,4,2026/08/02
XM485873,水の精霊,35.446598,139.368999,1,2026/05/29
XM485875,風の精霊,35.472401,139.314129,1,2026/07/04
XM485877,水の精霊,35.472401,139.368999,1,2026/07/16
XM485877,風の精霊,35.472401,139.368999,1,2026/04/30
XM485883,炎の精霊,35.485300,139.286694,1,2026/07/29
XM485883,風の精霊,35.485300,139.286694,2,2026/07/09
XM485884,風の精霊,35.498196,139.259259,1,2026/05/25
XM485887,水の精霊,35.511091,139.286694,1,2026/06/25
XM485887,炎の精霊,35.511091,139.286694,1,2026/07/14
XM485887,風の精霊,35.511091,139.286694,2,2026/06/29
XM487208,水の精霊,35.136312,140.246914,3,2026/07/12
XM487208,風の精霊,35.136312,140.246914,1,2026/08/04
XM487210,風の精霊,35.123358,140.164609,1,2026/05/24
XM487234,風の精霊,35.149265,140.329218,2,2026/05/27
XM487238,大地の精霊,35.175163,140.329218,1,2026/04/15
XM487270,大地の精霊,35.201053,140.329218,1,2026/06/17
XM487270,風の精霊,35.201053,140.329218,1,2026/05/31
XM487276,大地の精霊,35.226935,140.384088,1,2026/06/25
XM487277,大地の精霊,35.239873,140.356653,1,2026/08/08
XM487287,水の精霊,35.278674,140.274348,1,2026/04/14
XM487287,炎の精霊,35.278674,140.274348,1,2026/06/05
XM487287,風の精霊,35.278674,140.274348,1,2026/06/22
XM487288,風の精霊,35.291604,140.246914,1,2026/07/17
XM487511,風の精霊,35.252809,140.384088,1,2026/05/31
XM487515,大地の精霊,35.278674,140.384088,2,2026/06/03
XM487515,炎の精霊,35.278674,140.384088,1,2026/07/26
XM487515,風の精霊,35.278674,140.384088,1,2026/06/11
XM487524,水の精霊,35.304531,140.329218,1,2026/05/01
XM487528,風の精霊,35.330380,140.329218,1,2026/04/15
XM487550,大地の精霊,35.317457,140.411523,1,2026/04/23
XM487550,水の精霊,35.317457,140.411523,1,2026/04/27
XM487551,水の精霊,35.330380,140.384088,1,2026/05/06
XM487555,大地の精霊,35.356221,140.384088,1,2026/07/07
XM487555,水の精霊,35.356221,140.384088,1,2026/07/26
XM487555,炎の精霊,35.356221,140.384088,1,2026/06/21
XM487555,風の精霊,35.356221,140.384088,3,2026/06/29
XM488004,大地の精霊,35.226935,140.000000,1,2026/05/31
XM488005,風の精霊,35.239873,139.972565,1,2026/04/17
XM488008,炎の精霊,35.252809,140.000000,1,2026/06/20
XM488008,風の精霊,35.252809,140.000000,1,2026/06/02
XM488011,水の精霊,35.252809,139.890261,1,2026/07/29
XM488014,風の精霊,35.265742,139.917695,1,2026/05/09
XM488023,大地の精霊,35.291604,139.862826,1,2026/06/07
XM488025,炎の精霊,35.317457,139.807956,1,2026/06/13
XM488028,大地の精霊,35.330380,139.835391,1,2026/07/09
XM488028,風の精霊,35.330380,139.835391,1,2026/07/01
XM488031,水の精霊,35.252809,140.054870,1,2026/07/10
XM488035,水の精霊,35.278674,140.054870,1,2026/05/11
XM488035,風の精霊,35.278674,140.054870,1,2026/06/04
XM488040,大地の精霊,35.278674,140.000000,1,2026/05/13
XM488044,大地の精霊,35.304531,140.000000,1,2026/05/14
XM488044,風の精霊,35.304531,140.000000,1,2026/05/06
XM488047,風の精霊,35.317457,140.027435,1,2026/05/07
XM488048,大地の精霊,35.330380,140.000000,1,2026/07/22
XM488048,炎の精霊,35.330380,140.000000,1,2026/07/22
XM488050,大地の精霊,35.317457,139.917695,1,2026/07/13
XM488050,風の精霊,35.317457,139.917695,1,2026/05/07
XM488051,炎の精霊,35.330380,139.890261,1,2026/07/20
XM488053,風の精霊,35.330380,139.945130,2,2026/06/19
XM488054,風の精霊,35.343301,139.917695,1,2026/04/30
XM488055,大地の精霊,35.356221,139.890261,1,2026/07/28
XM488055,風の精霊,35.356221,139.890261,1,2026/05/24
XM488061,風の精霊,35.291604,140.137174,1,2026/04/29
XM488071,水の精霊,35.330380,140.054870,1,2026/05/30
XM488071,風の精霊,35.330380,140.054870,1,2026/06/07
XM488075,大地の精霊,35.356221,140.054870,3,2026/07/15
XM488075,風の精霊,35.356221,140.054870,1,2026/07/09
XM488078,風の精霊,35.369138,140.082305,1,2026/06/24
XM488083,大地の精霊,35.369138,140.027435,2,2026/05/12
XM488084,大地の精霊,35.382053,140.000000,1,2026/05/24
XM488084,炎の精霊,35.382053,140.000000,1,2026/04/19
XM488084,風の精霊,35.382053,140.000000,1,2026/05/16
XM488088,炎の精霊,35.407877,140.000000,1,2026/05/27
XM488088,風の精霊,35.407877,140.000000,2,2026/07/25
XM488111,大地の精霊,35.369138,139.643347,1,2026/05/02
XM488111,風の精霊,35.369138,139.643347,4,2026/08/05
XM488118,炎の精霊,35.407877,139.670782,1,2026/04/30
XM488118,風の精霊,35.407877,139.670782,4,2026/07/26
XM488121,大地の精霊,35.407877,139.561043,1,2026/06/01
XM488121,水の精霊,35.407877,139.561043,1,2026/05/22
XM488121,炎の精霊,35.407877,139.561043,1,2026/06/01
XM488121,風の精霊,35.407877,139.561043,1,2026/07/28
XM488123,風の精霊,35.407877,139.615912,1,2026/04/14
XM488124,水の精霊,35.420786,139.588477,1,2026/05/30
XM488125,風の精霊,35.433693,139.561043,1,2026/06/28
XM488127,水の精霊,35.433693,139.615912,1,2026/05/31
XM488127,風の精霊,35.433693,139.615912,1,2026/04/18
XM488128,風の精霊,35.446598,139.588477,1,2026/06/09
XM488151,風の精霊,35.446598,139.643347,2,2026/07/13
XM488154,風の精霊,35.459500,139.670782,1,2026/07/25
XM488155,水の精霊,35.472401,139.643347,1,2026/07/15
XM488155,炎の精霊,35.472401,139.643347,1,2026/07/23
XM488160,風の精霊,35.394966,139.917695,1,2026/07/03
XM488163,水の精霊,35.407877,139.945130,2,2026/07/07
XM488163,風の精霊,35.407877,139.945130,4,2026/08/04
XM488167,水の精霊,35.433693,139.945130,1,2026/07/10
XM488184,水の精霊,35.498196,139.753086,1,2026/07/02
XM488184,風の精霊,35.498196,139.753086,3,2026/07/04
XM488185,大地の精霊,35.511091,139.725652,1,2026/05/17
XM488200,風の精霊,35.433693,139.506173,1,2026/08/08
XM488201,風の精霊,35.446598,139.478738,1,2026/07/28
XM488205,風の精霊,35.472401,139.478738,1,2026/05/04
XM488207,炎の精霊,35.472401,139.533608,1,2026/05/07
XM488208,風の精霊,35.485300,139.506173,1,2026/07/11
XM488213,大地の精霊,35.485300,139.451303,1,2026/07/23
XM488220,炎の精霊,35.511091,139.341564,1,2026/06/14
XM488221,風の精霊,35.523983,139.314129,2,2026/07/07
XM488224,炎の精霊,35.536873,139.341564,1,2026/06/17
XM488225,風の精霊,35.549761,139.314129,1,2026/05/31
XM488227,水の精霊,35.549761,139.368999,1,2026/05/15
XM488228,水の精霊,35.562648,139.341564,2,2026/07/17
XM488231,水の精霊,35.485300,139.561043,1,2026/05/15
XM488234,大地の精霊,35.498196,139.588477,1,2026/07/16
XM488234,水の精霊,35.498196,139.588477,1,2026/07/11
XM488234,炎の精霊,35.498196,139.588477,1,2026/05/13
XM488234,風の精霊,35.498196,139.588477,1,2026/06/18
XM488235,炎の精霊,35.511091,139.561043,1,2026/07/14
XM488237,大地の精霊,35.511091,139.615912,1,2026/07/30
XM488237,炎の精霊,35.511091,139.615912,1,2026/07/30
XM488238,風の精霊,35.523983,139.588477,1,2026/05/10
XM488240,大地の精霊,35.511091,139.506173,1,2026/07/15
XM488240,水の精霊,35.511091,139.506173,1,2026/05/21
XM488241,炎の精霊,35.523983,139.478738,1,2026/08/06
XM488243,炎の精霊,35.523983,139.533608,1,2026/05/02
XM488244,大地の精霊,35.536873,139.506173,1,2026/07/01
XM488244,炎の精霊,35.536873,139.506173,3,2026/07/14
XM488247,水の精霊,35.549761,139.533608,1,2026/06/22
XM488248,水の精霊,35.562648,139.506173,1,2026/04/14
XM488250,大地の精霊,35.549761,139.423868,1,2026/05/12
XM488251,炎の精霊,35.562648,139.396433,1,2026/05/07
XM488251,風の精霊,35.562648,139.396433,1,2026/07/24
XM488253,水の精霊,35.562648,139.451303,2,2026/06/15
XM488253,炎の精霊,35.562648,139.451303,1,2026/04/28
XM488255,風の精霊,35.588414,139.396433,1,2026/07/19
XM488257,水の精霊,35.588414,139.451303,1,2026/05/01
XM488257,風の精霊,35.588414,139.451303,1,2026/04/29
XM488260,風の精霊,35.511091,139.670782,1,2026/06/14
XM488261,風の精霊,35.523983,139.643347,1,2026/07/07
XM488263,水の精霊,35.523983,139.698217,1,2026/06/16
XM488263,風の精霊,35.523983,139.698217,1,2026/05/07
XM488265,大地の精霊,35.549761,139.643347,1,2026/08/01
XM488265,水の精霊,35.549761,139.643347,2,2026/05/05
XM488265,炎の精霊,35.549761,139.643347,1,2026/04/28
XM488267,大地の精霊,35.549761,139.698217,1,2026/04/21
XM488267,風の精霊,35.549761,139.698217,1,2026/06/11
XM488268,水の精霊,35.562648,139.670782,1,2026/05/21
XM488268,風の精霊,35.562648,139.670782,2,2026/07/18
XM488270,大地の精霊,35.549761,139.588477,1,2026/06/19
XM488271,大地の精霊,35.562648,139.561043,2,2026/04/17
XM488271,水の精霊,35.562648,139.561043,2,2026/06/03
XM488271,風の精霊,35.562648,139.561043,1,2026/07/07
XM488273,大地の精霊,35.562648,139.615912,2,2026/07/16
XM488274,風の精霊,35.575532,139.588477,2,2026/04/12
XM488275,大地の精霊,35.588414,139.561043,2,2026/05/10
XM488275,炎の精霊,35.588414,139.561043,2,2026/05/13
XM488277,大地の精霊,35.588414,139.615912,1,2026/05/18
XM488280,大地の精霊,35.588414,139.506173,4,2026/05/28
XM488283,水の精霊,35.601294,139.533608,2,2026/06/18
XM488287,水の精霊,35.627047,139.533608,1,2026/06/25
XM488287,炎の精霊,35.627047,139.533608,1,2026/07/04
XM488288,炎の精霊,35.639921,139.506173,1,2026/05/13
XM488300,炎の精霊,35.317457,140.246914,1,2026/05/14
XM488304,風の精霊,35.343301,140.246914,1,2026/05/27
XM488308,水の精霊,35.369138,140.246914,1,2026/07/06
XM488310,大地の精霊,35.356221,140.164609,1,2026/06/10
XM488310,炎の精霊,35.356221,140.164609,1,2026/06/16
XM488313,炎の精霊,35.369138,140.192044,1,2026/07/21
XM488315,炎の精霊,35.394966,140.137174,1,2026/07/14
XM488320,大地の精霊,35.394966,140.082305,1,2026/05/19
XM488320,水の精霊,35.394966,140.082305,2,2026/06/18
XM488321,炎の精霊,35.407877,140.054870,1,2026/07/23
XM488321,風の精霊,35.407877,140.054870,1,2026/06/06
XM488323,風の精霊,35.407877,140.109739,1,2026/04/28
XM488327,風の精霊,35.433693,140.109739,1,2026/07/13
XM488333,風の精霊,35.369138,140.356653,1,2026/06/23
XM488335,風の精霊,35.394966,140.301783,1,2026/06/06
XM488337,大地の精霊,35.394966,140.356653,1,2026/08/06
XM488337,風の精霊,35.394966,140.356653,1,2026/05/07
XM488338,水の精霊,35.407877,140.329218,1,2026/05/24
XM488338,風の精霊,35.407877,140.329218,1,2026/07/09
XM488340,大地の精霊,35.394966,140.246914,1,2026/05/12
XM488340,風の精霊,35.394966,140.246914,1,2026/04/19
XM488343,水の精霊,35.407877,140.274348,1,2026/06/05
XM488343,炎の精霊,35.407877,140.274348,1,2026/06/05
XM488344,風の精霊,35.420786,140.246914,1,2026/06/11
XM488345,大地の精霊,35.433693,140.219479,1,2026/07/25
XM488345,風の精霊,35.433693,140.219479,2,2026/07/27
XM488347,風の精霊,35.433693,140.274348,1,2026/08/07
XM488351,大地の精霊,35.446598,140.137174,1,2026/05/15
XM488353,大地の精霊,35.446598,140.192044,1,2026/07/10
XM488355,炎の精霊,35.472401,140.137174,1,2026/06/29
XM488361,風の精霊,35.407877,140.384088,2,2026/07/04
XM488365,炎の精霊,35.433693,140.384088,1,2026/07/19
XM488365,風の精霊,35.433693,140.384088,2,2026/08/02
XM488371,大地の精霊,35.446598,140.301783,1,2026/05/30
XM488371,炎の精霊,35.446598,140.301783,1,2026/06/13
XM488377,炎の精霊,35.472401,140.356653,1,2026/07/20
XM488377,風の精霊,35.472401,140.356653,1,2026/05/26
XM488378,風の精霊,35.485300,140.329218,1,2026/05/05
XM488385,風の精霊,35.511091,140.219479,1,2026/05/18
XM488387,大地の精霊,35.511091,140.274348,1,2026/07/22
XM488387,炎の精霊,35.511091,140.274348,1,2026/07/26
XM488388,大地の精霊,35.523983,140.246914,1,2026/05/11
XM488400,風の精霊,35.433693,140.000000,3,2026/07/09
XM488401,大地の精霊,35.446598,139.972565,1,2026/06/13
XM488401,風の精霊,35.446598,139.972565,3,2026/06/22
XM488403,大地の精霊,35.446598,140.027435,1,2026/04/14
XM488404,大地の精霊,35.459500,140.000000,1,2026/06/16
XM488404,炎の精霊,35.459500,140.000000,5,2026/08/08
XM488404,風の精霊,35.459500,140.000000,2,2026/06/28
XM488407,炎の精霊,35.472401,140.027435,1,2026/06/17
XM488407,風の精霊,35.472401,140.027435,1,2026/07/18
XM488430,水の精霊,35.472401,140.082305,1,2026/05/12
XM488430,炎の精霊,35.472401,140.082305,1,2026/04/27
XM488430,風の精霊,35.472401,140.082305,3,2026/06/25
XM488431,大地の精霊,35.485300,140.054870,1,2026/07/19
XM488431,風の精霊,35.485300,140.054870,1,2026/06/11
XM488437,大地の精霊,35.511091,140.109739,1,2026/04/17
XM488437,炎の精霊,35.511091,140.109739,1,2026/04/17
XM488461,水の精霊,35.523983,140.137174,2,2026/05/22
XM488461,炎の精霊,35.523983,140.137174,1,2026/07/15
XM488464,大地の精霊,35.536873,140.164609,1,2026/05/09
XM488465,大地の精霊,35.549761,140.137174,1,2026/07/29
XM488465,風の精霊,35.549761,140.137174,2,2026/08/05
XM488467,大地の精霊,35.549761,140.192044,1,2026/07/30
XM488467,風の精霊,35.549761,140.192044,1,2026/06/07
XM488468,水の精霊,35.562648,140.164609,1,2026/07/12
XM488468,炎の精霊,35.562648,140.164609,2,2026/07/21
XM488473,水の精霊,35.562648,140.109739,2,2026/07/01
XM488473,風の精霊,35.562648,140.109739,3,2026/06/26
XM488478,水の精霊,35.601294,140.082305,1,2026/04/16
XM488478,炎の精霊,35.601294,140.082305,1,2026/06/13
XM488478,風の精霊,35.601294,140.082305,2,2026/04/13
XM488501,炎の精霊,35.562648,139.725652,1,2026/06/01
XM488501,風の精霊,35.562648,139.725652,2,2026/08/03
XM488503,大地の精霊,35.562648,139.780521,1,2026/04/18
XM488504,水の精霊,35.575532,139.753086,3,2026/08/06
XM488508,風の精霊,35.601294,139.753086,2,2026/05/17
XM488513,炎の精霊,35.601294,139.698217,1,2026/04/30
XM488515,大地の精霊,35.627047,139.643347,1,2026/06/30
XM488517,大地の精霊,35.627047,139.698217,1,2026/08/08
XM488517,炎の精霊,35.627047,139.698217,2,2026/08/02
XM488518,大地の精霊,35.639921,139.670782,1,2026/04/22
XM488518,風の精霊,35.639921,139.670782,1,2026/04/29
XM488520,炎の精霊,35.627047,139.588477,1,2026/05/08
XM488520,風の精霊,35.627047,139.588477,2,2026/07/09
XM488524,風の精霊,35.652793,139.588477,2,2026/07/26
XM488525,大地の精霊,35.665662,139.561043,1,2026/06/02
XM488525,風の精霊,35.665662,139.561043,3,2026/07/27
XM488527,水の精霊,35.665662,139.615912,1,2026/05/31
XM488527,炎の精霊,35.665662,139.615912,1,2026/05/24
XM488528,大地の精霊,35.678530,139.588477,2,2026/08/02
XM488528,風の精霊,35.678530,139.588477,1,2026/07/08
XM488531,大地の精霊,35.601294,139.807956,1,2026/06/23
XM488531,水の精霊,35.601294,139.807956,1,2026/07/07
XM488531,風の精霊,35.601294,139.807956,2,2026/07/12
XM488534,大地の精霊,35.614172,139.835391,1,2026/08/04
XM488534,水の精霊,35.614172,139.835391,1,2026/05/13
XM488534,風の精霊,35.614172,139.835391,2,2026/07/19
XM488538,風の精霊,35.639921,139.835391,3,2026/07/31
XM488540,水の精霊,35.627047,139.753086,1,2026/06/27
XM488540,炎の精霊,35.627047,139.753086,2,2026/06/21
XM488541,大地の精霊,35.639921,139.725652,1,2026/04/21
XM488541,炎の精霊,35.639921,139.725652,2,2026/07/13
XM488541,風の精霊,35.639921,139.725652,1,2026/05/19
XM488543,水の精霊,35.639921,139.780521,2,2026/06/05
XM488543,炎の精霊,35.639921,139.780521,1,2026/04/14
XM488544,大地の精霊,35.652793,139.753086,1,2026/05/28
XM488545,大地の精霊,35.665662,139.725652,2,2026/06/17
XM488545,炎の精霊,35.665662,139.725652,2,2026/04/15
XM488545,風の精霊,35.665662,139.725652,1,2026/07/27
XM488547,水の精霊,35.665662,139.780521,1,2026/05/01
XM488547,風の精霊,35.665662,139.780521,2,2026/04/17
XM488548,炎の精霊,35.678530,139.753086,1,2026/04/25
XM488551,水の精霊,35.678530,139.643347,1,2026/05/22
XM488551,風の精霊,35.678530,139.643347,1,2026/07/25
XM488553,風の精霊,35.678530,139.698217,1,2026/05/05
XM488554,大地の精霊,35.691395,139.670782,2,2026/05/02
XM488558,風の精霊,35.717120,139.670782,1,2026/06/20
XM488560,大地の精霊,35.627047,139.917695,1,2026/07/11
XM488560,風の精霊,35.627047,139.917695,1,2026/06/06
XM488564,水の精霊,35.652793,139.917695,1,2026/07/28
XM488564,風の精霊,35.652793,139.917695,1,2026/06/19
XM488565,大地の精霊,35.665662,139.890261,1,2026/07/29
XM488565,水の精霊,35.665662,139.890261,1,2026/04/17
XM488568,大地の精霊,35.678530,139.917695,3,2026/05/16
XM488568,炎の精霊,35.678530,139.917695,1,2026/04/14
XM488568,風の精霊,35.678530,139.917695,1,2026/05/25
XM488573,大地の精霊,35.678530,139.862826,2,2026/04/28
XM488573,炎の精霊,35.678530,139.862826,1,2026/04/20
XM488573,風の精霊,35.678530,139.862826,2,2026/08/05
XM488574,炎の精霊,35.691395,139.835391,1,2026/07/06
XM488580,大地の精霊,35.704259,139.753086,1,2026/05/31
XM488580,風の精霊,35.704259,139.753086,1,2026/04/13
XM488583,大地の精霊,35.717120,139.780521,1,2026/05/26
XM488583,風の精霊,35.717120,139.780521,2,2026/07/24
XM488585,風の精霊,35.742836,139.725652,1,2026/06/16
XM488587,大地の精霊,35.742836,139.780521,1,2026/07/08
XM488587,炎の精霊,35.742836,139.780521,1,2026/07/08
XM488610,水の精霊,35.472401,140.411523,1,2026/04/22
XM488610,風の精霊,35.472401,140.411523,1,2026/08/05
XM488611,大地の精霊,35.485300,140.384088,1,2026/07/25
XM488611,風の精霊,35.485300,140.384088,1,2026/04/23
XM488615,大地の精霊,35.511091,140.384088,1,2026/04/26
XM488615,水の精霊,35.511091,140.384088,1,2026/07/15
XM488617,風の精霊,35.511091,140.438957,1,2026/08/05
XM488620,炎の精霊,35.511091,140.329218,1,2026/06/05
XM488621,水の精霊,35.523983,140.301783,1,2026/06/20
XM488621,風の精霊,35.523983,140.301783,1,2026/04/30
XM488624,水の精霊,35.536873,140.329218,2,2026/07/10
XM488624,風の精霊,35.536873,140.329218,1,2026/05/29
XM488625,風の精霊,35.549761,140.301783,2,2026/07/05
XM488628,風の精霊,35.562648,140.329218,1,2026/05/07
XM488645,大地の精霊,35.549761,140.466392,3,2026/08/01
XM488645,水の精霊,35.549761,140.466392,1,2026/08/07
XM488645,炎の精霊,35.549761,140.466392,2,2026/06/19
XM488645,風の精霊,35.549761,140.466392,1,2026/07/12
XM488650,炎の精霊,35.549761,140.411523,1,2026/07/24
XM488651,風の精霊,35.562648,140.384088,2,2026/08/03
XM488653,炎の精霊,35.562648,140.438957,1,2026/08/06
XM488653,風の精霊,35.562648,140.438957,1,2026/07/11
XM488654,風の精霊,35.575532,140.411523,1,2026/06/30
XM488655,炎の精霊,35.588414,140.384088,1,2026/05/20
XM488655,風の精霊,35.588414,140.384088,3,2026/04/13
XM488657,風の精霊,35.588414,140.438957,1,2026/08/04
XM488658,水の精霊,35.601294,140.411523,1,2026/06/22
XM488658,風の精霊,35.601294,140.411523,1,2026/06/24
XM488680,炎の精霊,35.588414,140.493827,1,2026/07/14
XM488680,風の精霊,35.588414,140.493827,1,2026/07/13
XM488681,炎の精霊,35.601294,140.466392,2,2026/07/26
XM488681,風の精霊,35.601294,140.466392,1,2026/06/28
XM488685,炎の精霊,35.627047,140.466392,2,2026/05/16
XM488701,大地の精霊,35.562648,140.219479,1,2026/04/22
XM488707,水の精霊,35.588414,140.274348,1,2026/05/19
XM488708,炎の精霊,35.601294,140.246914,1,2026/05/14
XM488710,水の精霊,35.588414,140.164609,1,2026/05/21
XM488710,炎の精霊,35.588414,140.164609,1,2026/07/11
XM488710,風の精霊,35.588414,140.164609,1,2026/07/25
XM488711,風の精霊,35.601294,140.137174,1,2026/07/04
XM488714,大地の精霊,35.614172,140.164609,1,2026/05/02
XM488714,水の精霊,35.614172,140.164609,1,2026/06/27
XM488714,炎の精霊,35.614172,140.164609,1,2026/05/02
XM488717,大地の精霊,35.627047,140.192044,2,2026/05/16
XM488717,風の精霊,35.627047,140.192044,1,2026/06/19
XM488718,炎の精霊,35.639921,140.164609,1,2026/06/04
XM488718,風の精霊,35.639921,140.164609,1,2026/06/24
XM488720,風の精霊,35.627047,140.082305,1,2026/05/04
XM488723,炎の精霊,35.639921,140.109739,1,2026/08/06
XM488724,風の精霊,35.652793,140.082305,2,2026/05/27
XM488725,風の精霊,35.665662,140.054870,1,2026/05/31
XM488727,風の精霊,35.665662,140.109739,1,2026/04/18
XM488731,大地の精霊,35.601294,140.301783,1,2026/05/02
XM488731,水の精霊,35.601294,140.301783,1,2026/05/22
XM488735,風の精霊,35.627047,140.301783,2,2026/06/13
XM488737,大地の精霊,35.627047,140.356653,2,2026/07/20
XM488738,風の精霊,35.639921,140.329218,1,2026/07/04
XM488740,風の精霊,35.627047,140.246914,1,2026/05/28
XM488741,風の精霊,35.639921,140.219479,1,2026/06/11
XM488743,水の精霊,35.639921,140.274348,2,2026/07/08
XM488744,炎の精霊,35.652793,140.246914,2,2026/06/01
XM488745,大地の精霊,35.665662,140.219479,1,2026/05/21
XM488748,大地の精霊,35.678530,140.246914,1,2026/07/11
XM488748,水の精霊,35.678530,140.246914,1,2026/06/03
XM488748,炎の精霊,35.678530,140.246914,1,2026/06/26
XM488750,水の精霊,35.665662,140.164609,2,2026/06/30
XM488751,水の精霊,35.678530,140.137174,1,2026/07/05
XM488751,風の精霊,35.678530,140.137174,1,2026/06/21
XM488755,風の精霊,35.704259,140.137174,1,2026/05/24
XM488758,水の精霊,35.717120,140.164609,1,2026/06/12
XM488758,炎の精霊,35.717120,140.164609,1,2026/07/27
XM488760,風の精霊,35.627047,140.411523,1,2026/05/05
XM488764,風の精霊,35.652793,140.411523,1,2026/05/08
XM488765,大地の精霊,35.665662,140.384088,1,2026/05/18
XM488767,風の精霊,35.665662,140.438957,1,2026/04/28
XM488768,風の精霊,35.678530,140.411523,1,2026/05/24
XM488770,大地の精霊,35.665662,140.329218,1,2026/07/20
XM488771,大地の精霊,35.678530,140.301783,1,2026/07/02
XM488771,風の精霊,35.678530,140.301783,1,2026/06/10
XM488773,炎の精霊,35.678530,140.356653,1,2026/04/22
XM488773,風の精霊,35.678530,140.356653,1,2026/05/27
XM488774,大地の精霊,35.691395,140.329218,1,2026/07/03
XM488774,炎の精霊,35.691395,140.329218,2,2026/08/08
XM488775,風の精霊,35.704259,140.301783,2,2026/07/31
XM488778,風の精霊,35.717120,140.329218,1,2026/04/25
XM488780,風の精霊,35.704259,140.246914,1,2026/04/26
XM488781,風の精霊,35.717120,140.219479,1,2026/05/10
XM488784,風の精霊,35.729979,140.246914,1,2026/04/18
XM488787,大地の精霊,35.742836,140.274348,1,2026/06/05
XM488787,水の精霊,35.742836,140.274348,1,2026/06/18
XM488800,風の精霊,35.665662,140.000000,1,2026/07/13
XM488801,炎の精霊,35.678530,139.972565,2,2026/07/27
XM488803,炎の精霊,35.678530,140.027435,3,2026/05/15
XM488807,大地の精霊,35.704259,140.027435,2,2026/07/16
XM488808,大地の精霊,35.717120,140.000000,1,2026/05/09
XM488811,水の精霊,35.717120,139.890261,2,2026/04/24
XM488814,大地の精霊,35.729979,139.917695,1,2026/05/28
XM488815,水の精霊,35.742836,139.890261,1,2026/06/03
XM488817,水の精霊,35.742836,139.945130,1,2026/07/02
XM488820,水の精霊,35.742836,139.835391,1,2026/07/14
XM488823,大地の精霊,35.755691,139.862826,2,2026/04/16
XM488823,炎の精霊,35.755691,139.862826,1,2026/04/16
XM488824,水の精霊,35.768544,139.835391,1,2026/06/25
XM488824,風の精霊,35.768544,139.835391,1,2026/07/31
XM488828,炎の精霊,35.794244,139.835391,1,2026/07/22
XM488828,風の精霊,35.794244,139.835391,5,2026/08/08
XM488832,大地の精霊,35.729979,140.027435,1,2026/07/16
XM488834,大地の精霊,35.729979,140.082305,2,2026/07/10
XM488835,水の精霊,35.742836,140.054870,4,2026/06/09
XM488838,大地の精霊,35.755691,140.082305,2,2026/05/10
XM488838,炎の精霊,35.755691,140.082305,1,2026/05/06
XM488840,水の精霊,35.742836,140.000000,1,2026/04/15
XM488840,炎の精霊,35.742836,140.000000,1,2026/08/07
XM488840,風の精霊,35.742836,140.000000,1,2026/07/03
XM488843,炎の精霊,35.755691,140.027435,1,2026/07/26
XM488843,風の精霊,35.755691,140.027435,1,2026/06/04
XM488845,風の精霊,35.781395,139.972565,2,2026/06/29
XM488848,大地の精霊,35.794244,140.000000,1,2026/07/18
XM488848,風の精霊,35.794244,140.000000,1,2026/07/07
XM488850,水の精霊,35.781395,139.917695,2,2026/05/04
XM488850,炎の精霊,35.781395,139.917695,1,2026/06/30
XM488851,大地の精霊,35.794244,139.890261,1,2026/07/20
XM488853,大地の精霊,35.794244,139.945130,6,2026/07/23
XM488854,風の精霊,35.807091,139.917695,1,2026/05/13
XM488857,風の精霊,35.819935,139.945130,1,2026/05/02
XM488858,大地の精霊,35.832778,139.917695,1,2026/05/07
XM488858,炎の精霊,35.832778,139.917695,1,2026/05/07
XM488858,風の精霊,35.832778,139.917695,2,2026/06/16
XM488860,大地の精霊,35.742836,140.164609,1,2026/06/06
XM488860,風の精霊,35.742836,140.164609,2,2026/05/16
XM488861,水の精霊,35.755691,140.137174,1,2026/05/20
XM488861,炎の精霊,35.755691,140.137174,1,2026/05/17
XM488863,水の精霊,35.755691,140.192044,2,2026/06/15
XM488864,風の精霊,35.768544,140.164609,1,2026/07/24
XM488865,風の精霊,35.781395,140.137174,2,2026/05/30
XM488867,風の精霊,35.781395,140.192044,3,2026/06/02
XM488868,風の精霊,35.794244,140.164609,1,2026/04/30
XM488870,大地の精霊,35.781395,140.082305,1,2026/06/21
XM488874,水の精霊,35.807091,140.082305,1,2026/07/12
XM488874,風の精霊,35.807091,140.082305,2,2026/05/26
XM488875,大地の精霊,35.819935,140.054870,1,2026/06/14
XM488877,炎の精霊,35.819935,140.109739,2,2026/07/29
XM488877,風の精霊,35.819935,140.109739,1,2026/07/01
XM488878,風の精霊,35.832778,140.082305,1,2026/04/13
XM488880,大地の精霊,35.819935,140.000000,1,2026/05/14
XM488880,風の精霊,35.819935,140.000000,2,2026/06/26
XM488883,風の精霊,35.832778,140.027435,1,2026/04/17
XM488884,大地の精霊,35.845619,140.000000,1,2026/08/05
XM488887,大地の精霊,35.858457,140.027435,1,2026/04/21
XM488887,水の精霊,35.858457,140.027435,1,2026/06/15
XM488888,炎の精霊,35.871293,140.000000,1,2026/04/26
XM488888,風の精霊,35.871293,140.000000,4,2026/07/26
XM500127,炎の精霊,32.957936,132.949246,1,2026/07/03
XM500127,風の精霊,32.957936,132.949246,1,2026/07/29
XM500151,大地の精霊,32.971225,132.976680,1,2026/05/29
XM500185,水の精霊,33.037643,133.058985,1,2026/04/26
XM500185,風の精霊,33.037643,133.058985,1,2026/07/24
XM500200,大地の精霊,32.957936,132.839506,1,2026/05/28
XM500201,風の精霊,32.971225,132.812071,1,2026/06/24
XM500230,大地の精霊,32.997798,132.921811,1,2026/07/14
XM500245,水の精霊,33.077469,132.812071,1,2026/05/18
XM500260,大地の精霊,33.037643,133.004115,1,2026/08/01
XM500547,水の精霊,33.196840,133.113855,1,2026/08/07
XM500571,大地の精霊,33.210093,133.141289,1,2026/05/16
XM500820,大地の精霊,33.276330,133.168724,1,2026/05/28
XM500824,風の精霊,33.302811,133.168724,1,2026/07/11
XM500851,大地の精霊,33.329284,133.223594,1,2026/07/14
XM500858,大地の精霊,33.368978,133.251029,1,2026/05/26
XM500858,風の精霊,33.368978,133.251029,2,2026/06/18
XM500885,水の精霊,33.395430,133.305898,1,2026/05/22
XM500885,炎の精霊,33.395430,133.305898,1,2026/07/03
XM500888,風の精霊,33.408653,133.333333,1,2026/05/16
XM501018,風の精霊,33.170327,132.510288,1,2026/04/22
XM501041,水の精霊,33.170327,132.565158,1,2026/05/21
XM501045,大地の精霊,33.196840,132.565158,2,2026/07/13
XM501045,水の精霊,33.196840,132.565158,2,2026/08/03
XM501045,風の精霊,33.196840,132.565158,2,2026/07/03
XM501053,風の精霊,33.210093,132.537723,1,2026/07/11
XM501054,炎の精霊,33.223345,132.510288,1,2026/04/27
XM501057,水の精霊,33.236594,132.537723,2,2026/07/28
XM501057,風の精霊,33.236594,132.537723,2,2026/06/10
XM501075,炎の精霊,33.236594,132.647462,1,2026/04/13
XM501077,大地の精霊,33.236594,132.702332,1,2026/05/26
XM501078,大地の精霊,33.249841,132.674897,1,2026/06/12
XM501078,風の精霊,33.249841,132.674897,1,2026/07/31
XM501080,水の精霊,33.236594,132.592593,1,2026/05/08
XM501080,炎の精霊,33.236594,132.592593,1,2026/05/05
XM501080,風の精霊,33.236594,132.592593,2,2026/06/30
XM501081,大地の精霊,33.249841,132.565158,1,2026/05/16
XM501081,炎の精霊,33.249841,132.565158,4,2026/07/24
XM501081,風の精霊,33.249841,132.565158,1,2026/05/12
XM501084,水の精霊,33.263087,132.592593,1,2026/07/12
XM501084,炎の精霊,33.263087,132.592593,1,2026/07/04
XM501084,風の精霊,33.263087,132.592593,1,2026/04/28
XM501087,水の精霊,33.276330,132.620027,1,2026/05/24
XM501087,炎の精霊,33.276330,132.620027,1,2026/07/22
XM501088,大地の精霊,33.289572,132.592593,1,2026/05/11
XM501088,水の精霊,33.289572,132.592593,1,2026/07/29
XM501088,風の精霊,33.289572,132.592593,1,2026/06/21
XM501243,炎の精霊,33.408653,132.126200,1,2026/05/19
XM501321,風の精霊,33.289572,132.647462,2,2026/07/15
XM501377,炎の精霊,33.355748,132.949246,1,2026/04/26
XM501411,水の精霊,33.368978,132.482853,1,2026/05/01
XM501414,水の精霊,33.382205,132.510288,1,2026/07/12
XM501423,風の精霊,33.408653,132.455418,1,2026/05/05
XM501428,風の精霊,33.448311,132.427984,2,2026/08/02
XM501457,風の精霊,33.474740,132.537723,1,2026/06/09
XM501474,大地の精霊,33.461526,132.674897,1,2026/07/11
XM501475,風の精霊,33.474740,132.647462,1,2026/05/02
XM501481,水の精霊,33.487951,132.565158,1,2026/05/04
XM501481,炎の精霊,33.487951,132.565158,1,2026/05/16
XM501485,水の精霊,33.514367,132.565158,2,2026/08/04
XM501485,風の精霊,33.514367,132.565158,1,2026/05/26
XM501487,風の精霊,33.514367,132.620027,1,2026/05/06
XM501488,水の精霊,33.527572,132.592593,1,2026/05/31
XM501488,風の精霊,33.527572,132.592593,3,2026/06/20
XM501507,大地の精霊,33.474740,132.373114,1,2026/05/30
XM501507,水の精霊,33.474740,132.373114,1,2026/05/31
XM501507,風の精霊,33.474740,132.373114,1,2026/05/29
XM501510,大地の精霊,33.474740,132.263374,1,2026/05/18
XM501531,大地の精霊,33.487951,132.400549,1,2026/07/28
XM501531,炎の精霊,33.487951,132.400549,1,2026/05/30
XM501531,風の精霊,33.487951,132.400549,2,2026/06/04
XM501560,大地の精霊,33.514367,132.510288,1,2026/05/04
XM501561,炎の精霊,33.527572,132.482853,1,2026/05/02
XM501563,風の精霊,33.527572,132.537723,1,2026/04/29
XM501567,大地の精霊,33.553977,132.537723,1,2026/06/21
XM501567,水の精霊,33.553977,132.537723,1,2026/04/13
XM501660,水の精霊,33.395430,133.251029,1,2026/04/16
XM501660,風の精霊,33.395430,133.251029,1,2026/05/30
XM501667,大地の精霊,33.435094,133.278464,1,2026/07/07
XM501667,炎の精霊,33.435094,133.278464,2,2026/07/21
XM501670,水の精霊,33.435094,133.168724,1,2026/07/02
XM501721,大地の精霊,33.527572,132.647462,1,2026/07/21
XM501724,炎の精霊,33.540775,132.674897,1,2026/04/15
XM501725,大地の精霊,33.553977,132.647462,1,2026/06/17
XM501725,風の精霊,33.553977,132.647462,2,2026/07/11
XM501727,炎の精霊,33.553977,132.702332,1,2026/04/14
XM501728,大地の精霊,33.567176,132.674897,1,2026/04/28
XM501753,炎の精霊,33.567176,132.784636,1,2026/06/20
XM501784,風の精霊,33.619952,132.839506,1,2026/04/28
XM501838,炎の精霊,33.646328,132.674897,1,2026/05/11
XM501865,水の精霊,33.672696,132.729767,1,2026/05/21
XM501868,炎の精霊,33.685877,132.757202,1,2026/04/25
XM501874,炎の精霊,33.699056,132.674897,1,2026/05/12
XM501877,風の精霊,33.712232,132.702332,1,2026/06/03
XM502051,風の精霊,33.567176,131.742112,1,2026/07/02
XM502148,炎の精霊,33.685877,131.604938,1,2026/07/29
XM502708,大地の精霊,33.843890,132.098765,1,2026/07/12
XM502708,風の精霊,33.843890,132.098765,2,2026/07/28
XM502743,風の精霊,33.883348,132.126200,1,2026/06/13
XM502745,風の精霊,33.909643,132.071331,1,2026/06/14
XM502750,大地の精霊,33.909643,132.016461,1,2026/06/01
XM502750,風の精霊,33.909643,132.016461,1,2026/06/24
XM502753,水の精霊,33.922787,132.043896,1,2026/06/02
XM502757,大地の精霊,33.949070,132.043896,1,2026/06/09
XM502757,炎の精霊,33.949070,132.043896,1,2026/07/31
XM502778,大地の精霊,33.962209,132.181070,4,2026/07/25
XM502778,水の精霊,33.962209,132.181070,2,2026/05/26
XM502778,風の精霊,33.962209,132.181070,2,2026/07/19
XM502780,風の精霊,33.949070,132.098765,1,2026/06/27
XM502781,炎の精霊,33.962209,132.071331,2,2026/08/08
XM502783,大地の精霊,33.962209,132.126200,1,2026/06/10
XM502783,炎の精霊,33.962209,132.126200,1,2026/05/28
XM502783,風の精霊,33.962209,132.126200,2,2026/06/06
XM502784,大地の精霊,33.975345,132.098765,1,2026/07/30
XM502784,炎の精霊,33.975345,132.098765,1,2026/07/22
XM502808,炎の精霊,33.962209,131.851852,1,2026/05/09
XM502817,大地の精霊,33.988479,131.796982,3,2026/06/18
XM502817,炎の精霊,33.988479,131.796982,1,2026/06/12
XM502817,風の精霊,33.988479,131.796982,2,2026/07/03
XM502830,風の精霊,33.949070,131.934156,1,2026/05/28
XM502833,大地の精霊,33.962209,131.961591,1,2026/06/17
XM502833,水の精霊,33.962209,131.961591,2,2026/07/18
XM502833,炎の精霊,33.962209,131.961591,1,2026/06/17
XM502833,風の精霊,33.962209,131.961591,2,2026/06/09
XM502834,風の精霊,33.975345,131.934156,3,2026/06/27
XM502835,風の精霊,33.988479,131.906722,1,2026/05/17
XM502837,風の精霊,33.988479,131.961591,1,2026/07/08
XM502841,水の精霊,34.001612,131.824417,1,2026/07/21
XM502844,水の精霊,34.014742,131.851852,1,2026/06/29
XM502844,風の精霊,34.014742,131.851852,2,2026/07/09
XM502845,大地の精霊,34.027870,131.824417,1,2026/04/22
XM502847,水の精霊,34.027870,131.879287,1,2026/06/24
XM502847,炎の精霊,34.027870,131.879287,1,2026/04/12
XM502853,水の精霊,34.040996,131.796982,2,2026/07/06
XM502853,風の精霊,34.040996,131.796982,1,2026/05/10
XM502855,水の精霊,34.067243,131.742112,1,2026/05/12
XM502855,炎の精霊,34.067243,131.742112,1,2026/07/21
XM502855,風の精霊,34.067243,131.742112,1,2026/06/22
XM502857,炎の精霊,34.067243,131.796982,1,2026/04/27
XM502857,風の精霊,34.067243,131.796982,2,2026/06/27
XM502858,水の精霊,34.080363,131.769547,1,2026/07/02
XM502858,風の精霊,34.080363,131.769547,1,2026/06/09
XM502860,水の精霊,33.988479,132.016461,1,2026/06/20
XM502861,炎の精霊,34.001612,131.989026,1,2026/07/25
XM502861,風の精霊,34.001612,131.989026,2,2026/07/07
XM502865,風の精霊,34.027870,131.989026,1,2026/05/31
XM502870,炎の精霊,34.027870,131.934156,1,2026/06/26
XM502873,大地の精霊,34.040996,131.961591,1,2026/07/04
XM502873,炎の精霊,34.040996,131.961591,1,2026/06/18
XM502877,炎の精霊,34.067243,131.961591,1,2026/05/05
XM502880,水の精霊,34.067243,131.851852,1,2026/04/30
XM502887,炎の精霊,34.106597,131.879287,1,2026/07/31
XM503225,風の精霊,33.435094,133.388203,1,2026/07/13
XM503227,風の精霊,33.435094,133.443073,2,2026/08/04
XM503255,大地の精霊,33.474740,133.470508,1,2026/08/06
XM503255,風の精霊,33.474740,133.470508,1,2026/06/03
XM503257,炎の精霊,33.474740,133.525377,1,2026/05/20
XM503258,水の精霊,33.487951,133.497942,1,2026/06/24
XM503258,風の精霊,33.487951,133.497942,4,2026/07/25
XM503281,水の精霊,33.487951,133.552812,1,2026/05/30
XM503284,水の精霊,33.501160,133.580247,1,2026/07/01
XM503284,風の精霊,33.501160,133.580247,1,2026/07/10
XM503285,水の精霊,33.514367,133.552812,1,2026/07/23
XM503285,炎の精霊,33.514367,133.552812,1,2026/07/22
XM503285,風の精霊,33.514367,133.552812,1,2026/05/28
XM503288,水の精霊,33.527572,133.580247,1,2026/06/15
XM503403,風の精霊,33.329284,134.101509,1,2026/06/14
XM503517,水の精霊,33.514367,133.772291,1,2026/08/07
XM503517,風の精霊,33.514367,133.772291,1,2026/05/27
XM503521,風の精霊,33.527572,133.635117,2,2026/07/17
XM503524,水の精霊,33.540775,133.662551,1,2026/05/21
XM503525,水の精霊,33.553977,133.635117,1,2026/06/25
XM503527,水の精霊,33.553977,133.689986,2,2026/07/15
XM503527,風の精霊,33.553977,133.689986,1,2026/07/28
XM503528,水の精霊,33.567176,133.662551,1,2026/06/02
XM503533,炎の精霊,33.487951,133.936900,2,2026/07/27
XM503534,水の精霊,33.501160,133.909465,1,2026/06/27
XM503538,大地の精霊,33.527572,133.909465,2,2026/07/17
XM503538,水の精霊,33.527572,133.909465,1,2026/06/15
XM503538,風の精霊,33.527572,133.909465,1,2026/04/25
XM503540,大地の精霊,33.514367,133.827160,3,2026/06/29
XM503540,水の精霊,33.514367,133.827160,1,2026/06/24
XM503540,風の精霊,33.514367,133.827160,1,2026/06/20
XM503541,水の精霊,33.527572,133.799726,1,2026/06/25
XM503541,炎の精霊,33.527572,133.799726,1,2026/06/05
XM503550,風の精霊,33.553977,133.744856,2,2026/08/01
XM503551,水の精霊,33.567176,133.717421,1,2026/04/27
XM503551,炎の精霊,33.567176,133.717421,1,2026/07/20
XM503551,風の精霊,33.567176,133.717421,2,2026/06/03
XM503555,水の精霊,33.593568,133.717421,1,2026/04/25
XM503555,炎の精霊,33.593568,133.717421,2,2026/06/02
XM503558,炎の精霊,33.606761,133.744856,1,2026/07/17
XM503783,水の精霊,33.606761,134.348422,1,2026/05/03
XM503783,風の精霊,33.606761,134.348422,1,2026/06/03
XM504003,風の精霊,33.448311,133.360768,2,2026/04/18
XM504007,水の精霊,33.474740,133.360768,2,2026/07/01
XM504007,炎の精霊,33.474740,133.360768,1,2026/05/30
XM504007,風の精霊,33.474740,133.360768,1,2026/06/16
XM504008,炎の精霊,33.487951,133.333333,1,2026/04/23
XM504010,水の精霊,33.474740,133.251029,1,2026/07/12
XM504013,水の精霊,33.487951,133.278464,2,2026/04/26
XM504013,炎の精霊,33.487951,133.278464,1,2026/07/31
XM504017,大地の精霊,33.514367,133.278464,1,2026/06/11
XM504017,炎の精霊,33.514367,133.278464,1,2026/06/15
XM504018,大地の精霊,33.527572,133.251029,1,2026/06/09
XM504018,風の精霊,33.527572,133.251029,1,2026/06/03
XM504030,水の精霊,33.474740,133.415638,1,2026/05/31
XM504033,風の精霊,33.487951,133.443073,1,2026/05/24
XM504037,風の精霊,33.514367,133.443073,1,2026/08/07
XM504043,大地の精霊,33.527572,133.360768,1,2026/05/23
XM504043,炎の精霊,33.527572,133.360768,1,2026/07/03
XM504051,風の精霊,33.567176,133.223594,1,2026/05/28
XM504060,風の精霊,33.514367,133.497942,1,2026/06/04
XM504063,風の精霊,33.527572,133.525377,1,2026/04/17
XM504064,風の精霊,33.540775,133.497942,2,2026/06/30
XM504065,大地の精霊,33.553977,133.470508,1,2026/04/28
XM504065,水の精霊,33.553977,133.470508,1,2026/05/05
XM504065,風の精霊,33.553977,133.470508,1,2026/05/05
XM504067,炎の精霊,33.553977,133.525377,2,2026/07/26
XM504070,水の精霊,33.553977,133.415638,2,2026/07/10
XM504070,炎の精霊,33.553977,133.415638,1,2026/05/15
XM504070,風の精霊,33.553977,133.415638,4,2026/08/04
XM504071,風の精霊,33.567176,133.388203,2,2026/05/16
XM504088,水の精霊,33.646328,133.333333,1,2026/07/02
XM504208,大地の精霊,33.725407,132.839506,2,2026/06/29
XM504208,炎の精霊,33.725407,132.839506,1,2026/06/20
XM504211,大地の精霊,33.725407,132.729767,1,2026/07/03
XM504211,風の精霊,33.725407,132.729767,2,2026/06/18
XM504213,炎の精霊,33.725407,132.784636,1,2026/05/06
XM504217,大地の精霊,33.751751,132.784636,1,2026/07/27
XM504217,水の精霊,33.751751,132.784636,1,2026/05/18
XM504217,風の精霊,33.751751,132.784636,2,2026/05/18
XM504223,風の精霊,33.764920,132.702332,1,2026/05/05
XM504227,水の精霊,33.791251,132.702332,2,2026/07/12
XM504227,風の精霊,33.791251,132.702332,2,2026/07/08
XM504238,大地の精霊,33.764920,132.921811,1,2026/04/29
XM504244,水の精霊,33.778087,132.839506,1,2026/08/04
XM504247,水の精霊,33.791251,132.866941,1,2026/04/14
XM504248,大地の精霊,33.804414,132.839506,1,2026/08/03
XM504248,水の精霊,33.804414,132.839506,1,2026/07/04
XM504248,炎の精霊,33.804414,132.839506,1,2026/05/15
XM504250,炎の精霊,33.791251,132.757202,1,2026/05/19
XM504253,大地の精霊,33.804414,132.784636,2,2026/06/01
XM504255,炎の精霊,33.830733,132.729767,2,2026/07/20
XM504257,大地の精霊,33.830733,132.784636,1,2026/06/17
XM504258,大地の精霊,33.843890,132.757202,1,2026/07/18
XM504270,風の精霊,33.791251,132.921811,3,2026/08/01
XM504271,大地の精霊,33.804414,132.894376,1,2026/07/12
XM504273,水の精霊,33.804414,132.949246,1,2026/04/16
XM504274,炎の精霊,33.817575,132.921811,1,2026/05/02
XM504275,炎の精霊,33.830733,132.894376,1,2026/05/10
XM504281,風の精霊,33.843890,132.812071,2,2026/06/30
XM504285,風の精霊,33.870197,132.812071,2,2026/05/24
XM504288,炎の精霊,33.883348,132.839506,1,2026/07/17
XM504288,風の精霊,33.883348,132.839506,1,2026/06/20
XM504300,水の精霊,33.553977,133.580247,1,2026/07/21
XM504301,大地の精霊,33.567176,133.552812,1,2026/04/15
XM504301,水の精霊,33.567176,133.552812,1,2026/08/07
XM504301,炎の精霊,33.567176,133.552812,1,2026/04/15
XM504303,大地の精霊,33.567176,133.607682,1,2026/07/07
XM504303,炎の精霊,33.567176,133.607682,1,2026/05/15
XM504304,風の精霊,33.580373,133.580247,1,2026/06/05
XM504305,炎の精霊,33.593568,133.552812,2,2026/07/31
XM504310,風の精霊,33.593568,133.497942,3,2026/08/08
XM504330,水の精霊,33.593568,133.662551,1,2026/06/21
XM504331,水の精霊,33.606761,133.635117,2,2026/06/07
XM504331,風の精霊,33.606761,133.635117,2,2026/07/13
XM504333,水の精霊,33.606761,133.689986,1,2026/07/12
XM504333,炎の精霊,33.606761,133.689986,1,2026/04/30
XM504333,風の精霊,33.606761,133.689986,2,2026/07/24
XM504334,水の精霊,33.619952,133.662551,1,2026/07/16
XM504334,風の精霊,33.619952,133.662551,1,2026/06/16
XM504335,炎の精霊,33.633141,133.635117,1,2026/07/08
XM504335,風の精霊,33.633141,133.635117,1,2026/06/29
XM504363,炎の精霊,33.646328,133.772291,2,2026/07/03
XM504363,風の精霊,33.646328,133.772291,1,2026/07/29
XM504364,炎の精霊,33.659513,133.744856,1,2026/07/31
XM504364,風の精霊,33.659513,133.744856,1,2026/07/08
XM504365,風の精霊,33.672696,133.717421,1,2026/05/02
XM504373,風の精霊,33.685877,133.689986,1,2026/05/26
XM504388,水の精霊,33.764920,133.580247,1,2026/06/23
XM504388,風の精霊,33.764920,133.580247,1,2026/06/19
XM504405,水の精霊,33.712232,133.305898,1,2026/06/27
XM504514,炎の精霊,33.857045,133.004115,1,2026/07/03
XM504517,大地の精霊,33.870197,133.031550,1,2026/05/22
XM504517,水の精霊,33.870197,133.031550,1,2026/07/01
XM504517,風の精霊,33.870197,133.031550,2,2026/06/06
XM504534,水の精霊,33.857045,133.168724,1,2026/04/25
XM504538,大地の精霊,33.883348,133.168724,3,2026/08/02
XM504538,水の精霊,33.883348,133.168724,1,2026/06/12
XM504538,炎の精霊,33.883348,133.168724,2,2026/07/21
XM504538,風の精霊,33.883348,133.168724,1,2026/06/18
XM504541,炎の精霊,33.883348,133.058985,1,2026/05/30
XM504541,風の精霊,33.883348,133.058985,1,2026/05/31
XM504544,大地の精霊,33.896496,133.086420,1,2026/05/12
XM504544,水の精霊,33.896496,133.086420,1,2026/07/07
XM504544,炎の精霊,33.896496,133.086420,1,2026/07/15
XM504545,風の精霊,33.909643,133.058985,2,2026/08/07
XM504547,大地の精霊,33.909643,133.113855,1,2026/07/09
XM504557,大地の精霊,33.949070,133.031550,2,2026/07/22
XM504557,水の精霊,33.949070,133.031550,1,2026/07/17
XM504565,水の精霊,33.909643,133.223594,3,2026/06/07
XM504565,風の精霊,33.909643,133.223594,2,2026/07/08
XM504568,水の精霊,33.922787,133.251029,1,2026/06/25
XM504568,炎の精霊,33.922787,133.251029,3,2026/06/22
XM504568,風の精霊,33.922787,133.251029,1,2026/06/05
XM504574,大地の精霊,33.935930,133.168724,1,2026/06/14
XM504574,水の精霊,33.935930,133.168724,2,2026/07/04
XM504581,大地の精霊,33.962209,133.058985,1,2026/07/17
XM504581,水の精霊,33.962209,133.058985,1,2026/06/23
XM504581,炎の精霊,33.962209,133.058985,1,2026/06/29
XM504585,大地の精霊,33.988479,133.058985,2,2026/07/11
XM504585,水の精霊,33.988479,133.058985,1,2026/06/08
XM504585,炎の精霊,33.988479,133.058985,1,2026/06/26
XM504585,風の精霊,33.988479,133.058985,2,2026/07/18
XM504600,風の精霊,33.672696,133.827160,2,2026/07/27
XM504620,炎の精霊,33.751751,133.662551,1,2026/07/10
XM504620,風の精霊,33.751751,133.662551,1,2026/06/14
XM504621,風の精霊,33.764920,133.635117,1,2026/05/08
XM504624,風の精霊,33.778087,133.662551,1,2026/06/27
XM504628,風の精霊,33.804414,133.662551,1,2026/05/19
XM504758,大地の精霊,33.962209,133.497942,1,2026/05/23
XM504758,水の精霊,33.962209,133.497942,1,2026/07/26
XM504758,炎の精霊,33.962209,133.497942,1,2026/06/17
XM504758,風の精霊,33.962209,133.497942,3,2026/06/16
XM504785,水の精霊,33.988479,133.552812,1,2026/07/17
XM504785,風の精霊,33.988479,133.552812,2,2026/05/27
XM504787,水の精霊,33.988479,133.607682,2,2026/05/11
XM504788,大地の精霊,34.001612,133.580247,1,2026/08/08
XM504788,水の精霊,34.001612,133.580247,1,2026/06/20
XM504788,風の精霊,34.001612,133.580247,3,2026/07/04
XM504801,大地の精霊,33.922787,133.305898,1,2026/05/14
XM504801,風の精霊,33.922787,133.305898,1,2026/07/11
XM504804,大地の精霊,33.935930,133.333333,1,2026/06/01
XM504805,大地の精霊,33.949070,133.305898,1,2026/05/14
XM504805,水の精霊,33.949070,133.305898,1,2026/05/10
XM504805,炎の精霊,33.949070,133.305898,1,2026/04/21
XM504805,風の精霊,33.949070,133.305898,1,2026/05/25
XM504810,大地の精霊,33.949070,133.251029,1,2026/06/30
XM504810,水の精霊,33.949070,133.251029,2,2026/04/14
XM504813,大地の精霊,33.962209,133.278464,1,2026/06/08
XM504813,炎の精霊,33.962209,133.278464,2,2026/06/27
XM504813,風の精霊,33.962209,133.278464,2,2026/07/14
XM504817,風の精霊,33.988479,133.278464,1,2026/05/08
XM504830,炎の精霊,33.949070,133.415638,1,2026/07/25
XM504833,水の精霊,33.962209,133.443073,1,2026/07/09
XM504834,水の精霊,33.975345,133.415638,1,2026/06/26
XM504834,風の精霊,33.975345,133.415638,2,2026/06/22
XM504840,大地の精霊,33.988479,133.333333,2,2026/07/30
XM504840,水の精霊,33.988479,133.333333,1,2026/05/29
XM504840,炎の精霊,33.988479,133.333333,1,2026/06/27
XM504840,風の精霊,33.988479,133.333333,2,2026/06/18
XM504843,水の精霊,34.001612,133.360768,1,2026/04/30
XM505033,大地の精霊,33.843890,132.702332,1,2026/04/23
XM505033,水の精霊,33.843890,132.702332,1,2026/05/28
XM505033,風の精霊,33.843890,132.702332,3,2026/07/26
XM505060,風の精霊,33.870197,132.757202,1,2026/06/15
XM505067,大地の精霊,33.909643,132.784636,1,2026/05/20
XM505068,大地の精霊,33.922787,132.757202,1,2026/04/17
XM505068,風の精霊,33.922787,132.757202,1,2026/04/21
XM505070,風の精霊,33.909643,132.674897,1,2026/07/10
XM505111,大地の精霊,33.962209,132.235940,1,2026/07/09
XM505120,大地の精霊,33.988479,132.181070,1,2026/05/17
XM505123,大地の精霊,34.001612,132.208505,1,2026/05/09
XM505125,水の精霊,34.027870,132.153635,1,2026/07/27
XM505125,炎の精霊,34.027870,132.153635,3,2026/07/30
XM505125,風の精霊,34.027870,132.153635,1,2026/06/13
XM505128,炎の精霊,34.040996,132.181070,1,2026/05/27
XM505200,風の精霊,34.027870,132.098765,1,2026/07/23
XM505208,大地の精霊,34.080363,132.098765,1,2026/07/16
XM505208,風の精霊,34.080363,132.098765,2,2026/06/27
XM505211,大地の精霊,34.080363,131.989026,2,2026/07/16
XM505214,水の精霊,34.093481,132.016461,1,2026/07/29
XM505214,炎の精霊,34.093481,132.016461,1,2026/06/22
XM505214,風の精霊,34.093481,132.016461,1,2026/05/25
XM505233,大地の精霊,34.080363,132.208505,1,2026/06/21
XM505233,水の精霊,34.080363,132.208505,3,2026/07/24
XM505238,大地の精霊,34.119711,132.181070,2,2026/08/02
XM505238,風の精霊,34.119711,132.181070,1,2026/04/19
XM505240,水の精霊,34.106597,132.098765,1,2026/06/07
XM505243,炎の精霊,34.119711,132.126200,1,2026/07/11
XM505270,大地の精霊,34.145933,132.181070,1,2026/05/22
XM505270,水の精霊,34.145933,132.181070,2,2026/07/07
XM505273,水の精霊,34.159041,132.208505,2,2026/08/06
XM505273,炎の精霊,34.159041,132.208505,2,2026/07/14
XM505274,水の精霊,34.172147,132.181070,1,2026/06/20
XM505274,炎の精霊,34.172147,132.181070,1,2026/06/10
XM505277,炎の精霊,34.185251,132.208505,1,2026/04/27
XM505278,水の精霊,34.198353,132.181070,1,2026/05/19
XM505278,風の精霊,34.198353,132.181070,1,2026/05/07
XM505285,水の精霊,34.224550,132.071331,1,2026/07/22
XM505285,風の精霊,34.224550,132.071331,1,2026/06/10
XM505313,大地の精霊,33.962209,132.784636,1,2026/05/03
XM505313,炎の精霊,33.962209,132.784636,1,2026/06/29
XM505317,水の精霊,33.988479,132.784636,1,2026/07/12
XM505317,風の精霊,33.988479,132.784636,1,2026/06/04
XM505331,水の精霊,33.962209,132.894376,1,2026/05/21
XM505348,風の精霊,34.040996,132.839506,1,2026/07/05
XM505360,炎の精霊,33.988479,133.004115,2,2026/06/21
XM505363,風の精霊,34.001612,133.031550,1,2026/06/06
XM505364,水の精霊,34.014742,133.004115,1,2026/08/04
XM505364,風の精霊,34.014742,133.004115,2,2026/05/17
XM505365,大地の精霊,34.027870,132.976680,1,2026/08/08
XM505365,炎の精霊,34.027870,132.976680,1,2026/05/26
XM505365,風の精霊,34.027870,132.976680,1,2026/04/19
XM505367,大地の精霊,34.027870,133.031550,1,2026/06/10
XM505367,水の精霊,34.027870,133.031550,1,2026/07/04
XM505367,炎の精霊,34.027870,133.031550,1,2026/04/18
XM505367,風の精霊,34.027870,133.031550,1,2026/04/24
XM505368,風の精霊,34.040996,133.004115,2,2026/05/30
XM505370,風の精霊,34.027870,132.921811,1,2026/05/12
XM505373,水の精霊,34.040996,132.949246,1,2026/07/29
XM505373,風の精霊,34.040996,132.949246,1,2026/06/09
XM505374,水の精霊,34.054121,132.921811,1,2026/06/01
XM505374,風の精霊,34.054121,132.921811,1,2026/06/21
XM505375,風の精霊,34.067243,132.894376,1,2026/04/29
XM505377,炎の精霊,34.067243,132.949246,2,2026/07/31
XM505378,風の精霊,34.080363,132.921811,1,2026/06/05
XM505457,水の精霊,34.185251,132.537723,4,2026/07/04
XM505474,大地の精霊,34.172147,132.674897,1,2026/04/19
XM505478,大地の精霊,34.198353,132.674897,1,2026/08/06
XM505478,風の精霊,34.198353,132.674897,4,2026/07/17
XM505485,大地の精霊,34.224550,132.565158,1,2026/05/18
XM505485,水の精霊,34.224550,132.565158,1,2026/07/19
XM505487,水の精霊,34.224550,132.620027,2,2026/06/04
XM505488,風の精霊,34.237646,132.592593,1,2026/06/30
XM505511,水の精霊,34.198353,132.235940,1,2026/06/02
XM505515,水の精霊,34.224550,132.235940,1,2026/07/06
XM505515,炎の精霊,34.224550,132.235940,2,2026/07/21
XM505523,大地の精霊,34.237646,132.208505,3,2026/07/17
XM505523,水の精霊,34.237646,132.208505,2,2026/07/29
XM505523,炎の精霊,34.237646,132.208505,4,2026/08/02
XM505523,風の精霊,34.237646,132.208505,2,2026/06/21
XM505537,水の精霊,34.224550,132.455418,1,2026/07/29
XM505537,風の精霊,34.224550,132.455418,1,2026/07/13
XM505538,水の精霊,34.237646,132.427984,1,2026/07/01
XM505548,風の精霊,34.276921,132.345679,1,2026/05/05
XM505554,大地の精霊,34.290008,132.263374,1,2026/08/04
XM505554,水の精霊,34.290008,132.263374,2,2026/06/26
XM505554,風の精霊,34.290008,132.263374,1,2026/06/07
XM505557,大地の精霊,34.303094,132.290809,1,2026/07/18
XM505557,水の精霊,34.303094,132.290809,1,2026/06/11
XM505561,大地の精霊,34.237646,132.482853,2,2026/08/06
XM505567,大地の精霊,34.263831,132.537723,1,2026/06/12
XM505567,炎の精霊,34.263831,132.537723,1,2026/07/16
XM505567,風の精霊,34.263831,132.537723,2,2026/06/28
XM505578,水の精霊,34.316177,132.427984,1,2026/08/07
XM505588,風の精霊,34.355416,132.345679,1,2026/07/27
XM505610,炎の精霊,34.067243,133.004115,1,2026/08/01
XM505610,風の精霊,34.067243,133.004115,1,2026/04/17
XM505611,水の精霊,34.080363,132.976680,2,2026/07/29
XM505615,水の精霊,34.106597,132.976680,2,2026/07/01
XM505620,風の精霊,34.106597,132.921811,2,2026/06/24
XM505623,炎の精霊,34.119711,132.949246,1,2026/07/09
XM505623,風の精霊,34.119711,132.949246,1,2026/05/24
XM505680,風の精霊,34.185251,133.086420,1,2026/05/19
XM505684,風の精霊,34.211452,133.086420,1,2026/08/02
XM505685,水の精霊,34.224550,133.058985,1,2026/04/30
XM505688,水の精霊,34.237646,133.086420,1,2026/04/23
XM505707,風の精霊,34.185251,132.866941,1,2026/06/07
XM505721,水の精霊,34.237646,132.647462,1,2026/05/27
XM505721,炎の精霊,34.237646,132.647462,1,2026/06/17
XM505721,風の精霊,34.237646,132.647462,2,2026/07/12
XM505723,水の精霊,34.237646,132.702332,1,2026/06/20
XM505724,水の精霊,34.250740,132.674897,1,2026/04/24
XM505751,炎の精霊,34.276921,132.729767,2,2026/08/05
XM505751,風の精霊,34.276921,132.729767,3,2026/06/08
XM505755,大地の精霊,34.303094,132.729767,1,2026/04/30
XM505758,風の精霊,34.316177,132.757202,1,2026/05/12
XM505764,大地の精霊,34.250740,133.004115,1,2026/04/19
XM505781,風の精霊,34.316177,132.812071,1,2026/06/28
XM505783,風の精霊,34.316177,132.866941,2,2026/05/07
XM505804,炎の精霊,34.290008,132.592593,1,2026/04/26
XM505805,風の精霊,34.303094,132.565158,2,2026/07/01
XM505807,風の精霊,34.303094,132.620027,1,2026/05/06
XM505810,風の精霊,34.303094,132.510288,1,2026/04/18
XM505813,大地の精霊,34.316177,132.537723,1,2026/04/25
XM505814,水の精霊,34.329259,132.510288,2,2026/07/07
XM505817,風の精霊,34.342338,132.537723,3,2026/06/08
XM505818,水の精霊,34.355416,132.510288,1,2026/08/08
XM505818,風の精霊,34.355416,132.510288,1,2026/04/15
XM505823,大地の精霊,34.355416,132.455418,1,2026/05/03
XM505823,炎の精霊,34.355416,132.455418,1,2026/05/03
XM505824,大地の精霊,34.368491,132.427984,1,2026/05/30
XM505824,炎の精霊,34.368491,132.427984,3,2026/07/13
XM505825,風の精霊,34.381564,132.400549,1,2026/05/31
XM505828,大地の精霊,34.394636,132.427984,1,2026/05/18
XM505828,風の精霊,34.394636,132.427984,1,2026/06/03
XM505831,大地の精霊,34.316177,132.647462,1,2026/07/03
XM505831,水の精霊,34.316177,132.647462,1,2026/04/18
XM505831,風の精霊,34.316177,132.647462,1,2026/05/28
XM505837,大地の精霊,34.342338,132.702332,1,2026/05/18
XM505837,風の精霊,34.342338,132.702332,1,2026/06/07
XM505838,炎の精霊,34.355416,132.674897,1,2026/04/29
XM505840,大地の精霊,34.342338,132.592593,2,2026/06/21
XM505845,大地の精霊,34.381564,132.565158,1,2026/08/05
XM505850,大地の精霊,34.381564,132.510288,1,2026/05/12
XM505850,水の精霊,34.381564,132.510288,1,2026/06/22
XM505850,炎の精霊,34.381564,132.510288,1,2026/05/12
XM505851,風の精霊,34.394636,132.482853,2,2026/07/08
XM505854,大地の精霊,34.407705,132.510288,2,2026/05/23
XM505854,炎の精霊,34.407705,132.510288,1,2026/04/16
XM505855,水の精霊,34.420772,132.482853,2,2026/07/22
XM505855,炎の精霊,34.420772,132.482853,1,2026/07/20
XM505855,風の精霊,34.420772,132.482853,2,2026/06/23
XM505857,大地の精霊,34.420772,132.537723,1,2026/05/07
XM505857,水の精霊,34.420772,132.537723,2,2026/05/21
XM505858,大地の精霊,34.433837,132.510288,1,2026/04/17
XM505858,炎の精霊,34.433837,132.510288,1,2026/04/17
XM505861,大地の精霊,34.355416,132.729767,1,2026/05/05
XM505864,水の精霊,34.368491,132.757202,1,2026/06/24
XM505865,大地の精霊,34.381564,132.729767,1,2026/06/19
XM505865,炎の精霊,34.381564,132.729767,1,2026/06/14
XM505868,水の精霊,34.394636,132.757202,1,2026/06/05
XM505868,炎の精霊,34.394636,132.757202,1,2026/06/11
XM505877,炎の精霊,34.420772,132.702332,1,2026/07/20
XM505877,風の精霊,34.420772,132.702332,1,2026/05/26
XM505880,炎の精霊,34.420772,132.592593,1,2026/05/15
XM505881,風の精霊,34.433837,132.565158,1,2026/04/15
XM505885,水の精霊,34.459961,132.565158,1,2026/06/02
XM505887,水の精霊,34.459961,132.620027,1,2026/04/18
XM505887,炎の精霊,34.459961,132.620027,1,2026/07/10
XM505887,風の精霊,34.459961,132.620027,1,2026/06/09
XM506121,大地の精霊,33.646328,134.375857,1,2026/04/28
XM506127,水の精霊,33.672696,134.430727,1,2026/06/14
XM506127,風の精霊,33.672696,134.430727,1,2026/06/22
XM506157,風の精霊,33.712232,134.513032,1,2026/05/06
XM506181,大地の精霊,33.725407,134.540466,1,2026/08/06
XM506181,水の精霊,33.725407,134.540466,2,2026/07/20
XM506181,炎の精霊,33.725407,134.540466,1,2026/07/10
XM506181,風の精霊,33.725407,134.540466,2,2026/08/02
XM506185,風の精霊,33.751751,134.540466,1,2026/05/16
XM506188,大地の精霊,33.764920,134.567901,1,2026/07/27
XM506245,水の精霊,33.791251,134.293553,1,2026/06/30
XM506425,炎の精霊,33.791251,134.622771,1,2026/05/20
XM506503,炎の精霊,33.804414,134.595336,1,2026/05/12
XM506505,風の精霊,33.830733,134.540466,1,2026/05/02
XM506514,大地の精霊,33.857045,134.485597,1,2026/07/07
XM506528,風の精霊,33.922787,134.403292,1,2026/07/26
XM506530,風の精霊,33.830733,134.650206,1,2026/04/19
XM506531,風の精霊,33.843890,134.622771,1,2026/06/15
XM506534,風の精霊,33.857045,134.650206,1,2026/06/24
XM506535,大地の精霊,33.870197,134.622771,1,2026/07/19
XM506538,大地の精霊,33.883348,134.650206,1,2026/07/09
XM506538,水の精霊,33.883348,134.650206,2,2026/04/13
XM506538,炎の精霊,33.883348,134.650206,1,2026/07/15
XM506538,風の精霊,33.883348,134.650206,3,2026/07/31
XM506540,大地の精霊,33.870197,134.567901,1,2026/07/07
XM506541,炎の精霊,33.883348,134.540466,1,2026/05/18
XM506543,風の精霊,33.883348,134.595336,1,2026/04/27
XM506545,炎の精霊,33.909643,134.540466,1,2026/05/16
XM506548,水の精霊,33.922787,134.567901,1,2026/07/01
XM506558,炎の精霊,33.962209,134.485597,1,2026/05/05
XM506571,大地の精霊,33.922787,134.622771,2,2026/08/01
XM506571,炎の精霊,33.922787,134.622771,1,2026/05/14
XM506575,大地の精霊,33.949070,134.622771,1,2026/07/27
XM506577,大地の精霊,33.949070,134.677641,1,2026/07/23
XM506577,水の精霊,33.949070,134.677641,1,2026/06/20
XM506581,水の精霊,33.962209,134.540466,1,2026/04/30
XM506583,大地の精霊,33.962209,134.595336,3,2026/07/29
XM506583,水の精霊,33.962209,134.595336,2,2026/04/16
XM506583,風の精霊,33.962209,134.595336,1,2026/04/21
XM506584,風の精霊,33.975345,134.567901,1,2026/04/14
XM506585,風の精霊,33.988479,134.540466,1,2026/05/24
XM506587,風の精霊,33.988479,134.595336,1,2026/05/28
XM506588,大地の精霊,34.001612,134.567901,1,2026/05/19
XM506588,水の精霊,34.001612,134.567901,1,2026/05/22
XM506630,水の精霊,33.712232,135.390947,1,2026/05/19
XM506630,風の精霊,33.712232,135.390947,3,2026/08/06
XM506631,炎の精霊,33.725407,135.363512,1,2026/04/16
XM506633,水の精霊,33.725407,135.418381,1,2026/05/16
XM506634,水の精霊,33.738580,135.390947,1,2026/07/09
XM506634,風の精霊,33.738580,135.390947,1,2026/07/08
XM506635,炎の精霊,33.751751,135.363512,1,2026/07/10
XM506635,風の精霊,33.751751,135.363512,2,2026/07/04
XM506637,大地の精霊,33.751751,135.418381,1,2026/05/05
XM506637,炎の精霊,33.751751,135.418381,1,2026/07/15
XM506637,風の精霊,33.751751,135.418381,1,2026/08/01
XM506638,風の精霊,33.764920,135.390947,1,2026/06/10
XM506644,水の精霊,33.778087,135.308642,1,2026/05/03
XM506647,大地の精霊,33.791251,135.336077,1,2026/06/11
XM506647,水の精霊,33.791251,135.336077,3,2026/06/07
XM506647,風の精霊,33.791251,135.336077,2,2026/06/17
XM506653,水の精霊,33.804414,135.253772,1,2026/04/30
XM506653,炎の精霊,33.804414,135.253772,1,2026/07/18
XM506654,大地の精霊,33.817575,135.226337,1,2026/08/05
XM506654,炎の精霊,33.817575,135.226337,1,2026/07/19
XM506654,風の精霊,33.817575,135.226337,1,2026/04/15
XM506658,炎の精霊,33.843890,135.226337,1,2026/07/19
XM506661,水の精霊,33.764920,135.445816,1,2026/06/12
XM506661,炎の精霊,33.764920,135.445816,1,2026/07/23
XM506671,大地の精霊,33.804414,135.363512,3,2026/07/09
XM506671,水の精霊,33.804414,135.363512,2,2026/07/07
XM506671,炎の精霊,33.804414,135.363512,2,2026/07/17
XM506671,風の精霊,33.804414,135.363512,1,2026/06/03
XM506681,大地の精霊,33.843890,135.281207,1,2026/07/03
XM506681,水の精霊,33.843890,135.281207,1,2026/04/17
XM506681,炎の精霊,33.843890,135.281207,1,2026/07/02
XM506685,風の精霊,33.870197,135.281207,1,2026/06/22
XM506733,大地の精霊,33.843890,135.171468,1,2026/06/29
XM506733,水の精霊,33.843890,135.171468,1,2026/07/06
XM506737,炎の精霊,33.870197,135.171468,1,2026/07/16
XM506737,風の精霊,33.870197,135.171468,1,2026/07/30
XM506761,大地の精霊,33.883348,135.198903,1,2026/07/20
XM506761,風の精霊,33.883348,135.198903,2,2026/08/04
XM506762,水の精霊,33.896496,135.171468,1,2026/05/05
XM506765,水の精霊,33.909643,135.198903,1,2026/06/25
XM506771,大地の精霊,33.922787,135.116598,1,2026/07/28
XM506771,水の精霊,33.922787,135.116598,1,2026/07/17
XM506773,大地の精霊,33.922787,135.171468,1,2026/05/15
XM506773,水の精霊,33.922787,135.171468,1,2026/05/05
XM506774,大地の精霊,33.935930,135.144033,2,2026/05/17
XM506774,水の精霊,33.935930,135.144033,1,2026/06/25
XM506787,大地の精霊,33.988479,135.089163,1,2026/07/24
XM506787,水の精霊,33.988479,135.089163,2,2026/06/27
XM506820,大地の精霊,33.988479,134.650206,3,2026/07/13
XM506820,水の精霊,33.988479,134.650206,2,2026/06/27
XM506820,炎の精霊,33.988479,134.650206,1,2026/05/10
XM506820,風の精霊,33.988479,134.650206,2,2026/07/06
XM507113,大地の精霊,33.962209,133.772291,1,2026/05/10
XM507113,炎の精霊,33.962209,133.772291,2,2026/05/16
XM507128,大地の精霊,34.040996,133.662551,1,2026/06/01
XM507128,炎の精霊,34.040996,133.662551,1,2026/04/16
XM507145,風の精霊,34.027870,133.799726,1,2026/05/06
XM507147,炎の精霊,34.027870,133.854595,1,2026/04/20
XM507147,風の精霊,34.027870,133.854595,2,2026/06/20
XM507165,大地の精霊,34.027870,133.964335,1,2026/04/29
XM507167,大地の精霊,34.027870,134.019204,1,2026/06/19
XM507167,水の精霊,34.027870,134.019204,2,2026/06/24
XM507167,炎の精霊,34.027870,134.019204,1,2026/06/01
XM507167,風の精霊,34.027870,134.019204,1,2026/06/06
XM507168,水の精霊,34.040996,133.991770,1,2026/05/15
XM507168,風の精霊,34.040996,133.991770,2,2026/05/12
XM507171,大地の精霊,34.040996,133.882030,1,2026/07/18
XM507171,水の精霊,34.040996,133.882030,1,2026/06/03
XM507171,炎の精霊,34.040996,133.882030,1,2026/05/18
XM507173,大地の精霊,34.040996,133.936900,3,2026/07/07
XM507173,炎の精霊,34.040996,133.936900,1,2026/05/03
XM507177,水の精霊,34.067243,133.936900,1,2026/05/10
XM507185,大地の精霊,34.106597,133.799726,2,2026/08/01
XM507185,水の精霊,34.106597,133.799726,2,2026/06/21
XM507185,炎の精霊,34.106597,133.799726,1,2026/07/18
XM507185,風の精霊,34.106597,133.799726,2,2026/07/13
XM507188,炎の精霊,34.119711,133.827160,1,2026/05/18
XM507188,風の精霊,34.119711,133.827160,1,2026/04/20
XM507200,風の精霊,34.027870,133.580247,3,2026/06/21
XM507203,水の精霊,34.040996,133.607682,3,2026/07/21
XM507203,炎の精霊,34.040996,133.607682,1,2026/07/19
XM507203,風の精霊,34.040996,133.607682,1,2026/06/05
XM507230,炎の精霊,34.067243,133.662551,1,2026/05/28
XM507234,大地の精霊,34.093481,133.662551,1,2026/05/02
XM507234,炎の精霊,34.093481,133.662551,1,2026/07/17
XM507237,水の精霊,34.106597,133.689986,3,2026/05/30
XM507237,炎の精霊,34.106597,133.689986,1,2026/04/23
XM507237,風の精霊,34.106597,133.689986,3,2026/08/04
XM507238,大地の精霊,34.119711,133.662551,1,2026/05/27
XM507238,水の精霊,34.119711,133.662551,1,2026/04/24
XM507238,風の精霊,34.119711,133.662551,1,2026/06/28
XM507260,水の精霊,34.106597,133.744856,1,2026/07/02
XM507260,風の精霊,34.106597,133.744856,1,2026/07/21
XM507263,大地の精霊,34.119711,133.772291,2,2026/05/02
XM507268,水の精霊,34.159041,133.744856,1,2026/06/23
XM507273,水の精霊,34.159041,133.689986,1,2026/05/12
XM507277,水の精霊,34.185251,133.689986,1,2026/07/15
XM507278,大地の精霊,34.198353,133.662551,1,2026/05/15
XM507278,水の精霊,34.198353,133.662551,1,2026/04/18
XM507278,風の精霊,34.198353,133.662551,1,2026/04/19
XM507328,大地の精霊,34.040996,134.156379,1,2026/05/22
XM507328,炎の精霊,34.040996,134.156379,1,2026/07/19
XM507328,風の精霊,34.040996,134.156379,4,2026/06/22
XM507333,水の精霊,33.962209,134.430727,1,2026/05/17
XM507337,炎の精霊,33.988479,134.430727,1,2026/06/15
XM507337,風の精霊,33.988479,134.430727,1,2026/06/04
XM507343,大地の精霊,34.001612,134.348422,1,2026/06/15
XM507343,炎の精霊,34.001612,134.348422,1,2026/07/27
XM507345,大地の精霊,34.027870,134.293553,1,2026/04/25
XM507350,大地の精霊,34.027870,134.238683,1,2026/04/26
XM507353,大地の精霊,34.040996,134.266118,1,2026/05/17
XM507354,大地の精霊,34.054121,134.238683,1,2026/06/18
XM507354,水の精霊,34.054121,134.238683,2,2026/05/23
XM507354,炎の精霊,34.054121,134.238683,1,2026/07/05
XM507355,風の精霊,34.067243,134.211248,1,2026/06/13
XM507357,大地の精霊,34.067243,134.266118,1,2026/07/08
XM507357,水の精霊,34.067243,134.266118,1,2026/06/23
XM507357,風の精霊,34.067243,134.266118,1,2026/08/08
XM507363,風の精霊,34.001612,134.513032,1,2026/04/30
XM507367,大地の精霊,34.027870,134.513032,1,2026/04/19
XM507368,炎の精霊,34.040996,134.485597,1,2026/07/03
XM507373,風の精霊,34.040996,134.430727,1,2026/05/25
XM507375,風の精霊,34.067243,134.375857,1,2026/04/14
XM507377,水の精霊,34.067243,134.430727,1,2026/05/31
XM507378,風の精霊,34.080363,134.403292,1,2026/07/26
XM507380,大地の精霊,34.067243,134.320988,1,2026/08/02
XM507380,炎の精霊,34.067243,134.320988,1,2026/05/10
XM507381,風の精霊,34.080363,134.293553,1,2026/05/25
XM507383,水の精霊,34.080363,134.348422,1,2026/06/09
XM507384,大地の精霊,34.093481,134.320988,1,2026/05/27
XM507385,風の精霊,34.106597,134.293553,1,2026/05/15
XM507387,水の精霊,34.106597,134.348422,1,2026/08/01
XM507387,風の精霊,34.106597,134.348422,1,2026/05/06
XM507404,大地の精霊,34.054121,134.074074,1,2026/07/20
XM507425,炎の精霊,34.145933,133.882030,1,2026/05/11
XM507430,大地の精霊,34.067243,134.156379,1,2026/07/11
XM507433,大地の精霊,34.080363,134.183813,1,2026/06/14
XM507433,風の精霊,34.080363,134.183813,1,2026/04/24
XM507448,大地の精霊,34.159041,134.074074,1,2026/05/14
XM507455,大地の精霊,34.185251,133.964335,1,2026/07/25
XM507455,風の精霊,34.185251,133.964335,3,2026/07/20
XM507460,大地の精霊,34.106597,134.238683,1,2026/06/08
XM507460,水の精霊,34.106597,134.238683,1,2026/04/14
XM507460,風の精霊,34.106597,134.238683,1,2026/08/03
XM507463,大地の精霊,34.119711,134.266118,1,2026/07/12
XM507463,炎の精霊,34.119711,134.266118,1,2026/06/30
XM507485,炎の精霊,34.224550,134.046639,1,2026/04/25
XM507485,風の精霊,34.224550,134.046639,1,2026/05/26
XM507501,大地の精霊,34.159041,133.799726,1,2026/05/19
XM507503,風の精霊,34.159041,133.854595,1,2026/06/19
XM507504,風の精霊,34.172147,133.827160,1,2026/05/01
XM507507,風の精霊,34.185251,133.854595,1,2026/06/20
XM507510,炎の精霊,34.185251,133.744856,1,2026/07/05
XM507511,水の精霊,34.198353,133.717421,1,2026/07/11
XM507517,風の精霊,34.224550,133.772291,1,2026/05/06
XM507518,大地の精霊,34.237646,133.744856,1,2026/07/14
XM507520,炎の精霊,34.224550,133.662551,2,2026/07/22
XM507520,風の精霊,34.224550,133.662551,1,2026/05/13
XM507521,風の精霊,34.237646,133.635117,1,2026/06/09
XM507531,炎の精霊,34.198353,133.882030,1,2026/07/10
XM507535,水の精霊,34.224550,133.882030,1,2026/06/27
XM507538,大地の精霊,34.237646,133.909465,1,2026/07/17
XM507541,風の精霊,34.237646,133.799726,2,2026/05/29
XM507543,炎の精霊,34.237646,133.854595,1,2026/05/14
XM507544,水の精霊,34.250740,133.827160,1,2026/08/07
XM507544,炎の精霊,34.250740,133.827160,1,2026/07/12
XM507545,大地の精霊,34.263831,133.799726,1,2026/07/16
XM507545,風の精霊,34.263831,133.799726,1,2026/05/26
XM507547,大地の精霊,34.263831,133.854595,1,2026/07/22
XM507548,風の精霊,34.276921,133.827160,1,2026/06/13
XM507550,大地の精霊,34.263831,133.744856,1,2026/08/02
XM507550,炎の精霊,34.263831,133.744856,2,2026/07/05
XM507550,風の精霊,34.263831,133.744856,1,2026/04/22
XM507553,水の精霊,34.276921,133.772291,2,2026/07/19
XM507553,風の精霊,34.276921,133.772291,3,2026/07/31
XM507557,大地の精霊,34.303094,133.772291,2,2026/08/07
XM507557,炎の精霊,34.303094,133.772291,1,2026/06/19
XM507561,水の精霊,34.237646,133.964335,2,2026/05/23
XM507561,炎の精霊,34.237646,133.964335,2,2026/05/29
XM507563,風の精霊,34.237646,134.019204,1,2026/06/18
XM507568,炎の精霊,34.276921,133.991770,1,2026/07/19
XM507568,風の精霊,34.276921,133.991770,1,2026/06/09
XM507571,炎の精霊,34.276921,133.882030,1,2026/08/07
XM507573,水の精霊,34.276921,133.936900,2,2026/07/12
XM507574,大地の精霊,34.290008,133.909465,1,2026/08/08
XM507574,炎の精霊,34.290008,133.909465,1,2026/08/05
XM507574,風の精霊,34.290008,133.909465,1,2026/07/28
XM507577,大地の精霊,34.303094,133.936900,1,2026/06/09
XM507578,炎の精霊,34.316177,133.909465,1,2026/06/11
XM507578,風の精霊,34.316177,133.909465,1,2026/04/19
XM507580,大地の精霊,34.303094,133.827160,2,2026/07/27
XM507580,風の精霊,34.303094,133.827160,1,2026/06/19
XM507583,水の精霊,34.316177,133.854595,1,2026/06/22
XM507583,炎の精霊,34.316177,133.854595,1,2026/07/16
XM507583,風の精霊,34.316177,133.854595,2,2026/07/25
XM507584,大地の精霊,34.329259,133.827160,1,2026/07/24
XM507584,炎の精霊,34.329259,133.827160,2,2026/05/30
XM507601,水の精霊,34.040996,134.540466,1,2026/06/17
XM507601,風の精霊,34.040996,134.540466,2,2026/07/09
XM507603,風の精霊,34.040996,134.595336,1,2026/07/08
XM507610,大地の精霊,34.067243,134.485597,1,2026/07/30
XM507611,大地の精霊,34.080363,134.458162,1,2026/05/26
XM507611,風の精霊,34.080363,134.458162,2,2026/06/04
XM507614,風の精霊,34.093481,134.485597,2,2026/06/24
XM507615,大地の精霊,34.106597,134.458162,1,2026/08/01
XM507615,風の精霊,34.106597,134.458162,1,2026/06/15
XM507621,大地の精霊,34.119711,134.375857,1,2026/07/13
XM507623,水の精霊,34.119711,134.430727,1,2026/06/27
XM507624,大地の精霊,34.132823,134.403292,1,2026/05/13
XM507624,炎の精霊,34.132823,134.403292,1,2026/07/12
XM507627,炎の精霊,34.145933,134.430727,1,2026/06/02
XM507627,風の精霊,34.145933,134.430727,2,2026/06/05
XM507628,炎の精霊,34.159041,134.403292,1,2026/05/09
XM507628,風の精霊,34.159041,134.403292,1,2026/04/24
XM507640,水の精霊,34.106597,134.567901,1,2026/05/05
XM507641,水の精霊,34.119711,134.540466,1,2026/06/03
XM507643,水の精霊,34.119711,134.595336,1,2026/08/07
XM507643,風の精霊,34.119711,134.595336,1,2026/05/29
XM507645,炎の精霊,34.145933,134.540466,1,2026/05/20
XM507647,風の精霊,34.145933,134.595336,1,2026/04/12
XM507650,大地の精霊,34.145933,134.485597,1,2026/07/21
XM507650,風の精霊,34.145933,134.485597,1,2026/05/24
XM507651,水の精霊,34.159041,134.458162,1,2026/07/02
XM507651,炎の精霊,34.159041,134.458162,2,2026/07/17
XM507651,風の精霊,34.159041,134.458162,1,2026/06/14
XM507653,大地の精霊,34.159041,134.513032,1,2026/07/10
XM507653,風の精霊,34.159041,134.513032,1,2026/06/16
XM507671,水の精霊,34.159041,134.622771,1,2026/07/04
XM507675,大地の精霊,34.185251,134.622771,1,2026/08/07
XM507675,水の精霊,34.185251,134.622771,1,2026/07/05
XM507675,炎の精霊,34.185251,134.622771,3,2026/08/05
XM507675,風の精霊,34.185251,134.622771,1,2026/07/06
XM507684,大地の精霊,34.211452,134.567901,1,2026/04/28
XM507687,水の精霊,34.224550,134.595336,1,2026/05/17
XM507700,大地の精霊,34.145933,134.320988,1,2026/04/25
XM507720,風の精霊,34.224550,134.156379,1,2026/05/31
XM507721,大地の精霊,34.237646,134.128944,1,2026/05/21
XM507723,大地の精霊,34.237646,134.183813,1,2026/07/21
XM507724,大地の精霊,34.250740,134.156379,1,2026/05/25
XM507724,炎の精霊,34.250740,134.156379,1,2026/04/26
XM507725,水の精霊,34.263831,134.128944,3,2026/06/25
XM507725,風の精霊,34.263831,134.128944,1,2026/04/18
XM507728,炎の精霊,34.276921,134.156379,1,2026/04/28
XM507728,風の精霊,34.276921,134.156379,1,2026/08/04
XM507734,風の精霊,34.211452,134.403292,1,2026/04/24
XM507738,風の精霊,34.237646,134.403292,1,2026/05/06
XM507743,風の精霊,34.237646,134.348422,1,2026/04/19
XM507745,大地の精霊,34.263831,134.293553,1,2026/06/28
XM507751,炎の精霊,34.276921,134.211248,1,2026/04/29
XM507753,水の精霊,34.276921,134.266118,4,2026/07/19
XM507753,炎の精霊,34.276921,134.266118,1,2026/06/29
XM507753,風の精霊,34.276921,134.266118,1,2026/05/14
XM507754,水の精霊,34.290008,134.238683,1,2026/05/03
XM507755,炎の精霊,34.303094,134.211248,1,2026/07/22
XM507800,炎の精霊,34.263831,134.074074,1,2026/07/28
XM507800,風の精霊,34.263831,134.074074,2,2026/06/04
XM507801,大地の精霊,34.276921,134.046639,1,2026/07/30
XM507801,水の精霊,34.276921,134.046639,1,2026/06/02
XM507803,大地の精霊,34.276921,134.101509,1,2026/05/12
XM507804,大地の精霊,34.290008,134.074074,1,2026/04/21
XM507804,水の精霊,34.290008,134.074074,1,2026/06/12
XM507805,大地の精霊,34.303094,134.046639,1,2026/05/09
XM507807,炎の精霊,34.303094,134.101509,1,2026/08/02
XM507807,風の精霊,34.303094,134.101509,1,2026/07/24
XM507808,水の精霊,34.316177,134.074074,1,2026/06/26
XM507808,炎の精霊,34.316177,134.074074,1,2026/07/16
XM507810,大地の精霊,34.303094,133.991770,1,2026/06/05
XM507810,炎の精霊,34.303094,133.991770,1,2026/05/23
XM507811,大地の精霊,34.316177,133.964335,1,2026/05/07
XM507811,炎の精霊,34.316177,133.964335,1,2026/06/10
XM507811,風の精霊,34.316177,133.964335,1,2026/05/26
XM507813,大地の精霊,34.316177,134.019204,1,2026/05/05
XM507814,風の精霊,34.329259,133.991770,1,2026/05/20
XM507817,水の精霊,34.342338,134.019204,1,2026/07/01
XM507818,大地の精霊,34.355416,133.991770,2,2026/06/12
XM507818,炎の精霊,34.355416,133.991770,1,2026/06/03
XM507818,風の精霊,34.355416,133.991770,1,2026/06/16
XM507820,大地の精霊,34.342338,133.909465,1,2026/08/04
XM507820,水の精霊,34.342338,133.909465,1,2026/06/23
XM507824,風の精霊,34.368491,133.909465,1,2026/05/08
XM507830,水の精霊,34.303094,134.156379,1,2026/07/22
XM507830,風の精霊,34.303094,134.156379,2,2026/07/24
XM507833,大地の精霊,34.316177,134.183813,1,2026/07/27
XM507833,風の精霊,34.316177,134.183813,3,2026/07/13
XM507834,水の精霊,34.329259,134.156379,1,2026/07/04
XM507834,風の精霊,34.329259,134.156379,1,2026/05/24
XM507835,水の精霊,34.342338,134.128944,1,2026/06/13
XM507835,炎の精霊,34.342338,134.128944,1,2026/04/30
XM507835,風の精霊,34.342338,134.128944,1,2026/05/27
XM507840,風の精霊,34.342338,134.074074,1,2026/06/28
XM507843,水の精霊,34.355416,134.101509,1,2026/07/18
XM507843,炎の精霊,34.355416,134.101509,2,2026/07/16
XM507843,風の精霊,34.355416,134.101509,3,2026/06/21
XM507870,風の精霊,34.381564,134.156379,1,2026/05/13
XM507871,水の精霊,34.394636,134.128944,4,2026/07/01
XM507871,炎の精霊,34.394636,134.128944,2,2026/07/31
XM507871,風の精霊,34.394636,134.128944,2,2026/06/10
XM508100,大地の精霊,34.263831,133.086420,1,2026/05/05
XM508115,炎の精霊,34.342338,132.976680,1,2026/07/25
XM508117,水の精霊,34.342338,133.031550,1,2026/07/16
XM508117,炎の精霊,34.342338,133.031550,1,2026/05/29
XM508117,風の精霊,34.342338,133.031550,1,2026/07/03
XM508120,水の精霊,34.342338,132.921811,1,2026/05/27
XM508121,炎の精霊,34.355416,132.894376,1,2026/07/25
XM508124,風の精霊,34.368491,132.921811,1,2026/05/21
XM508135,炎の精霊,34.342338,133.141289,1,2026/07/11
XM508143,炎の精霊,34.355416,133.113855,1,2026/07/27
XM508144,大地の精霊,34.368491,133.086420,1,2026/05/30
XM508144,水の精霊,34.368491,133.086420,1,2026/07/18
XM508144,炎の精霊,34.368491,133.086420,1,2026/05/17
XM508145,大地の精霊,34.381564,133.058985,1,2026/08/01
XM508145,炎の精霊,34.381564,133.058985,1,2026/06/22
XM508147,大地の精霊,34.381564,133.113855,1,2026/06/12
XM508147,水の精霊,34.381564,133.113855,1,2026/05/15
XM508147,炎の精霊,34.381564,133.113855,1,2026/06/12
XM508148,風の精霊,34.394636,133.086420,1,2026/07/01
XM508150,大地の精霊,34.381564,133.004115,1,2026/05/07
XM508150,水の精霊,34.381564,133.004115,1,2026/06/25
XM508153,風の精霊,34.394636,133.031550,1,2026/07/05
XM508154,風の精霊,34.407705,133.004115,1,2026/06/27
XM508155,風の精霊,34.420772,132.976680,2,2026/05/19
XM508157,大地の精霊,34.420772,133.031550,1,2026/07/13
XM508158,風の精霊,34.433837,133.004115,1,2026/04/27
XM508170,風の精霊,34.381564,133.168724,1,2026/05/08
XM508173,水の精霊,34.394636,133.196159,1,2026/05/27
XM508174,風の精霊,34.407705,133.168724,1,2026/05/04
XM508177,水の精霊,34.420772,133.196159,1,2026/05/01
XM508177,炎の精霊,34.420772,133.196159,1,2026/07/14
XM508177,風の精霊,34.420772,133.196159,1,2026/04/20
XM508183,大地の精霊,34.433837,133.113855,2,2026/06/23
XM508183,炎の精霊,34.433837,133.113855,2,2026/08/03
XM508188,水の精霊,34.473020,133.086420,2,2026/07/11
XM508188,風の精霊,34.473020,133.086420,1,2026/07/28
XM508204,水の精霊,34.407705,132.839506,1,2026/06/27
XM508204,炎の精霊,34.407705,132.839506,1,2026/05/15
XM508208,大地の精霊,34.433837,132.839506,1,2026/05/06
XM508208,風の精霊,34.433837,132.839506,1,2026/07/15
XM508211,風の精霊,34.433837,132.729767,2,2026/04/28
XM508213,炎の精霊,34.433837,132.784636,1,2026/07/19
XM508213,風の精霊,34.433837,132.784636,1,2026/04/21
XM508214,水の精霊,34.446900,132.757202,3,2026/06/26
XM508214,風の精霊,34.446900,132.757202,1,2026/05/20
XM508215,風の精霊,34.459961,132.729767,1,2026/05/02
XM508221,大地の精霊,34.473020,132.647462,1,2026/07/14
XM508221,水の精霊,34.473020,132.647462,2,2026/05/12
XM508221,風の精霊,34.473020,132.647462,1,2026/07/09
XM508224,風の精霊,34.486077,132.674897,1,2026/05/22
XM508230,大地の精霊,34.420772,132.921811,1,2026/06/18
XM508230,水の精霊,34.420772,132.921811,1,2026/07/04
XM508230,炎の精霊,34.420772,132.921811,1,2026/07/19
XM508230,風の精霊,34.420772,132.921811,1,2026/05/31
XM508231,炎の精霊,34.433837,132.894376,1,2026/04/26
XM508241,風の精霊,34.473020,132.812071,1,2026/05/21
XM508243,水の精霊,34.473020,132.866941,1,2026/04/14
XM508243,風の精霊,34.473020,132.866941,1,2026/06/08
XM508250,炎の精霊,34.499132,132.757202,1,2026/07/11
XM508250,風の精霊,34.499132,132.757202,1,2026/07/17
XM508253,水の精霊,34.512185,132.784636,2,2026/07/22
XM508254,大地の精霊,34.525236,132.757202,1,2026/08/05
XM508254,水の精霊,34.525236,132.757202,1,2026/07/09
XM508254,炎の精霊,34.525236,132.757202,1,2026/07/26
XM508257,大地の精霊,34.538285,132.784636,1,2026/05/15
XM508257,炎の精霊,34.538285,132.784636,1,2026/05/11
XM508263,炎の精霊,34.473020,133.031550,1,2026/07/26
XM508264,炎の精霊,34.486077,133.004115,1,2026/05/01
XM508285,大地の精霊,34.577419,132.812071,1,2026/08/04
XM508285,水の精霊,34.577419,132.812071,1,2026/07/02
XM508325,大地の精霊,34.381564,133.388203,1,2026/07/22
XM508325,炎の精霊,34.381564,133.388203,2,2026/07/31
XM508388,大地の精霊,34.473020,133.580247,1,2026/07/16
XM508388,水の精霊,34.473020,133.580247,1,2026/06/09
XM508388,炎の精霊,34.473020,133.580247,1,2026/06/22
XM508388,風の精霊,34.473020,133.580247,1,2026/06/18
XM508400,大地の精霊,34.381564,133.333333,1,2026/05/29
XM508400,炎の精霊,34.381564,133.333333,2,2026/07/27
XM508401,炎の精霊,34.394636,133.305898,1,2026/06/20
XM508403,水の精霊,34.394636,133.360768,1,2026/05/16
XM508406,大地の精霊,34.407705,133.388203,1,2026/07/22
XM508408,大地の精霊,34.433837,133.333333,1,2026/06/21
XM508411,水の精霊,34.433837,133.223594,1,2026/06/24
XM508411,風の精霊,34.433837,133.223594,1,2026/06/16
XM508413,水の精霊,34.433837,133.278464,1,2026/06/23
XM508414,大地の精霊,34.446900,133.251029,1,2026/07/04
XM508414,水の精霊,34.446900,133.251029,1,2026/06/18
XM508414,炎の精霊,34.446900,133.251029,1,2026/08/02
XM508414,風の精霊,34.446900,133.251029,1,2026/05/17
XM508415,炎の精霊,34.459961,133.223594,1,2026/05/30
XM508415,風の精霊,34.459961,133.223594,1,2026/07/23
XM508417,水の精霊,34.459961,133.278464,1,2026/07/06
XM508417,風の精霊,34.459961,133.278464,1,2026/06/04
XM508418,大地の精霊,34.473020,133.251029,1,2026/05/10
XM508418,水の精霊,34.473020,133.251029,1,2026/06/28
XM508418,炎の精霊,34.473020,133.251029,1,2026/05/06
XM508420,炎の精霊,34.459961,133.168724,1,2026/08/07
XM508431,風の精霊,34.433837,133.388203,1,2026/06/19
XM508434,大地の精霊,34.446900,133.415638,1,2026/08/01
XM508434,炎の精霊,34.446900,133.415638,1,2026/06/11
XM508435,水の精霊,34.459961,133.388203,1,2026/06/03
XM508438,水の精霊,34.473020,133.415638,4,2026/07/20
XM508438,炎の精霊,34.473020,133.415638,1,2026/07/24
XM508440,炎の精霊,34.459961,133.333333,4,2026/07/16
XM508440,風の精霊,34.459961,133.333333,1,2026/06/02
XM508443,炎の精霊,34.473020,133.360768,1,2026/04/26
XM508443,風の精霊,34.473020,133.360768,1,2026/06/01
XM508445,風の精霊,34.499132,133.305898,2,2026/04/27
XM508447,炎の精霊,34.499132,133.360768,2,2026/06/17
XM508457,水の精霊,34.538285,133.278464,1,2026/06/09
XM508458,水の精霊,34.551331,133.251029,1,2026/06/25
XM508458,風の精霊,34.551331,133.251029,2,2026/05/24
XM508460,大地の精霊,34.459961,133.497942,1,2026/04/13
XM508460,炎の精霊,34.459961,133.497942,1,2026/06/27
XM508460,風の精霊,34.459961,133.497942,1,2026/08/06
XM508463,大地の精霊,34.473020,133.525377,1,2026/05/24
XM508464,炎の精霊,34.486077,133.497942,1,2026/06/28
XM508464,風の精霊,34.486077,133.497942,1,2026/06/06
XM508465,水の精霊,34.499132,133.470508,1,2026/04/21
XM508467,大地の精霊,34.499132,133.525377,2,2026/07/27
XM508467,炎の精霊,34.499132,133.525377,2,2026/07/27
XM508467,風の精霊,34.499132,133.525377,1,2026/04/22
XM508471,炎の精霊,34.512185,133.388203,1,2026/07/31
XM508473,水の精霊,34.512185,133.443073,1,2026/06/01
XM508474,炎の精霊,34.525236,133.415638,1,2026/07/21
XM508475,大地の精霊,34.538285,133.388203,1,2026/04/16
XM508477,炎の精霊,34.538285,133.443073,1,2026/05/23
XM508477,風の精霊,34.538285,133.443073,1,2026/04/12
XM508478,大地の精霊,34.551331,133.415638,2,2026/07/18
XM508478,風の精霊,34.551331,133.415638,1,2026/06/14
XM508480,風の精霊,34.538285,133.333333,1,2026/07/27
XM508481,大地の精霊,34.551331,133.305898,1,2026/08/07
XM508481,水の精霊,34.551331,133.305898,1,2026/06/05
XM508483,炎の精霊,34.551331,133.360768,1,2026/04/15
XM508483,風の精霊,34.551331,133.360768,1,2026/06/28
XM508484,水の精霊,34.564376,133.333333,1,2026/04/20
XM508487,風の精霊,34.577419,133.360768,1,2026/05/22
XM508503,水の精霊,34.512185,133.113855,1,2026/04/20
XM508505,風の精霊,34.538285,133.058985,1,2026/05/12
XM508510,風の精霊,34.538285,133.004115,1,2026/07/26
XM508527,炎の精霊,34.616534,132.949246,1,2026/05/31
XM508527,風の精霊,34.616534,132.949246,1,2026/06/28
XM508541,炎の精霊,34.590459,133.058985,1,2026/08/04
XM508541,風の精霊,34.590459,133.058985,2,2026/07/28
XM508548,大地の精霊,34.629569,133.086420,1,2026/05/01
XM508563,水の精霊,34.590459,133.278464,1,2026/06/21
XM508563,風の精霊,34.590459,133.278464,1,2026/07/13
XM508581,風の精霊,34.668660,133.058985,1,2026/04/27
XM508600,水の精霊,34.381564,133.827160,1,2026/06/21
XM508600,炎の精霊,34.381564,133.827160,2,2026/06/17
XM508615,大地の精霊,34.459961,133.717421,2,2026/05/10
XM508617,炎の精霊,34.459961,133.772291,3,2026/07/29
XM508617,風の精霊,34.459961,133.772291,7,2026/08/02
XM508637,大地の精霊,34.459961,133.936900,1,2026/06/01
XM508637,炎の精霊,34.459961,133.936900,2,2026/05/19
XM508638,大地の精霊,34.473020,133.909465,1,2026/05/24
XM508638,炎の精霊,34.473020,133.909465,1,2026/05/24
XM508638,風の精霊,34.473020,133.909465,1,2026/07/19
XM508641,炎の精霊,34.473020,133.799726,1,2026/08/08
XM508643,水の精霊,34.473020,133.854595,2,2026/08/03
XM508643,炎の精霊,34.473020,133.854595,1,2026/04/28
XM508643,風の精霊,34.473020,133.854595,1,2026/05/13
XM508644,炎の精霊,34.486077,133.827160,1,2026/06/30
XM508644,風の精霊,34.486077,133.827160,1,2026/04/27
XM508647,風の精霊,34.499132,133.854595,1,2026/05/24
XM508648,炎の精霊,34.512185,133.827160,1,2026/05/11
XM508653,大地の精霊,34.512185,133.772291,2,2026/05/14
XM508653,炎の精霊,34.512185,133.772291,2,2026/04/29
XM508657,風の精霊,34.538285,133.772291,1,2026/06/16
XM508660,炎の精霊,34.459961,133.991770,1,2026/04/29
XM508660,風の精霊,34.459961,133.991770,1,2026/06/18
XM508665,水の精霊,34.499132,133.964335,1,2026/06/29
XM508665,炎の精霊,34.499132,133.964335,2,2026/06/12
XM508665,風の精霊,34.499132,133.964335,2,2026/07/23
XM508673,水の精霊,34.512185,133.936900,1,2026/07/30
XM508673,風の精霊,34.512185,133.936900,1,2026/07/13
XM508675,大地の精霊,34.538285,133.882030,1,2026/07/04
XM508678,大地の精霊,34.551331,133.909465,1,2026/04/13
XM508680,大地の精霊,34.538285,133.827160,1,2026/05/04
XM508681,大地の精霊,34.551331,133.799726,2,2026/07/10
XM508681,炎の精霊,34.551331,133.799726,1,2026/06/06
XM508683,風の精霊,34.551331,133.854595,1,2026/05/27
XM508685,風の精霊,34.577419,133.799726,1,2026/07/14
XM508688,大地の精霊,34.590459,133.827160,1,2026/08/06
XM508700,大地の精霊,34.499132,133.580247,1,2026/05/09
XM508703,風の精霊,34.512185,133.607682,1,2026/05/22
XM508704,大地の精霊,34.525236,133.580247,1,2026/07/17
XM508704,風の精霊,34.525236,133.580247,2,2026/05/28
XM508705,風の精霊,34.538285,133.552812,1,2026/08/05
XM508708,炎の精霊,34.551331,133.580247,1,2026/07/29
XM508708,風の精霊,34.551331,133.580247,1,2026/07/02
XM508711,大地の精霊,34.551331,133.470508,1,2026/06/12
XM508711,炎の精霊,34.551331,133.470508,1,2026/07/03
XM508715,風の精霊,34.577419,133.470508,2,2026/05/31
XM508717,大地の精霊,34.577419,133.525377,1,2026/05/18
XM508717,風の精霊,34.577419,133.525377,1,2026/04/15
XM508718,大地の精霊,34.590459,133.497942,1,2026/05/21
XM508718,風の精霊,34.590459,133.497942,2,2026/07/13
XM508720,水の精霊,34.577419,133.415638,3,2026/06/25
XM508720,風の精霊,34.577419,133.415638,1,2026/04/26
XM508721,大地の精霊,34.590459,133.388203,1,2026/07/11
XM508723,風の精霊,34.590459,133.443073,2,2026/06/16
XM508727,大地の精霊,34.616534,133.443073,1,2026/05/07
XM508727,風の精霊,34.616534,133.443073,1,2026/05/23
XM508731,大地の精霊,34.551331,133.635117,2,2026/05/18
XM508731,炎の精霊,34.551331,133.635117,1,2026/07/20
XM508733,風の精霊,34.551331,133.689986,1,2026/07/01
XM508734,炎の精霊,34.564376,133.662551,2,2026/07/04
XM508734,風の精霊,34.564376,133.662551,1,2026/06/04
XM508735,風の精霊,34.577419,133.635117,1,2026/07/13
XM508737,炎の精霊,34.577419,133.689986,1,2026/07/18
XM508737,風の精霊,34.577419,133.689986,1,2026/07/03
XM508738,水の精霊,34.590459,133.662551,1,2026/07/23
XM508741,水の精霊,34.590459,133.552812,1,2026/07/06
XM508741,炎の精霊,34.590459,133.552812,1,2026/05/04
XM508741,風の精霊,34.590459,133.552812,1,2026/06/27
XM508743,水の精霊,34.590459,133.607682,1,2026/06/02
XM508744,大地の精霊,34.603498,133.580247,1,2026/07/30
XM508744,水の精霊,34.603498,133.580247,1,2026/05/27
XM508744,風の精霊,34.603498,133.580247,1,2026/04/14
XM508745,風の精霊,34.616534,133.552812,1,2026/07/01
XM508747,水の精霊,34.616534,133.607682,2,2026/07/26
XM508748,風の精霊,34.629569,133.580247,1,2026/05/02
XM508750,風の精霊,34.616534,133.497942,1,2026/05/20
XM508751,炎の精霊,34.629569,133.470508,2,2026/08/01
XM508760,風の精霊,34.577419,133.744856,3,2026/06/27
XM508761,大地の精霊,34.590459,133.717421,1,2026/08/05
XM508761,風の精霊,34.590459,133.717421,1,2026/06/18
XM508763,大地の精霊,34.590459,133.772291,1,2026/07/15
XM508763,風の精霊,34.590459,133.772291,1,2026/06/13
XM508764,炎の精霊,34.603498,133.744856,1,2026/07/21
XM508764,風の精霊,34.603498,133.744856,1,2026/05/22
XM508767,風の精霊,34.616534,133.772291,3,2026/05/31
XM508770,水の精霊,34.616534,133.662551,1,2026/05/25
XM508778,風の精霊,34.668660,133.662551,1,2026/05/05
XM508783,大地の精霊,34.668660,133.607682,1,2026/05/21
XM508783,風の精霊,34.668660,133.607682,1,2026/06/04
XM508788,大地の精霊,34.707733,133.580247,1,2026/07/24
XM508788,水の精霊,34.707733,133.580247,1,2026/06/18
XM508788,炎の精霊,34.707733,133.580247,1,2026/08/05
XM508788,風の精霊,34.707733,133.580247,1,2026/06/06
XM508830,風の精霊,34.655632,133.415638,1,2026/04/13
XM508833,炎の精霊,34.668660,133.443073,1,2026/05/15
XM508868,風の精霊,34.746787,133.497942,1,2026/05/26
XM510021,大地の精霊,33.883348,130.919067,1,2026/05/24
XM510023,風の精霊,33.883348,130.973937,1,2026/07/06
XM510024,大地の精霊,33.896496,130.946502,1,2026/05/16
XM510024,水の精霊,33.896496,130.946502,1,2026/06/19
XM510024,炎の精霊,33.896496,130.946502,1,2026/05/31
XM510027,風の精霊,33.909643,130.973937,1,2026/06/30
XM510028,大地の精霊,33.922787,130.946502,1,2026/04/30
XM510028,水の精霊,33.922787,130.946502,1,2026/05/02
XM510028,炎の精霊,33.922787,130.946502,1,2026/04/30
XM510028,風の精霊,33.922787,130.946502,1,2026/06/09
XM510051,大地の精霊,33.922787,131.001372,1,2026/07/31
XM510051,風の精霊,33.922787,131.001372,2,2026/07/13
XM510055,大地の精霊,33.949070,131.001372,3,2026/07/23
XM510055,水の精霊,33.949070,131.001372,1,2026/07/17
XM510055,風の精霊,33.949070,131.001372,1,2026/06/08
XM510075,水の精霊,33.949070,131.165981,1,2026/06/20
XM510075,炎の精霊,33.949070,131.165981,1,2026/06/21
XM510078,風の精霊,33.962209,131.193416,1,2026/07/19
XM510100,大地の精霊,33.909643,130.864198,2,2026/08/06
XM510100,炎の精霊,33.909643,130.864198,2,2026/07/24
XM510100,風の精霊,33.909643,130.864198,2,2026/08/04
XM510107,水の精霊,33.949070,130.891632,1,2026/06/25
XM510107,風の精霊,33.949070,130.891632,2,2026/07/18
XM510134,風の精霊,33.975345,130.946502,1,2026/06/13
XM510135,大地の精霊,33.988479,130.919067,1,2026/05/25
XM510135,水の精霊,33.988479,130.919067,1,2026/07/01
XM510137,大地の精霊,33.988479,130.973937,1,2026/05/28
XM510161,炎の精霊,34.001612,131.001372,1,2026/04/29
XM510161,風の精霊,34.001612,131.001372,1,2026/06/27
XM510168,大地の精霊,34.040996,131.028807,1,2026/06/12
XM510168,炎の精霊,34.040996,131.028807,1,2026/08/01
XM510170,大地の精霊,34.027870,130.946502,1,2026/04/26
XM510171,大地の精霊,34.040996,130.919067,1,2026/06/06
XM510174,大地の精霊,34.054121,130.946502,1,2026/07/31
XM510174,水の精霊,34.054121,130.946502,2,2026/07/22
XM510174,風の精霊,34.054121,130.946502,1,2026/06/09
XM510178,風の精霊,34.080363,130.946502,1,2026/04/28
XM510183,風の精霊,34.080363,130.891632,2,2026/06/20
XM510310,風の精霊,33.949070,131.275720,2,2026/06/18
XM510311,大地の精霊,33.962209,131.248285,1,2026/05/06
XM510311,炎の精霊,33.962209,131.248285,1,2026/08/04
XM510311,風の精霊,33.962209,131.248285,1,2026/06/14
XM510313,風の精霊,33.962209,131.303155,1,2026/05/23
XM510318,風の精霊,34.001612,131.275720,2,2026/08/07
XM510320,水の精霊,33.988479,131.193416,1,2026/06/23
XM510320,風の精霊,33.988479,131.193416,1,2026/07/28
XM510324,大地の精霊,34.014742,131.193416,1,2026/05/10
XM510324,炎の精霊,34.014742,131.193416,1,2026/05/10
XM510327,水の精霊,34.027870,131.220850,1,2026/05/03
XM510338,炎の精霊,34.001612,131.440329,1,2026/04/25
XM510340,水の精霊,33.988479,131.358025,1,2026/06/02
XM510341,大地の精霊,34.001612,131.330590,1,2026/08/06
XM510341,炎の精霊,34.001612,131.330590,1,2026/07/26
XM510344,水の精霊,34.014742,131.358025,1,2026/06/12
XM510345,大地の精霊,34.027870,131.330590,1,2026/04/13
XM510345,風の精霊,34.027870,131.330590,1,2026/04/29
XM510348,風の精霊,34.040996,131.358025,1,2026/05/08
XM510355,炎の精霊,34.067243,131.248285,1,2026/05/23
XM510363,大地の精霊,34.001612,131.550069,1,2026/04/16
XM510363,炎の精霊,34.001612,131.550069,1,2026/05/03
XM510363,風の精霊,34.001612,131.550069,2,2026/07/12
XM510364,炎の精霊,34.014742,131.522634,1,2026/06/04
XM510364,風の精霊,34.014742,131.522634,1,2026/06/19
XM510365,大地の精霊,34.027870,131.495199,2,2026/08/02
XM510365,炎の精霊,34.027870,131.495199,1,2026/07/25
XM510367,風の精霊,34.027870,131.550069,1,2026/07/19
XM510368,大地の精霊,34.040996,131.522634,1,2026/07/06
XM510368,水の精霊,34.040996,131.522634,2,2026/05/20
XM510368,炎の精霊,34.040996,131.522634,1,2026/06/10
XM510371,大地の精霊,34.040996,131.412894,1,2026/04/23
XM510371,風の精霊,34.040996,131.412894,1,2026/05/23
XM510373,風の精霊,34.040996,131.467764,3,2026/07/23
XM510374,炎の精霊,34.054121,131.440329,1,2026/08/05
XM510375,大地の精霊,34.067243,131.412894,2,2026/05/17
XM510377,風の精霊,34.067243,131.467764,1,2026/05/25
XM510378,水の精霊,34.080363,131.440329,2,2026/07/17
XM510378,炎の精霊,34.080363,131.440329,1,2026/07/21
XM510383,炎の精霊,34.080363,131.385460,1,2026/06/21
XM510387,大地の精霊,34.106597,131.385460,1,2026/07/06
XM510387,炎の精霊,34.106597,131.385460,1,2026/05/29
XM510400,水の精霊,34.027870,131.111111,1,2026/04/23
XM510400,風の精霊,34.027870,131.111111,1,2026/07/08
XM510401,大地の精霊,34.040996,131.083676,1,2026/06/01
XM510401,炎の精霊,34.040996,131.083676,1,2026/07/16
XM510403,炎の精霊,34.040996,131.138546,1,2026/05/08
XM510405,水の精霊,34.067243,131.083676,1,2026/05/26
XM510410,水の精霊,34.067243,131.028807,1,2026/06/15
XM510413,大地の精霊,34.080363,131.056241,2,2026/07/07
XM510413,水の精霊,34.080363,131.056241,2,2026/07/01
XM510417,水の精霊,34.106597,131.056241,2,2026/07/29
XM510423,大地の精霊,34.119711,130.973937,1,2026/05/11
XM510424,大地の精霊,34.132823,130.946502,1,2026/05/10
XM510424,水の精霊,34.132823,130.946502,1,2026/06/20
XM510424,風の精霊,34.132823,130.946502,1,2026/05/25
XM510427,炎の精霊,34.145933,130.973937,1,2026/06/28
XM510428,水の精霊,34.159041,130.946502,1,2026/05/01
XM510431,炎の精霊,34.080363,131.165981,1,2026/07/23
XM510437,大地の精霊,34.106597,131.220850,1,2026/07/26
XM510450,水の精霊,34.145933,131.028807,1,2026/05/27
XM510451,風の精霊,34.159041,131.001372,1,2026/05/28
XM510474,大地の精霊,34.172147,131.193416,1,2026/06/18
XM510474,水の精霊,34.172147,131.193416,1,2026/04/23
XM510480,水の精霊,34.185251,131.111111,1,2026/04/20
XM510565,炎の精霊,34.263831,131.001372,1,2026/05/22
XM510568,風の精霊,34.276921,131.028807,1,2026/05/01
XM510574,水の精霊,34.290008,130.946502,1,2026/05/24
XM510583,水の精霊,34.316177,130.891632,1,2026/05/04
XM510601,大地の精霊,34.040996,131.577503,1,2026/05/11
XM510601,水の精霊,34.040996,131.577503,1,2026/06/29
XM510603,大地の精霊,34.040996,131.632373,2,2026/07/22
XM510604,炎の精霊,34.054121,131.604938,1,2026/05/16
XM510608,水の精霊,34.080363,131.604938,1,2026/04/23
XM510611,大地の精霊,34.080363,131.495199,1,2026/08/04
XM510611,風の精霊,34.080363,131.495199,2,2026/07/28
XM510612,風の精霊,34.093481,131.467764,1,2026/05/25
XM510613,大地の精霊,34.080363,131.550069,1,2026/07/30
XM510613,炎の精霊,34.080363,131.550069,1,2026/07/12
XM510614,大地の精霊,34.093481,131.522634,1,2026/05/09
XM510620,水の精霊,34.106597,131.440329,1,2026/04/15
XM510621,大地の精霊,34.119711,131.412894,1,2026/06/17
XM510621,水の精霊,34.119711,131.412894,1,2026/05/21
XM510621,炎の精霊,34.119711,131.412894,2,2026/07/14
XM510621,風の精霊,34.119711,131.412894,1,2026/04/17
XM510624,大地の精霊,34.132823,131.440329,1,2026/07/15
XM510625,炎の精霊,34.145933,131.412894,2,2026/05/11
XM510627,風の精霊,34.145933,131.467764,1,2026/05/16
XM510628,大地の精霊,34.159041,131.440329,1,2026/05/12
XM510628,炎の精霊,34.159041,131.440329,1,2026/05/12
XM510633,風の精霊,34.080363,131.714678,1,2026/06/05
XM510637,水の精霊,34.106597,131.714678,1,2026/07/19
XM510637,風の精霊,34.106597,131.714678,1,2026/05/13
XM510641,炎の精霊,34.119711,131.577503,1,2026/05/22
XM510650,大地の精霊,34.145933,131.522634,1,2026/05/15
XM510650,水の精霊,34.145933,131.522634,2,2026/08/05
XM510650,炎の精霊,34.145933,131.522634,1,2026/08/06
XM510651,水の精霊,34.159041,131.495199,1,2026/06/14
XM510654,水の精霊,34.172147,131.522634,1,2026/07/17
XM510654,炎の精霊,34.172147,131.522634,1,2026/06/25
XM510655,炎の精霊,34.185251,131.495199,2,2026/05/22
XM510658,炎の精霊,34.198353,131.522634,1,2026/06/24
XM510658,風の精霊,34.198353,131.522634,1,2026/05/25
XM510665,風の精霊,34.145933,131.742112,1,2026/04/13
XM510674,水の精霊,34.172147,131.687243,1,2026/07/31
XM510674,風の精霊,34.172147,131.687243,1,2026/04/25
XM510675,大地の精霊,34.185251,131.659808,1,2026/04/20
XM510678,大地の精霊,34.198353,131.687243,1,2026/05/10
XM510701,水の精霊,34.159041,131.330590,1,2026/06/17
XM510701,風の精霊,34.159041,131.330590,2,2026/05/04
XM510705,水の精霊,34.185251,131.330590,1,2026/05/21
XM510710,炎の精霊,34.185251,131.275720,1,2026/05/24
XM510710,風の精霊,34.185251,131.275720,1,2026/04/16
XM510720,水の精霊,34.224550,131.193416,1,2026/06/07
XM510731,水の精霊,34.198353,131.412894,1,2026/06/20
XM510731,炎の精霊,34.198353,131.412894,1,2026/06/21
XM510733,風の精霊,34.198353,131.467764,2,2026/07/20
XM510781,炎の精霊,34.316177,131.330590,1,2026/05/06
XM510845,水の精霊,34.381564,131.083676,1,2026/04/15
XM510845,風の精霊,34.381564,131.083676,1,2026/06/28
XM510847,炎の精霊,34.381564,131.138546,1,2026/08/02
XM510865,大地の精霊,34.381564,131.248285,2,2026/07/11
XM510865,水の精霊,34.381564,131.248285,2,2026/07/25
XM510865,炎の精霊,34.381564,131.248285,1,2026/07/26
XM510870,大地の精霊,34.381564,131.193416,2,2026/07/10
XM510870,水の精霊,34.381564,131.193416,3,2026/08/07
XM510870,炎の精霊,34.381564,131.193416,3,2026/07/31
XM510870,風の精霊,34.381564,131.193416,2,2026/06/08
XM513017,大地の精霊,34.224550,131.796982,1,2026/08/01
XM513017,風の精霊,34.224550,131.796982,2,2026/07/20
XM513021,風の精霊,34.237646,131.659808,2,2026/06/05
XM513041,炎の精霊,34.237646,131.824417,1,2026/04/26
XM513104,水の精霊,34.290008,131.604938,1,2026/04/15
XM513105,炎の精霊,34.303094,131.577503,3,2026/07/07
XM513105,風の精霊,34.303094,131.577503,1,2026/06/04
XM513110,炎の精霊,34.303094,131.522634,1,2026/04/22
XM513120,風の精霊,34.342338,131.440329,1,2026/04/17
XM513124,大地の精霊,34.368491,131.440329,1,2026/05/13
XM513124,炎の精霊,34.368491,131.440329,1,2026/07/07
XM513128,風の精霊,34.394636,131.440329,1,2026/05/15
XM513135,大地の精霊,34.342338,131.659808,1,2026/07/31
XM513135,炎の精霊,34.342338,131.659808,1,2026/05/30
XM513135,風の精霊,34.342338,131.659808,1,2026/07/13
XM513145,風の精霊,34.381564,131.577503,1,2026/05/04
XM513147,炎の精霊,34.381564,131.632373,1,2026/04/20
XM513173,炎の精霊,34.394636,131.714678,1,2026/08/08
XM513181,水の精霊,34.433837,131.577503,3,2026/06/24
XM513181,炎の精霊,34.433837,131.577503,1,2026/05/23
XM513181,風の精霊,34.433837,131.577503,4,2026/06/14
XM513184,風の精霊,34.446900,131.604938,1,2026/05/08
XM513185,炎の精霊,34.459961,131.577503,1,2026/05/19
XM513188,大地の精霊,34.473020,131.604938,1,2026/04/16
XM513188,風の精霊,34.473020,131.604938,1,2026/04/12
XM513207,水の精霊,34.420772,131.385460,1,2026/07/05
XM513207,風の精霊,34.420772,131.385460,1,2026/06/01
XM513231,水の精霊,34.433837,131.412894,1,2026/07/29
XM513231,炎の精霊,34.433837,131.412894,1,2026/06/27
XM513231,風の精霊,34.433837,131.412894,1,2026/05/23
XM513235,水の精霊,34.459961,131.412894,1,2026/07/29
XM513260,大地の精霊,34.459961,131.522634,2,2026/06/21
XM513260,炎の精霊,34.459961,131.522634,1,2026/07/16
XM513260,風の精霊,34.459961,131.522634,2,2026/07/07
XM513268,風の精霊,34.512185,131.522634,1,2026/04/14
XM513307,水の精霊,34.303094,132.126200,1,2026/04/15
XM513338,大地の精霊,34.355416,132.181070,1,2026/07/07
XM513338,水の精霊,34.355416,132.181070,1,2026/07/05
XM513338,炎の精霊,34.355416,132.181070,2,2026/06/29
XM513338,風の精霊,34.355416,132.181070,1,2026/06/27
XM513363,風の精霊,34.355416,132.290809,1,2026/06/04
XM513365,風の精霊,34.381564,132.235940,3,2026/07/09
XM513367,水の精霊,34.381564,132.290809,2,2026/07/22
XM513367,風の精霊,34.381564,132.290809,1,2026/06/28
XM513481,大地の精霊,34.551331,131.824417,1,2026/05/17
XM513513,水の精霊,34.551331,131.550069,1,2026/07/05
XM513517,風の精霊,34.577419,131.550069,1,2026/04/24
XM513603,水の精霊,34.394636,132.373114,2,2026/06/20
XM513603,炎の精霊,34.394636,132.373114,2,2026/06/28
XM513603,風の精霊,34.394636,132.373114,1,2026/06/09
XM513604,水の精霊,34.407705,132.345679,1,2026/04/30
XM513607,水の精霊,34.420772,132.373114,1,2026/07/29
XM513607,風の精霊,34.420772,132.373114,2,2026/05/23
XM513613,水の精霊,34.433837,132.290809,1,2026/06/30
XM513630,水の精霊,34.420772,132.427984,1,2026/07/02
XM513631,風の精霊,34.433837,132.400549,2,2026/07/22
XM513633,大地の精霊,34.433837,132.455418,1,2026/08/03
XM513633,炎の精霊,34.433837,132.455418,2,2026/08/03
XM513633,風の精霊,34.433837,132.455418,1,2026/07/09
XM513635,風の精霊,34.459961,132.400549,1,2026/06/04
XM513637,風の精霊,34.459961,132.455418,1,2026/07/26
XM513638,炎の精霊,34.473020,132.427984,2,2026/05/30
XM513638,風の精霊,34.473020,132.427984,1,2026/06/08
XM513647,水の精霊,34.499132,132.373114,1,2026/05/21
XM513647,炎の精霊,34.499132,132.373114,1,2026/07/27
XM513647,風の精霊,34.499132,132.373114,1,2026/05/02
XM513660,炎の精霊,34.459961,132.510288,1,2026/06/10
XM513665,大地の精霊,34.499132,132.482853,1,2026/05/01
XM513665,水の精霊,34.499132,132.482853,2,2026/05/01
XM513668,水の精霊,34.512185,132.510288,1,2026/07/19
XM513671,炎の精霊,34.512185,132.400549,1,2026/05/20
XM513673,炎の精霊,34.512185,132.455418,1,2026/05/17
XM513673,風の精霊,34.512185,132.455418,2,2026/04/12
XM513677,大地の精霊,34.538285,132.455418,2,2026/08/06
XM513678,炎の精霊,34.551331,132.427984,1,2026/05/11
XM513688,炎の精霊,34.590459,132.345679,1,2026/04/13
XM513737,風の精霊,34.577419,132.208505,1,2026/04/25
XM513763,風の精霊,34.590459,132.290809,1,2026/07/12
XM513805,水の精霊,34.655632,131.824417,1,2026/04/23
XM513805,炎の精霊,34.655632,131.824417,2,2026/06/29
XM513808,水の精霊,34.668660,131.851852,1,2026/06/16
XM513808,炎の精霊,34.668660,131.851852,1,2026/05/31
XM513808,風の精霊,34.668660,131.851852,1,2026/06/24
XM513813,炎の精霊,34.668660,131.796982,1,2026/07/23
XM513831,大地の精霊,34.668660,131.906722,1,2026/05/10
XM513831,炎の精霊,34.668660,131.906722,1,2026/07/19
XM513831,風の精霊,34.668660,131.906722,1,2026/08/04
XM513833,風の精霊,34.668660,131.961591,1,2026/05/14
XM513835,大地の精霊,34.694710,131.906722,1,2026/04/28
XM513840,大地の精霊,34.694710,131.851852,1,2026/07/12
XM513871,水の精霊,34.746787,131.906722,1,2026/07/06
XM513871,炎の精霊,34.746787,131.906722,1,2026/07/12
XM513871,風の精霊,34.746787,131.906722,1,2026/06/06
XM513874,炎の精霊,34.759801,131.934156,1,2026/05/16
XM513875,水の精霊,34.772813,131.906722,1,2026/05/25
XM513875,炎の精霊,34.772813,131.906722,1,2026/06/01
XM513877,大地の精霊,34.772813,131.961591,2,2026/08/01
XM513877,炎の精霊,34.772813,131.961591,1,2026/07/27
XM513878,風の精霊,34.785823,131.934156,1,2026/06/13
XM516000,炎の精霊,34.499132,132.592593,2,2026/08/08
XM516000,風の精霊,34.499132,132.592593,1,2026/05/08
XM516003,水の精霊,34.512185,132.620027,1,2026/07/30
XM516003,風の精霊,34.512185,132.620027,2,2026/07/11
XM516010,水の精霊,34.538285,132.510288,1,2026/06/17
XM516010,風の精霊,34.538285,132.510288,1,2026/07/18
XM516011,水の精霊,34.551331,132.482853,1,2026/04/20
XM516011,風の精霊,34.551331,132.482853,1,2026/06/22
XM516024,大地の精霊,34.603498,132.427984,1,2026/04/19
XM516027,風の精霊,34.616534,132.455418,2,2026/04/27
XM516028,大地の精霊,34.629569,132.427984,2,2026/07/30
XM516028,風の精霊,34.629569,132.427984,1,2026/06/04
XM516047,大地の精霊,34.616534,132.620027,1,2026/04/14
XM516051,風の精霊,34.629569,132.482853,1,2026/05/11
XM516054,炎の精霊,34.642601,132.510288,1,2026/06/17
XM516057,水の精霊,34.655632,132.537723,1,2026/04/15
XM516065,風の精霊,34.616534,132.729767,1,2026/04/13
XM516071,水の精霊,34.629569,132.647462,1,2026/04/22
XM516073,大地の精霊,34.629569,132.702332,1,2026/05/18
XM516073,水の精霊,34.629569,132.702332,1,2026/04/17
XM516078,炎の精霊,34.668660,132.674897,2,2026/04/21
XM516078,風の精霊,34.668660,132.674897,1,2026/05/22
XM516081,風の精霊,34.668660,132.565158,2,2026/05/13
XM516083,大地の精霊,34.668660,132.620027,1,2026/04/15
XM516131,大地の精霊,34.668660,132.400549,1,2026/05/18
XM516168,水の精霊,34.746787,132.510288,1,2026/04/20
XM516211,炎の精霊,34.785823,131.989026,1,2026/05/06
XM516248,炎の精霊,34.863839,132.098765,1,2026/05/10
XM516250,風の精霊,34.850841,132.016461,1,2026/07/19
XM516253,大地の精霊,34.863839,132.043896,1,2026/08/04
XM516253,風の精霊,34.863839,132.043896,1,2026/04/12
XM516270,風の精霊,34.850841,132.181070,1,2026/04/27
XM516280,大地の精霊,34.889828,132.098765,1,2026/05/18
XM516280,風の精霊,34.889828,132.098765,2,2026/07/19
XM516281,大地の精霊,34.902819,132.071331,1,2026/07/29
XM516284,炎の精霊,34.915808,132.098765,2,2026/07/15
XM516287,炎の精霊,34.928796,132.126200,1,2026/07/12
XM516327,大地の精霊,34.733771,132.702332,1,2026/05/21
XM516327,炎の精霊,34.733771,132.702332,1,2026/07/18
XM516348,水の精霊,34.746787,132.839506,1,2026/06/24
XM516361,風の精霊,34.707733,132.976680,1,2026/04/24
XM516363,大地の精霊,34.707733,133.031550,1,2026/04/26
XM516363,水の精霊,34.707733,133.031550,1,2026/05/31
XM516365,風の精霊,34.733771,132.976680,1,2026/06/18
XM516371,大地の精霊,34.746787,132.894376,1,2026/07/24
XM516371,風の精霊,34.746787,132.894376,1,2026/06/22
XM516375,炎の精霊,34.772813,132.894376,1,2026/05/09
XM516378,大地の精霊,34.785823,132.921811,1,2026/07/23
XM516383,大地の精霊,34.785823,132.866941,1,2026/07/07
XM516383,水の精霊,34.785823,132.866941,1,2026/05/27
XM516383,炎の精霊,34.785823,132.866941,1,2026/07/31
XM516383,風の精霊,34.785823,132.866941,3,2026/07/09
XM516384,炎の精霊,34.798830,132.839506,2,2026/07/04
XM516385,大地の精霊,34.811836,132.812071,1,2026/05/07
XM516387,大地の精霊,34.811836,132.866941,1,2026/06/28
XM516387,炎の精霊,34.811836,132.866941,1,2026/05/05
XM516387,風の精霊,34.811836,132.866941,1,2026/05/19
XM516421,水の精霊,34.824840,132.400549,1,2026/07/20
XM516438,風の精霊,34.824840,132.674897,1,2026/06/06
XM516472,水の精霊,34.876834,132.620027,1,2026/04/27
XM516472,風の精霊,34.876834,132.620027,1,2026/05/14
XM516486,大地の精霊,34.915808,132.647462,1,2026/05/21
XM516528,風の精霊,34.980724,132.181070,2,2026/06/30
XM516531,風の精霊,34.902819,132.400549,1,2026/04/19
XM516543,風の精霊,34.941781,132.373114,1,2026/05/19
XM516555,水の精霊,35.006676,132.235940,1,2026/06/13
XM516555,炎の精霊,35.006676,132.235940,1,2026/07/25
XM516555,風の精霊,35.006676,132.235940,1,2026/04/21
XM516565,大地の精霊,34.967745,132.482853,1,2026/07/10
XM516565,炎の精霊,34.967745,132.482853,1,2026/07/22
XM516565,風の精霊,34.967745,132.482853,3,2026/08/08
XM516577,風の精霊,35.006676,132.455418,1,2026/05/12
XM516585,水の精霊,35.045589,132.318244,1,2026/08/03
XM516601,大地の精霊,34.746787,133.058985,1,2026/04/26
XM516618,炎の精霊,34.824840,133.004115,1,2026/07/14
XM516620,大地の精霊,34.811836,132.921811,1,2026/05/30
XM516620,炎の精霊,34.811836,132.921811,2,2026/06/14
XM516623,大地の精霊,34.824840,132.949246,1,2026/06/15
XM516625,水の精霊,34.850841,132.894376,1,2026/05/21
XM516645,水の精霊,34.850841,133.058985,1,2026/06/11
XM516648,風の精霊,34.863839,133.086420,1,2026/05/04
XM516650,風の精霊,34.850841,133.004115,1,2026/04/22
XM516653,水の精霊,34.863839,133.031550,1,2026/07/12
XM516653,風の精霊,34.863839,133.031550,1,2026/05/25
XM516660,大地の精霊,34.811836,133.251029,1,2026/04/16
XM516700,水の精霊,34.850841,132.839506,1,2026/07/17
XM516700,炎の精霊,34.850841,132.839506,2,2026/06/15
XM516701,風の精霊,34.863839,132.812071,1,2026/05/19
XM516703,風の精霊,34.863839,132.866941,1,2026/05/15
XM516713,水の精霊,34.902819,132.784636,2,2026/06/24
XM516717,大地の精霊,34.928796,132.784636,1,2026/07/05
XM516717,水の精霊,34.928796,132.784636,1,2026/05/27
XM516721,風の精霊,34.941781,132.647462,1,2026/04/21
XM516725,大地の精霊,34.967745,132.647462,2,2026/07/31
XM516725,水の精霊,34.967745,132.647462,1,2026/07/09
XM516725,風の精霊,34.967745,132.647462,2,2026/06/30
XM516810,大地の精霊,35.006676,132.510288,1,2026/06/18
XM516810,水の精霊,35.006676,132.510288,1,2026/07/11
XM516810,風の精霊,35.006676,132.510288,2,2026/07/08
XM516827,水の精霊,35.084482,132.455418,1,2026/07/04
XM516827,風の精霊,35.084482,132.455418,1,2026/07/01
XM516843,水の精霊,35.058555,132.620027,1,2026/04/15
XM516844,水の精霊,35.071520,132.592593,1,2026/06/24
XM516844,風の精霊,35.071520,132.592593,1,2026/05/28
XM516850,大地の精霊,35.084482,132.510288,1,2026/07/14
XM516850,炎の精霊,35.084482,132.510288,3,2026/08/04
XM516853,水の精霊,35.097443,132.537723,2,2026/07/22
XM516853,炎の精霊,35.097443,132.537723,1,2026/07/23
XM516875,風の精霊,35.123358,132.647462,1,2026/06/20
XM517633,風の精霊,35.136312,132.455418,1,2026/07/14
XM517660,炎の精霊,35.162215,132.510288,1,2026/05/31
XM517661,大地の精霊,35.175163,132.482853,1,2026/08/02
XM517664,風の精霊,35.188109,132.510288,1,2026/06/27
XM517665,水の精霊,35.201053,132.482853,1,2026/07/04
XM517668,水の精霊,35.213995,132.510288,1,2026/05/03
XM530115,炎の精霊,33.988479,135.198903,1,2026/05/26
XM530123,炎の精霊,34.001612,135.171468,1,2026/05/13
XM530127,大地の精霊,34.027870,135.171468,3,2026/07/22
XM530127,水の精霊,34.027870,135.171468,2,2026/07/04
XM530127,風の精霊,34.027870,135.171468,6,2026/07/05
XM530153,炎の精霊,34.040996,135.253772,2,2026/07/26
XM530155,大地の精霊,34.067243,135.198903,1,2026/07/29
XM530155,風の精霊,34.067243,135.198903,1,2026/06/29
XM530157,水の精霊,34.067243,135.253772,1,2026/06/02
XM530157,炎の精霊,34.067243,135.253772,1,2026/07/16
XM530158,炎の精霊,34.080363,135.226337,1,2026/05/19
XM530158,風の精霊,34.080363,135.226337,2,2026/06/26
XM530207,大地の精霊,34.067243,135.089163,2,2026/06/17
XM530207,炎の精霊,34.067243,135.089163,3,2026/07/23
XM530207,風の精霊,34.067243,135.089163,2,2026/07/06
XM530230,水の精霊,34.067243,135.144033,1,2026/07/15
XM530230,炎の精霊,34.067243,135.144033,1,2026/07/27
XM530230,風の精霊,34.067243,135.144033,1,2026/04/27
XM530231,風の精霊,34.080363,135.116598,1,2026/07/07
XM530233,大地の精霊,34.080363,135.171468,1,2026/08/06
XM530233,水の精霊,34.080363,135.171468,1,2026/07/01
XM530233,風の精霊,34.080363,135.171468,1,2026/04/30
XM530234,風の精霊,34.093481,135.144033,1,2026/06/23
XM530237,炎の精霊,34.106597,135.171468,1,2026/05/30
XM530261,炎の精霊,34.119711,135.198903,1,2026/07/31
XM530261,風の精霊,34.119711,135.198903,1,2026/05/26
XM530265,風の精霊,34.145933,135.198903,2,2026/06/04
XM530268,大地の精霊,34.159041,135.226337,1,2026/07/09
XM530268,風の精霊,34.159041,135.226337,1,2026/07/08
XM530277,水の精霊,34.185251,135.171468,1,2026/05/20
XM530277,風の精霊,34.185251,135.171468,1,2026/06/15
XM530278,水の精霊,34.198353,135.144033,2,2026/07/23
XM530278,風の精霊,34.198353,135.144033,2,2026/06/19
XM530357,水の精霊,34.067243,135.747599,1,2026/04/30
XM530357,炎の精霊,34.067243,135.747599,1,2026/05/16
XM530388,大地の精霊,34.119711,135.802469,1,2026/04/25
XM530467,大地の精霊,34.145933,135.747599,1,2026/05/02
XM530500,炎の精霊,34.145933,135.308642,1,2026/04/26
XM530501,水の精霊,34.159041,135.281207,1,2026/07/02
XM530501,風の精霊,34.159041,135.281207,2,2026/07/04
XM530504,大地の精霊,34.172147,135.308642,2,2026/05/09
XM530504,水の精霊,34.172147,135.308642,1,2026/08/06
XM530504,炎の精霊,34.172147,135.308642,1,2026/06/05
XM530504,風の精霊,34.172147,135.308642,1,2026/04/24
XM530505,風の精霊,34.185251,135.281207,1,2026/05/06
XM530510,水の精霊,34.185251,135.226337,1,2026/06/25
XM530510,炎の精霊,34.185251,135.226337,1,2026/08/01
XM530511,水の精霊,34.198353,135.198903,1,2026/05/27
XM530514,大地の精霊,34.211452,135.226337,2,2026/07/18
XM530514,水の精霊,34.211452,135.226337,1,2026/05/21
XM530514,炎の精霊,34.211452,135.226337,1,2026/04/15
XM530515,水の精霊,34.224550,135.198903,1,2026/05/04
XM530518,炎の精霊,34.237646,135.226337,1,2026/05/01
XM530518,風の精霊,34.237646,135.226337,1,2026/05/07
XM530520,水の精霊,34.224550,135.144033,1,2026/07/13
XM530520,風の精霊,34.224550,135.144033,1,2026/05/28
XM530523,炎の精霊,34.237646,135.171468,1,2026/07/29
XM530523,風の精霊,34.237646,135.171468,1,2026/06/24
XM530524,大地の精霊,34.250740,135.144033,1,2026/08/05
XM530526,炎の精霊,34.250740,135.198903,1,2026/07/29
XM530527,水の精霊,34.263831,135.171468,1,2026/05/04
XM530527,風の精霊,34.263831,135.171468,1,2026/04/25
XM530528,炎の精霊,34.276921,135.144033,1,2026/06/29
XM530528,風の精霊,34.276921,135.144033,2,2026/06/10
XM530540,炎の精霊,34.224550,135.308642,1,2026/07/27
XM530541,大地の精霊,34.237646,135.281207,1,2026/07/03
XM530541,風の精霊,34.237646,135.281207,1,2026/06/03
XM530543,風の精霊,34.237646,135.336077,1,2026/06/09
XM530545,炎の精霊,34.263831,135.281207,2,2026/04/28
XM530548,風の精霊,34.276921,135.308642,1,2026/04/20
XM530550,大地の精霊,34.263831,135.226337,4,2026/08/03
XM530550,炎の精霊,34.263831,135.226337,1,2026/07/10
XM530553,大地の精霊,34.276921,135.253772,2,2026/08/08
XM530553,風の精霊,34.276921,135.253772,1,2026/06/21
XM530558,風の精霊,34.316177,135.226337,1,2026/05/08
XM530565,炎の精霊,34.263831,135.445816,1,2026/07/12
XM530565,風の精霊,34.263831,135.445816,3,2026/06/18
XM530568,炎の精霊,34.276921,135.473251,2,2026/08/02
XM530568,風の精霊,34.276921,135.473251,3,2026/07/18
XM530574,水の精霊,34.290008,135.390947,2,2026/05/31
XM530574,風の精霊,34.290008,135.390947,1,2026/07/07
XM530580,水の精霊,34.303094,135.308642,1,2026/07/27
XM530585,水の精霊,34.342338,135.281207,1,2026/07/15
XM530585,風の精霊,34.342338,135.281207,1,2026/06/14
XM530588,大地の精霊,34.355416,135.308642,1,2026/07/26
XM530588,炎の精霊,34.355416,135.308642,1,2026/07/26
XM530660,炎の精霊,34.106597,136.213992,1,2026/07/10
XM530715,大地の精霊,34.224550,135.692730,1,2026/04/25
XM530718,風の精霊,34.237646,135.720165,1,2026/05/16
XM530743,炎の精霊,34.237646,135.829904,1,2026/04/24
XM530758,大地の精霊,34.316177,135.720165,1,2026/07/18
XM530775,風の精霊,34.303094,135.857339,1,2026/08/08
XM530800,大地の精霊,34.263831,135.555556,1,2026/04/22
XM530800,水の精霊,34.263831,135.555556,1,2026/07/06
XM530803,風の精霊,34.276921,135.582990,1,2026/05/15
XM530807,大地の精霊,34.303094,135.582990,1,2026/07/22
XM530807,水の精霊,34.303094,135.582990,1,2026/05/04
XM530807,風の精霊,34.303094,135.582990,1,2026/06/21
XM530810,風の精霊,34.303094,135.473251,3,2026/07/13
XM530820,水の精霊,34.342338,135.390947,1,2026/05/03
XM530821,風の精霊,34.355416,135.363512,1,2026/06/05
XM530825,水の精霊,34.381564,135.363512,3,2026/08/04
XM530828,水の精霊,34.394636,135.390947,2,2026/08/03
XM530831,風の精霊,34.316177,135.610425,1,2026/08/06
XM530834,水の精霊,34.329259,135.637860,1,2026/04/30
XM530835,風の精霊,34.342338,135.610425,1,2026/07/30
XM530837,大地の精霊,34.342338,135.665295,2,2026/06/25
XM530838,水の精霊,34.355416,135.637860,1,2026/04/14
XM530838,炎の精霊,34.355416,135.637860,1,2026/06/29
XM530838,風の精霊,34.355416,135.637860,2,2026/07/05
XM530846,炎の精霊,34.368491,135.610425,1,2026/07/03
XM530848,炎の精霊,34.394636,135.555556,1,2026/05/06
XM530850,風の精霊,34.381564,135.473251,1,2026/05/18
XM530857,炎の精霊,34.420772,135.500686,1,2026/07/20
XM530857,風の精霊,34.420772,135.500686,2,2026/07/05
XM530858,風の精霊,34.433837,135.473251,2,2026/05/02
XM530864,大地の精霊,34.368491,135.720165,1,2026/06/06
XM530864,水の精霊,34.368491,135.720165,2,2026/07/02
XM530867,水の精霊,34.381564,135.747599,1,2026/06/02
XM530867,炎の精霊,34.381564,135.747599,1,2026/07/01
XM530871,大地の精霊,34.394636,135.610425,1,2026/05/25
XM530875,風の精霊,34.420772,135.610425,1,2026/07/13
XM530878,水の精霊,34.433837,135.637860,1,2026/05/24
XM530878,炎の精霊,34.433837,135.637860,1,2026/04/20
XM530878,風の精霊,34.433837,135.637860,1,2026/05/22
XM530880,風の精霊,34.420772,135.555556,1,2026/05/03
XM530883,風の精霊,34.433837,135.582990,1,2026/07/01
XM530884,水の精霊,34.446900,135.555556,1,2026/05/01
XM530884,炎の精霊,34.446900,135.555556,1,2026/05/17
XM530888,風の精霊,34.473020,135.555556,1,2026/05/13
XM531015,風の精霊,34.224550,134.705075,1,2026/06/05
XM531018,風の精霊,34.237646,134.732510,3,2026/07/19
XM531048,水の精霊,34.276921,134.814815,2,2026/06/16
XM531048,風の精霊,34.276921,134.814815,1,2026/06/17
XM531050,水の精霊,34.263831,134.732510,1,2026/05/29
XM531050,風の精霊,34.263831,134.732510,1,2026/05/02
XM531054,炎の精霊,34.290008,134.732510,1,2026/07/11
XM531054,風の精霊,34.290008,134.732510,1,2026/08/01
XM531057,水の精霊,34.303094,134.759945,1,2026/06/23
XM531080,風の精霊,34.303094,134.814815,1,2026/07/08
XM531081,風の精霊,34.316177,134.787380,1,2026/06/13
XM531083,大地の精霊,34.316177,134.842250,1,2026/07/12
XM531083,水の精霊,34.316177,134.842250,1,2026/08/04
XM531083,炎の精霊,34.316177,134.842250,1,2026/08/02
XM531085,風の精霊,34.342338,134.787380,1,2026/04/14
XM531087,炎の精霊,34.342338,134.842250,1,2026/07/04
XM531167,風の精霊,34.381564,134.759945,1,2026/04/25
XM531218,水の精霊,34.473020,134.238683,1,2026/06/02
XM531223,大地の精霊,34.473020,134.183813,1,2026/06/06
XM531223,炎の精霊,34.473020,134.183813,1,2026/07/20
XM531320,炎の精霊,34.342338,134.897119,2,2026/07/07
XM531320,風の精霊,34.342338,134.897119,2,2026/06/24
XM531321,水の精霊,34.355416,134.869684,1,2026/07/30
XM531321,炎の精霊,34.355416,134.869684,1,2026/07/22
XM531325,風の精霊,34.381564,134.869684,1,2026/06/30
XM531328,水の精霊,34.394636,134.897119,1,2026/05/08
XM531331,大地の精霊,34.316177,135.116598,1,2026/06/12
XM531331,炎の精霊,34.316177,135.116598,2,2026/08/02
XM531360,大地の精霊,34.342338,135.226337,1,2026/06/25
XM531360,水の精霊,34.342338,135.226337,1,2026/06/27
XM531360,炎の精霊,34.342338,135.226337,1,2026/08/07
XM531363,大地の精霊,34.355416,135.253772,1,2026/08/02
XM531363,炎の精霊,34.355416,135.253772,1,2026/07/07
XM531403,大地の精霊,34.394636,134.842250,1,2026/05/09
XM531403,炎の精霊,34.394636,134.842250,1,2026/05/09
XM531403,風の精霊,34.394636,134.842250,1,2026/07/26
XM531404,大地の精霊,34.407705,134.814815,1,2026/05/23
XM531430,大地の精霊,34.420772,134.897119,1,2026/07/22
XM531430,水の精霊,34.420772,134.897119,1,2026/07/26
XM531430,炎の精霊,34.420772,134.897119,1,2026/06/26
XM531430,風の精霊,34.420772,134.897119,1,2026/07/09
XM531431,炎の精霊,34.433837,134.869684,3,2026/07/25
XM531434,大地の精霊,34.446900,134.897119,1,2026/05/20
XM531434,風の精霊,34.446900,134.897119,1,2026/07/31
XM531435,炎の精霊,34.459961,134.869684,1,2026/05/24
XM531437,水の精霊,34.459961,134.924554,1,2026/05/29
XM531443,風の精霊,34.473020,134.842250,1,2026/06/10
XM531468,大地の精霊,34.512185,134.979424,1,2026/06/07
XM531468,炎の精霊,34.512185,134.979424,1,2026/07/03
XM531468,風の精霊,34.512185,134.979424,2,2026/06/05
XM531474,水の精霊,34.525236,134.897119,1,2026/07/19
XM531474,風の精霊,34.525236,134.897119,1,2026/05/04
XM531557,水の精霊,34.655632,134.513032,1,2026/04/20
XM531557,炎の精霊,34.655632,134.513032,1,2026/07/27
XM531557,風の精霊,34.655632,134.513032,1,2026/05/26
XM531600,大地の精霊,34.381564,135.308642,4,2026/07/20
XM531600,炎の精霊,34.381564,135.308642,1,2026/04/26
XM531601,大地の精霊,34.394636,135.281207,1,2026/07/25
XM531603,水の精霊,34.394636,135.336077,1,2026/06/11
XM531603,炎の精霊,34.394636,135.336077,1,2026/06/21
XM531604,水の精霊,34.407705,135.308642,1,2026/04/24
XM531607,炎の精霊,34.420772,135.336077,2,2026/07/14
XM531633,水の精霊,34.433837,135.418381,1,2026/05/12
XM531634,水の精霊,34.446900,135.390947,2,2026/07/08
XM531637,大地の精霊,34.459961,135.418381,1,2026/07/03
XM531637,水の精霊,34.459961,135.418381,1,2026/06/15
XM531638,大地の精霊,34.473020,135.390947,1,2026/08/08
XM531660,炎の精霊,34.459961,135.473251,1,2026/06/28
XM531661,風の精霊,34.473020,135.445816,3,2026/07/16
XM531663,水の精霊,34.473020,135.500686,1,2026/04/30
XM531664,水の精霊,34.486077,135.473251,2,2026/06/08
XM531665,炎の精霊,34.499132,135.445816,1,2026/05/15
XM531665,風の精霊,34.499132,135.445816,1,2026/06/10
XM531668,炎の精霊,34.512185,135.473251,1,2026/05/30
XM531670,大地の精霊,34.499132,135.390947,1,2026/05/11
XM531670,水の精霊,34.499132,135.390947,1,2026/06/26
XM531673,炎の精霊,34.512185,135.418381,1,2026/07/20
XM531673,風の精霊,34.512185,135.418381,1,2026/05/03
XM531674,大地の精霊,34.525236,135.390947,1,2026/07/14
XM531710,水の精霊,34.538285,134.979424,1,2026/06/30
XM531713,大地の精霊,34.551331,135.006859,1,2026/07/10
XM531713,炎の精霊,34.551331,135.006859,1,2026/05/16
XM531714,風の精霊,34.564376,134.979424,3,2026/06/22
XM531717,水の精霊,34.577419,135.006859,1,2026/06/20
XM531717,炎の精霊,34.577419,135.006859,1,2026/04/29
XM531748,大地の精霊,34.629569,135.061728,3,2026/07/22
XM531748,水の精霊,34.629569,135.061728,1,2026/06/20
XM531748,炎の精霊,34.629569,135.061728,5,2026/07/21
XM531754,大地の精霊,34.642601,134.979424,1,2026/05/30
XM531754,風の精霊,34.642601,134.979424,1,2026/07/19
XM531757,炎の精霊,34.655632,135.006859,2,2026/07/16
XM531758,水の精霊,34.668660,134.979424,2,2026/06/18
XM531758,炎の精霊,34.668660,134.979424,2,2026/07/25
XM531758,風の精霊,34.668660,134.979424,1,2026/06/04
XM531768,大地の精霊,34.629569,135.226337,1,2026/07/14
XM531768,風の精霊,34.629569,135.226337,1,2026/07/12
XM531775,大地の精霊,34.655632,135.116598,1,2026/06/30
XM531775,水の精霊,34.655632,135.116598,1,2026/06/09
XM531775,炎の精霊,34.655632,135.116598,2,2026/07/31
XM531777,大地の精霊,34.655632,135.171468,1,2026/06/12
XM531777,水の精霊,34.655632,135.171468,3,2026/06/26
XM531777,風の精霊,34.655632,135.171468,1,2026/07/13
XM531778,大地の精霊,34.668660,135.144033,1,2026/07/18
XM531778,水の精霊,34.668660,135.144033,1,2026/07/17
XM531778,風の精霊,34.668660,135.144033,1,2026/06/13
XM531780,水の精霊,34.655632,135.061728,3,2026/07/02
XM531781,水の精霊,34.668660,135.034294,1,2026/06/22
XM531781,炎の精霊,34.668660,135.034294,1,2026/05/25
XM531781,風の精霊,34.668660,135.034294,1,2026/04/19
XM531784,水の精霊,34.681686,135.061728,1,2026/07/02
XM531784,炎の精霊,34.681686,135.061728,1,2026/06/26
XM531784,風の精霊,34.681686,135.061728,2,2026/07/06
XM531785,大地の精霊,34.694710,135.034294,1,2026/06/10
XM531785,炎の精霊,34.694710,135.034294,1,2026/06/10
XM531787,風の精霊,34.694710,135.089163,1,2026/06/29
XM531788,炎の精霊,34.707733,135.061728,1,2026/05/22
XM531834,大地の精霊,34.681686,134.897119,1,2026/07/30
XM531834,炎の精霊,34.681686,134.897119,1,2026/05/29
XM531834,風の精霊,34.681686,134.897119,1,2026/06/27
XM531837,水の精霊,34.694710,134.924554,1,2026/06/03
XM531837,炎の精霊,34.694710,134.924554,1,2026/07/24
XM531837,風の精霊,34.694710,134.924554,1,2026/06/15
XM531838,炎の精霊,34.707733,134.897119,2,2026/07/23
XM531838,風の精霊,34.707733,134.897119,1,2026/05/13
XM531843,水の精霊,34.707733,134.842250,3,2026/06/26
XM531843,風の精霊,34.707733,134.842250,1,2026/07/30
XM531847,大地の精霊,34.733771,134.842250,1,2026/08/03
XM531847,水の精霊,34.733771,134.842250,1,2026/07/12
XM531847,炎の精霊,34.733771,134.842250,1,2026/08/04
XM531847,風の精霊,34.733771,134.842250,2,2026/06/27
XM531848,大地の精霊,34.746787,134.814815,1,2026/04/26
XM531848,炎の精霊,34.746787,134.814815,3,2026/04/26
XM531855,大地の精霊,34.772813,134.705075,1,2026/05/23
XM531855,風の精霊,34.772813,134.705075,1,2026/05/31
XM531857,炎の精霊,34.772813,134.759945,1,2026/05/26
XM531857,風の精霊,34.772813,134.759945,1,2026/07/13
XM531858,炎の精霊,34.785823,134.732510,1,2026/07/19
XM531858,風の精霊,34.785823,134.732510,2,2026/07/18
XM531860,大地の精霊,34.694710,134.979424,2,2026/08/08
XM531860,炎の精霊,34.694710,134.979424,1,2026/08/08
XM531861,風の精霊,34.707733,134.951989,1,2026/05/27
XM531863,大地の精霊,34.707733,135.006859,1,2026/04/20
XM531868,風の精霊,34.746787,134.979424,2,2026/08/04
XM531870,炎の精霊,34.733771,134.897119,1,2026/08/06
XM531871,水の精霊,34.746787,134.869684,1,2026/07/10
XM531871,炎の精霊,34.746787,134.869684,1,2026/04/27
XM531873,水の精霊,34.746787,134.924554,1,2026/07/26
XM531874,炎の精霊,34.759801,134.897119,1,2026/05/21
XM531875,水の精霊,34.772813,134.869684,1,2026/07/12
XM531875,炎の精霊,34.772813,134.869684,1,2026/06/11
XM531877,風の精霊,34.772813,134.924554,1,2026/05/06
XM531878,水の精霊,34.785823,134.897119,1,2026/06/09
XM531880,炎の精霊,34.772813,134.814815,1,2026/05/16
XM531880,風の精霊,34.772813,134.814815,3,2026/04/18
XM531883,大地の精霊,34.785823,134.842250,1,2026/08/07
XM531883,炎の精霊,34.785823,134.842250,2,2026/07/27
XM531883,風の精霊,34.785823,134.842250,1,2026/07/04
XM531884,水の精霊,34.798830,134.814815,1,2026/08/03
XM531885,風の精霊,34.811836,134.787380,1,2026/04/29
XM531887,水の精霊,34.811836,134.842250,1,2026/06/23
XM531887,風の精霊,34.811836,134.842250,2,2026/08/02
XM531888,水の精霊,34.824840,134.814815,1,2026/07/05
XM531888,炎の精霊,34.824840,134.814815,2,2026/06/01
XM531888,風の精霊,34.824840,134.814815,1,2026/06/04
XM532013,水の精霊,34.551331,134.019204,1,2026/07/19
XM532013,風の精霊,34.551331,134.019204,1,2026/04/12
XM532018,大地の精霊,34.590459,133.991770,1,2026/07/27
XM532020,炎の精霊,34.577419,133.909465,1,2026/06/10
XM532024,風の精霊,34.603498,133.909465,1,2026/06/26
XM532025,大地の精霊,34.616534,133.882030,1,2026/07/24
XM532027,炎の精霊,34.616534,133.936900,1,2026/07/15
XM532028,炎の精霊,34.629569,133.909465,1,2026/04/14
XM532045,大地の精霊,34.616534,134.046639,1,2026/07/08
XM532045,炎の精霊,34.616534,134.046639,1,2026/05/28
XM532045,風の精霊,34.616534,134.046639,1,2026/06/15
XM532050,風の精霊,34.616534,133.991770,1,2026/04/24
XM532051,水の精霊,34.629569,133.964335,1,2026/05/31
XM532053,風の精霊,34.629569,134.019204,1,2026/05/24
XM532054,炎の精霊,34.642601,133.991770,1,2026/06/21
XM532055,炎の精霊,34.655632,133.964335,4,2026/06/09
XM532057,大地の精霊,34.655632,134.019204,1,2026/07/21
XM532057,風の精霊,34.655632,134.019204,2,2026/04/19
XM532058,水の精霊,34.668660,133.991770,1,2026/06/14
XM532058,風の精霊,34.668660,133.991770,2,2026/06/02
XM532075,大地の精霊,34.655632,134.128944,1,2026/06/19
XM532075,炎の精霊,34.655632,134.128944,1,2026/05/04
XM532080,大地の精霊,34.655632,134.074074,1,2026/05/27
XM532080,炎の精霊,34.655632,134.074074,2,2026/07/28
XM532083,大地の精霊,34.668660,134.101509,1,2026/06/15
XM532083,水の精霊,34.668660,134.101509,1,2026/07/02
XM532084,炎の精霊,34.681686,134.074074,1,2026/08/01
XM532087,炎の精霊,34.694710,134.101509,1,2026/07/20
XM532087,風の精霊,34.694710,134.101509,1,2026/05/08
XM532088,水の精霊,34.707733,134.074074,1,2026/05/21
XM532088,風の精霊,34.707733,134.074074,3,2026/08/02
XM532100,風の精霊,34.616534,133.827160,1,2026/08/04
XM532101,大地の精霊,34.629569,133.799726,1,2026/07/22
XM532101,炎の精霊,34.629569,133.799726,1,2026/06/29
XM532103,水の精霊,34.629569,133.854595,1,2026/07/25
XM532103,炎の精霊,34.629569,133.854595,1,2026/06/28
XM532104,風の精霊,34.642601,133.827160,2,2026/07/19
XM532107,水の精霊,34.655632,133.854595,1,2026/07/11
XM532107,風の精霊,34.655632,133.854595,1,2026/06/16
XM532111,水の精霊,34.668660,133.717421,1,2026/05/17
XM532111,風の精霊,34.668660,133.717421,1,2026/07/12
XM532113,炎の精霊,34.668660,133.772291,1,2026/07/31
XM532113,風の精霊,34.668660,133.772291,1,2026/05/04
XM532114,大地の精霊,34.681686,133.744856,3,2026/07/14
XM532115,風の精霊,34.694710,133.717421,1,2026/04/29
XM532125,大地の精霊,34.733771,133.635117,2,2026/07/16
XM532125,炎の精霊,34.733771,133.635117,1,2026/05/29
XM532130,風の精霊,34.655632,133.909465,1,2026/07/07
XM532131,大地の精霊,34.668660,133.882030,1,2026/04/23
XM532134,水の精霊,34.681686,133.909465,1,2026/05/21
XM532134,風の精霊,34.681686,133.909465,1,2026/04/14
XM532135,大地の精霊,34.694710,133.882030,1,2026/06/21
XM532135,水の精霊,34.694710,133.882030,1,2026/05/12
XM532135,炎の精霊,34.694710,133.882030,1,2026/07/23
XM532135,風の精霊,34.694710,133.882030,1,2026/07/01
XM532137,水の精霊,34.694710,133.936900,1,2026/07/21
XM532137,風の精霊,34.694710,133.936900,1,2026/07/05
XM532138,風の精霊,34.707733,133.909465,1,2026/06/13
XM532141,水の精霊,34.707733,133.799726,1,2026/05/24
XM532145,風の精霊,34.733771,133.799726,1,2026/06/03
XM532157,風の精霊,34.772813,133.772291,1,2026/04/15
XM532160,炎の精霊,34.694710,133.991770,1,2026/08/06
XM532160,風の精霊,34.694710,133.991770,3,2026/06/16
XM532163,風の精霊,34.707733,134.019204,2,2026/05/26
XM532165,炎の精霊,34.733771,133.964335,1,2026/04/28
XM532167,大地の精霊,34.733771,134.019204,1,2026/07/15
XM532167,風の精霊,34.733771,134.019204,2,2026/05/28
XM532170,大地の精霊,34.733771,133.909465,1,2026/06/09
XM532170,風の精霊,34.733771,133.909465,1,2026/06/23
XM532171,大地の精霊,34.746787,133.882030,1,2026/05/18
XM532171,水の精霊,34.746787,133.882030,1,2026/07/17
XM532171,風の精霊,34.746787,133.882030,4,2026/06/14
XM532205,炎の精霊,34.772813,133.552812,1,2026/05/11
XM532208,風の精霊,34.785823,133.580247,2,2026/06/15
XM532210,風の精霊,34.772813,133.497942,1,2026/06/06
XM532213,大地の精霊,34.785823,133.525377,1,2026/07/16
XM532213,水の精霊,34.785823,133.525377,1,2026/06/18
XM532213,炎の精霊,34.785823,133.525377,1,2026/07/31
XM532213,風の精霊,34.785823,133.525377,1,2026/06/10
XM532233,大地の精霊,34.785823,133.689986,1,2026/07/25
XM532233,風の精霊,34.785823,133.689986,1,2026/05/17
XM532234,炎の精霊,34.798830,133.662551,1,2026/06/09
XM532237,風の精霊,34.811836,133.689986,1,2026/04/29
XM532263,風の精霊,34.824840,133.772291,1,2026/05/23
XM532315,風の精霊,34.694710,134.211248,1,2026/06/10
XM532321,炎の精霊,34.707733,134.128944,2,2026/08/03
XM532321,風の精霊,34.707733,134.128944,2,2026/06/23
XM532325,風の精霊,34.733771,134.128944,1,2026/06/19
XM532328,大地の精霊,34.746787,134.156379,1,2026/05/01
XM532348,風の精霊,34.746787,134.320988,3,2026/07/12
XM532353,風の精霊,34.746787,134.266118,1,2026/05/08
XM532354,水の精霊,34.759801,134.238683,1,2026/06/07
XM532354,炎の精霊,34.759801,134.238683,1,2026/06/29
XM532354,風の精霊,34.759801,134.238683,3,2026/06/14
XM532370,大地の精霊,34.733771,134.403292,2,2026/07/18
XM532370,炎の精霊,34.733771,134.403292,1,2026/07/24
XM532371,大地の精霊,34.746787,134.375857,1,2026/05/25
XM532371,風の精霊,34.746787,134.375857,2,2026/07/04
XM532373,水の精霊,34.746787,134.430727,1,2026/07/23
XM532373,風の精霊,34.746787,134.430727,1,2026/05/26
XM532378,大地の精霊,34.785823,134.403292,1,2026/05/17
XM532404,風の精霊,34.759801,134.074074,2,2026/07/01
XM532407,大地の精霊,34.772813,134.101509,2,2026/07/17
XM532407,水の精霊,34.772813,134.101509,1,2026/06/29
XM532407,風の精霊,34.772813,134.101509,1,2026/06/24
XM532410,風の精霊,34.772813,133.991770,1,2026/04/13
XM532415,炎の精霊,34.811836,133.964335,1,2026/05/07
XM532417,水の精霊,34.811836,134.019204,1,2026/05/12
XM532420,風の精霊,34.811836,133.909465,1,2026/06/19
XM532423,大地の精霊,34.824840,133.936900,1,2026/07/14
XM532423,水の精霊,34.824840,133.936900,1,2026/07/03
XM532431,風の精霊,34.785823,134.128944,1,2026/04/30
XM532434,水の精霊,34.798830,134.156379,1,2026/07/06
XM532435,水の精霊,34.811836,134.128944,1,2026/06/26
XM532435,風の精霊,34.811836,134.128944,1,2026/07/07
XM532437,大地の精霊,34.811836,134.183813,1,2026/06/11
XM532437,水の精霊,34.811836,134.183813,1,2026/07/04
XM532444,炎の精霊,34.837841,134.074074,1,2026/05/30
XM532445,風の精霊,34.850841,134.046639,1,2026/04/14
XM532448,風の精霊,34.863839,134.074074,1,2026/04/24
XM532461,大地の精霊,34.824840,134.211248,1,2026/06/25
XM532461,炎の精霊,34.824840,134.211248,1,2026/08/07
XM532480,風の精霊,34.889828,134.074074,1,2026/04/24
XM532481,大地の精霊,34.902819,134.046639,1,2026/04/12
XM532483,炎の精霊,34.902819,134.101509,1,2026/07/28
XM532484,大地の精霊,34.915808,134.074074,1,2026/04/22
XM532505,水の精霊,34.889828,133.799726,1,2026/05/22
XM532521,風の精霊,34.941781,133.635117,2,2026/07/12
XM532530,大地の精霊,34.889828,133.909465,1,2026/07/26
XM532557,大地の精霊,35.006676,133.772291,1,2026/05/10
XM532558,大地の精霊,35.019649,133.744856,1,2026/04/29
XM532564,炎の精霊,34.954764,133.991770,1,2026/05/10
XM532564,風の精霊,34.954764,133.991770,1,2026/04/14
XM532585,風の精霊,35.045589,133.799726,1,2026/06/07
XM532588,大地の精霊,35.058555,133.827160,1,2026/05/17
XM532604,大地の精霊,34.759801,134.567901,1,2026/05/25
XM532604,水の精霊,34.759801,134.567901,1,2026/08/03
XM532604,炎の精霊,34.759801,134.567901,1,2026/06/27
XM532607,風の精霊,34.772813,134.595336,2,2026/05/24
XM532608,風の精霊,34.785823,134.567901,1,2026/07/07
XM532614,大地の精霊,34.798830,134.485597,1,2026/05/18
XM532614,風の精霊,34.798830,134.485597,1,2026/08/07
XM532615,風の精霊,34.811836,134.458162,1,2026/07/26
XM532620,炎の精霊,34.811836,134.403292,1,2026/04/23
XM532623,風の精霊,34.824840,134.430727,1,2026/04/28
XM532625,大地の精霊,34.850841,134.375857,2,2026/06/11
XM532625,炎の精霊,34.850841,134.375857,1,2026/06/11
XM532626,風の精霊,34.837841,134.458162,1,2026/07/26
XM532628,炎の精霊,34.863839,134.403292,2,2026/05/22
XM532630,大地の精霊,34.772813,134.650206,1,2026/07/09
XM532630,水の精霊,34.772813,134.650206,1,2026/06/09
XM532631,大地の精霊,34.785823,134.622771,1,2026/07/02
XM532631,水の精霊,34.785823,134.622771,1,2026/06/17
XM532631,風の精霊,34.785823,134.622771,2,2026/06/14
XM532633,風の精霊,34.785823,134.677641,1,2026/07/08
XM532635,水の精霊,34.811836,134.622771,1,2026/06/07
XM532635,炎の精霊,34.811836,134.622771,1,2026/07/29
XM532640,大地の精霊,34.811836,134.567901,2,2026/07/21
XM532641,風の精霊,34.824840,134.540466,1,2026/06/10
XM532643,風の精霊,34.824840,134.595336,1,2026/07/19
XM532647,水の精霊,34.850841,134.595336,3,2026/07/20
XM532650,水の精霊,34.850841,134.485597,2,2026/06/26
XM532650,風の精霊,34.850841,134.485597,3,2026/06/22
XM532653,大地の精霊,34.863839,134.513032,2,2026/08/08
XM532653,水の精霊,34.863839,134.513032,2,2026/07/22
XM532653,炎の精霊,34.863839,134.513032,2,2026/06/23
XM532660,大地の精霊,34.811836,134.732510,1,2026/04/28
XM532660,炎の精霊,34.811836,134.732510,1,2026/04/14
XM532660,風の精霊,34.811836,134.732510,1,2026/05/31
XM532661,風の精霊,34.824840,134.705075,1,2026/05/26
XM532663,風の精霊,34.824840,134.759945,1,2026/04/13
XM532665,風の精霊,34.850841,134.705075,1,2026/05/24
XM532667,炎の精霊,34.850841,134.759945,1,2026/05/25
XM532671,水の精霊,34.863839,134.622771,2,2026/06/03
XM532671,炎の精霊,34.863839,134.622771,2,2026/05/09
XM532671,風の精霊,34.863839,134.622771,1,2026/04/16
XM532673,炎の精霊,34.863839,134.677641,1,2026/06/18
XM532674,大地の精霊,34.876834,134.650206,4,2026/07/27
XM532674,水の精霊,34.876834,134.650206,1,2026/07/15
XM532677,大地の精霊,34.889828,134.677641,1,2026/05/29
XM532677,水の精霊,34.889828,134.677641,2,2026/07/30
XM532680,炎の精霊,34.889828,134.567901,1,2026/08/06
XM532680,風の精霊,34.889828,134.567901,2,2026/08/05
XM532681,大地の精霊,34.902819,134.540466,1,2026/06/02
XM532681,風の精霊,34.902819,134.540466,1,2026/05/02
XM532683,風の精霊,34.902819,134.595336,2,2026/05/08
XM532684,炎の精霊,34.915808,134.567901,1,2026/05/04
XM532684,風の精霊,34.915808,134.567901,1,2026/05/20
XM532685,水の精霊,34.928796,134.540466,1,2026/06/05
XM532687,大地の精霊,34.928796,134.595336,1,2026/05/19
XM532687,炎の精霊,34.928796,134.595336,1,2026/05/16
XM532703,水の精霊,34.863839,134.348422,1,2026/05/10
XM532703,炎の精霊,34.863839,134.348422,1,2026/08/02
XM532703,風の精霊,34.863839,134.348422,2,2026/06/24
XM532707,炎の精霊,34.889828,134.348422,1,2026/07/25
XM532713,大地の精霊,34.902819,134.266118,1,2026/05/23
XM532713,炎の精霊,34.902819,134.266118,1,2026/06/07
XM532721,風の精霊,34.941781,134.128944,1,2026/04/29
XM532725,炎の精霊,34.967745,134.128944,1,2026/05/29
XM532728,炎の精霊,34.980724,134.156379,1,2026/04/28
XM532728,風の精霊,34.980724,134.156379,1,2026/05/08
XM532730,大地の精霊,34.889828,134.403292,1,2026/04/15
XM532744,炎の精霊,34.954764,134.320988,1,2026/05/19
XM532745,炎の精霊,34.967745,134.293553,1,2026/05/15
XM532747,風の精霊,34.967745,134.348422,1,2026/06/30
XM532748,風の精霊,34.980724,134.320988,1,2026/06/19
XM532755,炎の精霊,35.006676,134.211248,1,2026/06/18
XM532761,風の精霊,34.941781,134.458162,1,2026/05/20
XM532763,大地の精霊,34.941781,134.513032,1,2026/07/22
XM532763,水の精霊,34.941781,134.513032,1,2026/06/04
XM532763,炎の精霊,34.941781,134.513032,1,2026/07/16
XM532773,大地の精霊,34.980724,134.430727,2,2026/05/12
XM532774,水の精霊,34.993701,134.403292,1,2026/07/02
XM532777,大地の精霊,35.006676,134.430727,1,2026/05/25
XM532780,水の精霊,35.006676,134.320988,1,2026/06/17
XM532780,風の精霊,35.006676,134.320988,2,2026/07/20
XM532801,大地の精霊,34.980724,134.046639,1,2026/05/09
XM532804,大地の精霊,34.993701,134.074074,1,2026/04/25
XM532807,水の精霊,35.006676,134.101509,1,2026/05/21
XM532814,水の精霊,35.032620,133.991770,1,2026/05/16
XM532814,風の精霊,35.032620,133.991770,1,2026/04/22
XM532815,風の精霊,35.045589,133.964335,2,2026/06/09
XM532817,風の精霊,35.045589,134.019204,1,2026/05/26
XM532818,水の精霊,35.058555,133.991770,2,2026/07/22
XM532818,炎の精霊,35.058555,133.991770,1,2026/06/26
XM532818,風の精霊,35.058555,133.991770,1,2026/06/08
XM532820,炎の精霊,35.045589,133.909465,1,2026/04/30
XM532823,水の精霊,35.058555,133.936900,2,2026/07/10
XM532827,風の精霊,35.084482,133.936900,1,2026/07/12
XM532831,水の精霊,35.019649,134.128944,1,2026/05/15
XM532834,大地の精霊,35.032620,134.156379,1,2026/08/02
XM532834,水の精霊,35.032620,134.156379,1,2026/05/27
XM532840,水の精霊,35.045589,134.074074,1,2026/07/06
XM532844,水の精霊,35.071520,134.074074,2,2026/06/03
XM532845,炎の精霊,35.084482,134.046639,1,2026/05/10
XM532847,風の精霊,35.084482,134.101509,1,2026/04/15
XM532848,風の精霊,35.097443,134.074074,1,2026/04/12
XM532853,風の精霊,35.097443,134.019204,2,2026/08/04
XM532854,炎の精霊,35.110401,133.991770,2,2026/07/31
XM532854,風の精霊,35.110401,133.991770,1,2026/06/22
XM532865,風の精霊,35.084482,134.211248,1,2026/05/21
XM532870,炎の精霊,35.084482,134.156379,1,2026/06/03
XM532880,大地の精霊,35.123358,134.074074,2,2026/07/23
XM532880,炎の精霊,35.123358,134.074074,1,2026/08/05
XM532880,風の精霊,35.123358,134.074074,2,2026/06/27
XM532884,大地の精霊,35.149265,134.074074,1,2026/05/22
XM532884,風の精霊,35.149265,134.074074,2,2026/07/04
XM533074,大地の精霊,34.290008,136.378601,1,2026/05/23
XM533116,炎の精霊,34.329259,136.021948,1,2026/05/11
XM533125,大地の精霊,34.381564,135.857339,1,2026/05/26
XM533127,水の精霊,34.381564,135.912209,2,2026/06/26
XM533127,風の精霊,34.381564,135.912209,1,2026/05/21
XM533153,大地の精霊,34.394636,135.994513,1,2026/05/03
XM533168,風の精霊,34.394636,136.213992,1,2026/04/20
XM533205,風の精霊,34.420772,135.775034,1,2026/05/18
XM533214,水の精霊,34.446900,135.720165,2,2026/06/21
XM533220,風の精霊,34.459961,135.637860,1,2026/06/29
XM533221,風の精霊,34.473020,135.610425,1,2026/06/04
XM533224,風の精霊,34.486077,135.637860,1,2026/06/29
XM533225,風の精霊,34.499132,135.610425,3,2026/08/08
XM533227,大地の精霊,34.499132,135.665295,1,2026/07/12
XM533228,大地の精霊,34.512185,135.637860,2,2026/06/25
XM533228,水の精霊,34.512185,135.637860,1,2026/07/15
XM533228,炎の精霊,34.512185,135.637860,2,2026/06/25
XM533228,風の精霊,34.512185,135.637860,1,2026/06/23
XM533230,大地の精霊,34.420772,135.884774,1,2026/07/14
XM533230,風の精霊,34.420772,135.884774,1,2026/06/08
XM533240,風の精霊,34.459961,135.802469,1,2026/06/04
XM533241,炎の精霊,34.473020,135.775034,1,2026/08/04
XM533243,風の精霊,34.473020,135.829904,1,2026/04/26
XM533247,風の精霊,34.499132,135.829904,1,2026/06/09
XM533248,水の精霊,34.512185,135.802469,1,2026/06/11
XM533250,炎の精霊,34.499132,135.720165,1,2026/05/16
XM533250,風の精霊,34.499132,135.720165,1,2026/05/14
XM533253,水の精霊,34.512185,135.747599,2,2026/07/27
XM533253,炎の精霊,34.512185,135.747599,1,2026/05/21
XM533253,風の精霊,34.512185,135.747599,1,2026/05/05
XM533254,炎の精霊,34.525236,135.720165,1,2026/08/07
XM533255,風の精霊,34.538285,135.692730,1,2026/07/26
XM533257,大地の精霊,34.538285,135.747599,1,2026/07/18
XM533257,水の精霊,34.538285,135.747599,1,2026/06/25
XM533258,風の精霊,34.551331,135.720165,1,2026/08/05
XM533263,大地の精霊,34.473020,135.994513,1,2026/04/23
XM533265,炎の精霊,34.499132,135.939643,1,2026/07/27
XM533265,風の精霊,34.499132,135.939643,2,2026/06/14
XM533268,風の精霊,34.512185,135.967078,1,2026/05/04
XM533270,大地の精霊,34.499132,135.884774,1,2026/05/11
XM533271,炎の精霊,34.512185,135.857339,1,2026/05/19
XM533271,風の精霊,34.512185,135.857339,1,2026/07/05
XM533273,大地の精霊,34.512185,135.912209,1,2026/07/11
XM533274,風の精霊,34.525236,135.884774,3,2026/06/28
XM533275,大地の精霊,34.538285,135.857339,1,2026/05/17
XM533277,水の精霊,34.538285,135.912209,2,2026/04/23
XM533280,大地の精霊,34.538285,135.802469,1,2026/06/18
XM533280,風の精霊,34.538285,135.802469,1,2026/05/08
XM533281,大地の精霊,34.551331,135.775034,1,2026/06/20
XM533281,炎の精霊,34.551331,135.775034,1,2026/05/28
XM533281,風の精霊,34.551331,135.775034,2,2026/07/01
XM533284,風の精霊,34.564376,135.802469,1,2026/06/22
XM533285,大地の精霊,34.577419,135.775034,1,2026/07/16
XM533287,大地の精霊,34.577419,135.829904,1,2026/05/10
XM533287,水の精霊,34.577419,135.829904,1,2026/06/06
XM533288,大地の精霊,34.590459,135.802469,1,2026/06/19
XM533323,炎の精霊,34.355416,136.406036,1,2026/04/15
XM533351,大地の精霊,34.394636,136.433471,1,2026/08/08
XM533355,炎の精霊,34.420772,136.433471,1,2026/04/17
XM533357,大地の精霊,34.420772,136.488340,1,2026/04/14
XM533357,水の精霊,34.420772,136.488340,2,2026/07/31
XM533357,炎の精霊,34.420772,136.488340,1,2026/04/14
XM533375,風の精霊,34.420772,136.598080,1,2026/05/02
XM533378,炎の精霊,34.433837,136.625514,1,2026/07/16
XM533378,風の精霊,34.433837,136.625514,1,2026/06/19
XM533381,水の精霊,34.433837,136.515775,2,2026/07/20
XM533381,風の精霊,34.433837,136.515775,1,2026/07/01
XM533383,風の精霊,34.433837,136.570645,1,2026/05/08
XM533385,大地の精霊,34.459961,136.515775,1,2026/07/21
XM533424,大地の精霊,34.486077,136.131687,2,2026/06/23
XM533424,水の精霊,34.486077,136.131687,1,2026/07/16
XM533424,風の精霊,34.486077,136.131687,1,2026/06/13
XM533461,風の精霊,34.473020,136.433471,1,2026/06/20
XM533463,大地の精霊,34.473020,136.488340,1,2026/08/03
XM533463,炎の精霊,34.473020,136.488340,1,2026/06/14
XM533463,風の精霊,34.473020,136.488340,1,2026/06/17
XM533467,炎の精霊,34.499132,136.488340,1,2026/05/02
XM533468,風の精霊,34.512185,136.460905,1,2026/05/22
XM533485,炎の精霊,34.577419,136.268861,1,2026/05/15
XM533510,風の精霊,34.538285,135.967078,1,2026/05/25
XM533513,大地の精霊,34.551331,135.994513,1,2026/05/31
XM533513,炎の精霊,34.551331,135.994513,1,2026/06/17
XM533513,風の精霊,34.551331,135.994513,1,2026/04/27
XM533523,風の精霊,34.590459,135.912209,1,2026/04/25
XM533525,風の精霊,34.616534,135.857339,1,2026/05/18
XM533528,大地の精霊,34.629569,135.884774,1,2026/06/17
XM533528,水の精霊,34.629569,135.884774,1,2026/06/20
XM533528,風の精霊,34.629569,135.884774,2,2026/06/22
XM533543,大地の精霊,34.590459,136.076818,1,2026/05/28
XM533543,炎の精霊,34.590459,136.076818,1,2026/07/24
XM533543,風の精霊,34.590459,136.076818,1,2026/06/29
XM533547,水の精霊,34.616534,136.076818,1,2026/07/28
XM533547,風の精霊,34.616534,136.076818,1,2026/07/12
XM533550,水の精霊,34.616534,135.967078,1,2026/05/01
XM533550,炎の精霊,34.616534,135.967078,1,2026/05/05
XM533553,水の精霊,34.629569,135.994513,1,2026/07/29
XM533555,風の精霊,34.655632,135.939643,1,2026/05/04
XM533557,風の精霊,34.655632,135.994513,1,2026/04/23
XM533571,水の精霊,34.629569,136.104252,1,2026/08/08
XM533573,水の精霊,34.629569,136.159122,1,2026/05/20
XM533573,風の精霊,34.629569,136.159122,1,2026/05/20
XM533574,風の精霊,34.642601,136.131687,1,2026/08/02
XM533575,風の精霊,34.655632,136.104252,1,2026/06/07
XM533577,大地の精霊,34.655632,136.159122,1,2026/05/25
XM533577,炎の精霊,34.655632,136.159122,1,2026/05/14
XM533578,風の精霊,34.668660,136.131687,1,2026/07/01
XM533584,風の精霊,34.681686,136.049383,2,2026/07/04
XM533587,風の精霊,34.694710,136.076818,1,2026/05/12
XM533588,風の精霊,34.707733,136.049383,2,2026/06/19
XM533600,炎の精霊,34.381564,136.790123,2,2026/07/20
XM533603,水の精霊,34.394636,136.817558,1,2026/04/17
XM533603,炎の精霊,34.394636,136.817558,1,2026/07/23
XM533604,炎の精霊,34.407705,136.790123,1,2026/04/21
XM533615,大地の精霊,34.459961,136.680384,1,2026/06/01
XM533615,水の精霊,34.459961,136.680384,2,2026/07/09
XM533615,炎の精霊,34.459961,136.680384,1,2026/07/22
XM533615,風の精霊,34.459961,136.680384,1,2026/06/11
XM533618,風の精霊,34.473020,136.707819,1,2026/06/23
XM533623,水の精霊,34.473020,136.652949,1,2026/07/14
XM533624,炎の精霊,34.486077,136.625514,1,2026/05/05
XM533625,風の精霊,34.499132,136.598080,1,2026/06/04
XM533627,大地の精霊,34.499132,136.652949,1,2026/04/14
XM533627,炎の精霊,34.499132,136.652949,1,2026/04/14
XM533628,風の精霊,34.512185,136.625514,1,2026/07/02
XM533634,大地の精霊,34.446900,136.872428,1,2026/05/20
XM533635,炎の精霊,34.459961,136.844993,1,2026/07/20
XM533638,大地の精霊,34.473020,136.872428,1,2026/05/13
XM533638,水の精霊,34.473020,136.872428,1,2026/06/08
XM533641,炎の精霊,34.473020,136.762689,1,2026/06/12
XM533641,風の精霊,34.473020,136.762689,1,2026/05/27
XM533650,大地の精霊,34.499132,136.707819,1,2026/05/25
XM533650,風の精霊,34.499132,136.707819,1,2026/04/22
XM533651,大地の精霊,34.512185,136.680384,1,2026/07/03
XM533651,炎の精霊,34.512185,136.680384,1,2026/08/08
XM533651,風の精霊,34.512185,136.680384,1,2026/07/11
XM533655,炎の精霊,34.538285,136.680384,1,2026/07/17
XM533655,風の精霊,34.538285,136.680384,1,2026/07/07
XM533700,大地の精霊,34.499132,136.543210,1,2026/07/28
XM533701,水の精霊,34.512185,136.515775,1,2026/05/01
XM533703,水の精霊,34.512185,136.570645,1,2026/06/12
XM533705,風の精霊,34.538285,136.515775,1,2026/07/30
XM533707,炎の精霊,34.538285,136.570645,1,2026/08/01
XM533707,風の精霊,34.538285,136.570645,1,2026/06/02
XM533708,水の精霊,34.551331,136.543210,1,2026/07/11
XM533713,大地の精霊,34.551331,136.488340,1,2026/07/26
XM533713,炎の精霊,34.551331,136.488340,1,2026/06/13
XM533713,風の精霊,34.551331,136.488340,2,2026/06/11
XM533714,水の精霊,34.564376,136.460905,1,2026/08/07
XM533717,炎の精霊,34.577419,136.488340,1,2026/05/09
XM533730,水の精霊,34.538285,136.625514,2,2026/04/30
XM533730,炎の精霊,34.538285,136.625514,1,2026/05/19
XM533730,風の精霊,34.538285,136.625514,1,2026/04/26
XM533731,炎の精霊,34.551331,136.598080,1,2026/06/29
XM533733,水の精霊,34.551331,136.652949,1,2026/05/02
XM533733,炎の精霊,34.551331,136.652949,1,2026/05/11
XM533734,風の精霊,34.564376,136.625514,2,2026/05/07
XM533737,風の精霊,34.577419,136.652949,1,2026/06/24
XM533738,水の精霊,34.590459,136.625514,1,2026/07/05
XM533740,大地の精霊,34.577419,136.543210,1,2026/07/18
XM533740,風の精霊,34.577419,136.543210,5,2026/05/28
XM533741,大地の精霊,34.590459,136.515775,2,2026/07/03
XM533743,風の精霊,34.590459,136.570645,1,2026/04/20
XM533745,水の精霊,34.616534,136.515775,1,2026/06/27
XM533748,大地の精霊,34.629569,136.543210,1,2026/07/17
XM533748,風の精霊,34.629569,136.543210,1,2026/08/06
XM533750,大地の精霊,34.616534,136.460905,3,2026/07/21
XM533750,風の精霊,34.616534,136.460905,1,2026/04/16
XM533754,水の精霊,34.642601,136.460905,1,2026/06/23
XM533755,大地の精霊,34.655632,136.433471,1,2026/05/10
XM533757,大地の精霊,34.655632,136.488340,1,2026/06/30
XM533758,水の精霊,34.668660,136.460905,1,2026/06/26
XM533780,大地の精霊,34.655632,136.543210,1,2026/07/14
XM533780,風の精霊,34.655632,136.543210,3,2026/07/15
XM533781,大地の精霊,34.668660,136.515775,1,2026/06/14
XM533781,水の精霊,34.668660,136.515775,1,2026/07/19
XM533781,炎の精霊,34.668660,136.515775,2,2026/08/08
XM533785,大地の精霊,34.694710,136.515775,1,2026/07/08
XM533785,炎の精霊,34.694710,136.515775,1,2026/05/08
XM533785,風の精霊,34.694710,136.515775,1,2026/07/10
XM533807,大地の精霊,34.655632,136.323731,1,2026/08/08
XM533807,風の精霊,34.655632,136.323731,1,2026/06/18
XM533810,炎の精霊,34.655632,136.213992,1,2026/05/11
XM533811,水の精霊,34.668660,136.186557,1,2026/06/02
XM533811,炎の精霊,34.668660,136.186557,1,2026/07/08
XM533811,風の精霊,34.668660,136.186557,2,2026/06/11
XM533814,大地の精霊,34.681686,136.213992,1,2026/07/14
XM533814,炎の精霊,34.681686,136.213992,2,2026/07/28
XM533814,風の精霊,34.681686,136.213992,1,2026/06/04
XM533817,風の精霊,34.694710,136.241427,1,2026/04/12
XM533820,炎の精霊,34.694710,136.131687,1,2026/04/18
XM533820,風の精霊,34.694710,136.131687,1,2026/05/21
XM533821,水の精霊,34.707733,136.104252,1,2026/06/28
XM533823,炎の精霊,34.707733,136.159122,1,2026/08/05
XM533823,風の精霊,34.707733,136.159122,1,2026/06/22
XM533825,風の精霊,34.733771,136.104252,1,2026/05/26
XM533827,風の精霊,34.733771,136.159122,1,2026/07/07
XM533828,風の精霊,34.746787,136.131687,2,2026/08/06
XM533830,大地の精霊,34.655632,136.378601,2,2026/05/30
XM533830,風の精霊,34.655632,136.378601,1,2026/06/11
XM533838,大地の精霊,34.707733,136.378601,1,2026/05/03
XM533853,風の精霊,34.746787,136.241427,1,2026/05/04
XM533854,大地の精霊,34.759801,136.213992,1,2026/05/09
XM533854,水の精霊,34.759801,136.213992,1,2026/04/30
XM533855,大地の精霊,34.772813,136.186557,1,2026/05/17
XM533858,水の精霊,34.785823,136.213992,1,2026/06/20
XM533858,風の精霊,34.785823,136.213992,1,2026/06/15
XM533860,風の精霊,34.694710,136.460905,1,2026/04/17
XM533861,大地の精霊,34.707733,136.433471,1,2026/05/28
XM533863,風の精霊,34.707733,136.488340,1,2026/05/23
XM533864,炎の精霊,34.720753,136.460905,1,2026/07/04
XM533867,水の精霊,34.733771,136.488340,1,2026/06/09
XM533867,炎の精霊,34.733771,136.488340,1,2026/04/16
XM533867,風の精霊,34.733771,136.488340,1,2026/04/23
XM534000,風の精霊,34.499132,135.555556,2,2026/06/24
XM534001,炎の精霊,34.512185,135.528121,2,2026/04/27
XM534004,大地の精霊,34.525236,135.555556,1,2026/06/21
XM534004,炎の精霊,34.525236,135.555556,1,2026/06/21
XM534004,風の精霊,34.525236,135.555556,1,2026/06/16
XM534005,大地の精霊,34.538285,135.528121,2,2026/07/21
XM534007,水の精霊,34.538285,135.582990,1,2026/06/26
XM534007,炎の精霊,34.538285,135.582990,1,2026/06/15
XM534008,大地の精霊,34.551331,135.555556,1,2026/05/29
XM534010,炎の精霊,34.538285,135.473251,1,2026/06/13
XM534011,風の精霊,34.551331,135.445816,1,2026/07/30
XM534013,大地の精霊,34.551331,135.500686,2,2026/06/23
XM534014,大地の精霊,34.564376,135.473251,2,2026/06/30
XM534014,炎の精霊,34.564376,135.473251,1,2026/06/30
XM534017,炎の精霊,34.577419,135.500686,1,2026/07/10
XM534017,風の精霊,34.577419,135.500686,1,2026/04/18
XM534018,風の精霊,34.590459,135.473251,2,2026/05/13
XM534027,大地の精霊,34.616534,135.418381,1,2026/07/11
XM534027,水の精霊,34.616534,135.418381,1,2026/06/18
XM534027,炎の精霊,34.616534,135.418381,2,2026/08/03
XM534027,風の精霊,34.616534,135.418381,4,2026/07/12
XM534030,風の精霊,34.538285,135.637860,1,2026/06/26
XM534031,風の精霊,34.551331,135.610425,1,2026/07/04
XM534033,風の精霊,34.551331,135.665295,1,2026/04/24
XM534037,炎の精霊,34.577419,135.665295,1,2026/06/15
XM534040,炎の精霊,34.577419,135.555556,3,2026/07/23
XM534043,風の精霊,34.590459,135.582990,1,2026/07/29
XM534044,炎の精霊,34.603498,135.555556,1,2026/08/08
XM534045,大地の精霊,34.616534,135.528121,1,2026/07/05
XM534047,炎の精霊,34.616534,135.582990,1,2026/06/08
XM534047,風の精霊,34.616534,135.582990,1,2026/07/21
XM534050,大地の精霊,34.616534,135.473251,1,2026/05/19
XM534050,風の精霊,34.616534,135.473251,1,2026/05/28
XM534053,水の精霊,34.629569,135.500686,2,2026/07/25
XM534053,風の精霊,34.629569,135.500686,1,2026/07/05
XM534055,風の精霊,34.655632,135.445816,1,2026/04/13
XM534058,炎の精霊,34.668660,135.473251,1,2026/07/31
XM534061,大地の精霊,34.590459,135.692730,1,2026/05/02
XM534061,炎の精霊,34.590459,135.692730,1,2026/07/20
XM534063,炎の精霊,34.590459,135.747599,1,2026/07/15
XM534064,水の精霊,34.603498,135.720165,1,2026/05/19
XM534067,水の精霊,34.616534,135.747599,1,2026/06/21
XM534070,大地の精霊,34.616534,135.637860,1,2026/07/10
XM534070,水の精霊,34.616534,135.637860,1,2026/07/11
XM534070,炎の精霊,34.616534,135.637860,3,2026/07/31
XM534071,風の精霊,34.629569,135.610425,3,2026/07/09
XM534074,水の精霊,34.642601,135.637860,1,2026/06/27
XM534074,風の精霊,34.642601,135.637860,2,2026/05/10
XM534077,風の精霊,34.655632,135.665295,1,2026/05/05
XM534078,風の精霊,34.668660,135.637860,4,2026/06/19
XM534080,大地の精霊,34.655632,135.555556,3,2026/05/30
XM534080,炎の精霊,34.655632,135.555556,2,2026/08/05
XM534081,大地の精霊,34.668660,135.528121,1,2026/08/04
XM534081,炎の精霊,34.668660,135.528121,1,2026/08/04
XM534084,大地の精霊,34.681686,135.555556,1,2026/07/16
XM534084,水の精霊,34.681686,135.555556,1,2026/06/03
XM534085,風の精霊,34.694710,135.528121,1,2026/04/13
XM534111,大地の精霊,34.668660,135.198903,1,2026/07/16
XM534111,炎の精霊,34.668660,135.198903,1,2026/05/20
XM534111,風の精霊,34.668660,135.198903,1,2026/07/17
XM534115,風の精霊,34.694710,135.198903,1,2026/05/31
XM534117,大地の精霊,34.694710,135.253772,1,2026/07/11
XM534117,水の精霊,34.694710,135.253772,1,2026/06/07
XM534118,風の精霊,34.707733,135.226337,4,2026/07/29
XM534120,大地の精霊,34.694710,135.144033,1,2026/08/07
XM534120,水の精霊,34.694710,135.144033,1,2026/06/03
XM534121,水の精霊,34.707733,135.116598,1,2026/06/09
XM534124,炎の精霊,34.720753,135.144033,3,2026/07/18
XM534127,水の精霊,34.733771,135.171468,2,2026/05/30
XM534127,風の精霊,34.733771,135.171468,2,2026/06/17
XM534133,大地の精霊,34.668660,135.418381,1,2026/07/28
XM534133,水の精霊,34.668660,135.418381,1,2026/06/15
XM534135,風の精霊,34.694710,135.363512,1,2026/07/04
XM534137,大地の精霊,34.694710,135.418381,1,2026/08/02
XM534137,風の精霊,34.694710,135.418381,1,2026/07/08
XM534140,風の精霊,34.694710,135.308642,1,2026/07/13
XM534141,水の精霊,34.707733,135.281207,1,2026/07/08
XM534144,炎の精霊,34.720753,135.308642,1,2026/05/27
XM534144,風の精霊,34.720753,135.308642,1,2026/07/12
XM534145,大地の精霊,34.733771,135.281207,1,2026/05/17
XM534145,風の精霊,34.733771,135.281207,1,2026/06/23
XM534150,大地の精霊,34.733771,135.226337,1,2026/07/16
XM534153,水の精霊,34.746787,135.253772,1,2026/04/30
XM534154,大地の精霊,34.759801,135.226337,1,2026/05/25
XM534154,水の精霊,34.759801,135.226337,2,2026/07/26
XM534154,炎の精霊,34.759801,135.226337,1,2026/06/19
XM534155,大地の精霊,34.772813,135.198903,2,2026/07/21
XM534156,大地の精霊,34.759801,135.281207,1,2026/07/13
XM534158,風の精霊,34.785823,135.226337,1,2026/05/18
XM534161,大地の精霊,34.707733,135.445816,2,2026/06/12
XM534164,大地の精霊,34.720753,135.473251,2,2026/08/03
XM534164,炎の精霊,34.720753,135.473251,1,2026/05/29
XM534164,風の精霊,34.720753,135.473251,1,2026/04/25
XM534165,風の精霊,34.733771,135.445816,2,2026/05/26
XM534167,大地の精霊,34.733771,135.500686,1,2026/04/29
XM534170,大地の精霊,34.733771,135.390947,2,2026/05/04
XM534170,水の精霊,34.733771,135.390947,1,2026/05/19
XM534170,風の精霊,34.733771,135.390947,1,2026/07/12
XM534171,風の精霊,34.746787,135.363512,1,2026/07/20
XM534174,大地の精霊,34.759801,135.390947,1,2026/05/11
XM534174,水の精霊,34.759801,135.390947,1,2026/06/24
XM534174,炎の精霊,34.759801,135.390947,2,2026/07/21
XM534175,大地の精霊,34.772813,135.363512,1,2026/05/30
XM534176,水の精霊,34.759801,135.445816,1,2026/07/02
XM534177,風の精霊,34.772813,135.418381,1,2026/06/06
XM534178,風の精霊,34.785823,135.390947,1,2026/05/03
XM534180,大地の精霊,34.772813,135.308642,1,2026/07/14
XM534180,水の精霊,34.772813,135.308642,1,2026/08/08
XM534180,炎の精霊,34.772813,135.308642,1,2026/04/18
XM534180,風の精霊,34.772813,135.308642,1,2026/07/22
XM534181,風の精霊,34.785823,135.281207,1,2026/07/16
XM534183,大地の精霊,34.785823,135.336077,1,2026/04/25
XM534183,水の精霊,34.785823,135.336077,1,2026/06/20
XM534185,水の精霊,34.811836,135.281207,1,2026/04/19
XM534187,水の精霊,34.811836,135.336077,1,2026/06/16
XM534187,風の精霊,34.811836,135.336077,2,2026/08/02
XM534203,風の精霊,34.746787,135.089163,2,2026/07/11
XM534211,水の精霊,34.785823,134.951989,1,2026/04/14
XM534214,風の精霊,34.798830,134.979424,1,2026/06/05
XM534215,大地の精霊,34.811836,134.951989,1,2026/08/01
XM534215,炎の精霊,34.811836,134.951989,1,2026/08/02
XM534215,風の精霊,34.811836,134.951989,1,2026/06/25
XM534218,炎の精霊,34.824840,134.979424,1,2026/08/07
XM534220,大地の精霊,34.811836,134.897119,1,2026/06/14
XM534220,水の精霊,34.811836,134.897119,1,2026/06/26
XM534221,大地の精霊,34.824840,134.869684,1,2026/06/11
XM534221,炎の精霊,34.824840,134.869684,1,2026/05/10
XM534221,風の精霊,34.824840,134.869684,1,2026/04/22
XM534223,大地の精霊,34.824840,134.924554,1,2026/05/05
XM534223,風の精霊,34.824840,134.924554,2,2026/07/12
XM534224,大地の精霊,34.837841,134.897119,2,2026/07/21
XM534225,風の精霊,34.850841,134.869684,1,2026/05/04
XM534227,水の精霊,34.850841,134.924554,1,2026/04/23
XM534235,水の精霊,34.811836,135.116598,2,2026/05/26
XM534235,風の精霊,34.811836,135.116598,1,2026/05/10
XM534238,風の精霊,34.824840,135.144033,1,2026/04/20
XM534240,風の精霊,34.811836,135.061728,1,2026/04/20
XM534241,大地の精霊,34.824840,135.034294,1,2026/08/05
XM534241,風の精霊,34.824840,135.034294,1,2026/04/29
XM534248,水の精霊,34.863839,135.061728,1,2026/05/22
XM534250,風の精霊,34.850841,134.979424,2,2026/04/24
XM534251,風の精霊,34.863839,134.951989,2,2026/07/20
XM534253,大地の精霊,34.863839,135.006859,1,2026/05/17
XM534253,水の精霊,34.863839,135.006859,1,2026/05/13
XM534254,炎の精霊,34.876834,134.979424,1,2026/05/05
XM534255,風の精霊,34.889828,134.951989,2,2026/07/08
XM534258,水の精霊,34.902819,134.979424,1,2026/08/07
XM534260,大地の精霊,34.811836,135.226337,1,2026/07/27
XM534260,風の精霊,34.811836,135.226337,1,2026/06/13
XM534261,風の精霊,34.824840,135.198903,1,2026/04/14
XM534264,炎の精霊,34.837841,135.226337,1,2026/06/04
XM534265,風の精霊,34.850841,135.198903,1,2026/04/21
XM534270,大地の精霊,34.850841,135.144033,1,2026/06/17
XM534270,炎の精霊,34.850841,135.144033,1,2026/05/02
XM534273,大地の精霊,34.863839,135.171468,1,2026/05/28
XM534273,炎の精霊,34.863839,135.171468,1,2026/07/24
XM534280,炎の精霊,34.889828,135.061728,1,2026/07/14
XM534283,風の精霊,34.902819,135.089163,1,2026/07/15
XM534284,大地の精霊,34.915808,135.061728,1,2026/06/16
XM534284,風の精霊,34.915808,135.061728,1,2026/06/23
XM534287,風の精霊,34.928796,135.089163,1,2026/05/27
XM534300,水の精霊,34.616534,135.802469,2,2026/06/14
XM534301,大地の精霊,34.629569,135.775034,1,2026/07/05
XM534301,風の精霊,34.629569,135.775034,1,2026/04/21
XM534303,水の精霊,34.629569,135.829904,1,2026/07/14
XM534304,大地の精霊,34.642601,135.802469,1,2026/08/05
XM534304,炎の精霊,34.642601,135.802469,3,2026/05/11
XM534307,炎の精霊,34.655632,135.829904,1,2026/07/16
XM534308,水の精霊,34.668660,135.802469,1,2026/07/19
XM534308,炎の精霊,34.668660,135.802469,1,2026/05/25
XM534310,大地の精霊,34.655632,135.720165,2,2026/06/13
XM534310,炎の精霊,34.655632,135.720165,2,2026/06/13
XM534311,風の精霊,34.668660,135.692730,1,2026/04/21
XM534313,炎の精霊,34.668660,135.747599,1,2026/05/16
XM534314,水の精霊,34.681686,135.720165,1,2026/04/22
XM534314,風の精霊,34.681686,135.720165,1,2026/07/12
XM534317,炎の精霊,34.694710,135.747599,1,2026/04/22
XM534318,水の精霊,34.707733,135.720165,1,2026/07/14
XM534320,水の精霊,34.694710,135.637860,1,2026/08/02
XM534320,風の精霊,34.694710,135.637860,1,2026/07/08
XM534321,炎の精霊,34.707733,135.610425,1,2026/04/14
XM534321,風の精霊,34.707733,135.610425,1,2026/07/03
XM534323,炎の精霊,34.707733,135.665295,2,2026/07/24
XM534323,風の精霊,34.707733,135.665295,1,2026/07/13
XM534324,水の精霊,34.720753,135.637860,1,2026/08/02
XM534325,風の精霊,34.733771,135.610425,1,2026/06/06
XM534328,水の精霊,34.746787,135.637860,1,2026/08/03
XM534330,大地の精霊,34.655632,135.884774,1,2026/07/27
XM534331,水の精霊,34.668660,135.857339,1,2026/07/08
XM534334,風の精霊,34.681686,135.884774,1,2026/05/27
XM534340,大地の精霊,34.694710,135.802469,1,2026/04/26
XM534340,炎の精霊,34.694710,135.802469,1,2026/04/26
XM534341,炎の精霊,34.707733,135.775034,1,2026/05/15
XM534345,風の精霊,34.733771,135.775034,1,2026/06/08
XM534348,水の精霊,34.746787,135.802469,1,2026/04/17
XM534353,水の精霊,34.746787,135.747599,1,2026/07/19
XM534353,炎の精霊,34.746787,135.747599,1,2026/05/15
XM534354,大地の精霊,34.759801,135.720165,1,2026/07/10
XM534354,水の精霊,34.759801,135.720165,2,2026/06/09
XM534354,風の精霊,34.759801,135.720165,2,2026/05/31
XM534355,大地の精霊,34.772813,135.692730,1,2026/06/10
XM534355,水の精霊,34.772813,135.692730,1,2026/06/02
XM534363,炎の精霊,34.707733,135.994513,1,2026/05/09
XM534370,大地の精霊,34.733771,135.884774,1,2026/07/25
XM534370,風の精霊,34.733771,135.884774,2,2026/07/12
XM534371,水の精霊,34.746787,135.857339,1,2026/05/07
XM534375,大地の精霊,34.772813,135.857339,1,2026/05/10
XM534378,風の精霊,34.785823,135.884774,1,2026/05/08
XM534380,風の精霊,34.772813,135.802469,3,2026/06/19
XM534381,大地の精霊,34.785823,135.775034,1,2026/08/06
XM534381,炎の精霊,34.785823,135.775034,1,2026/08/06
XM534383,水の精霊,34.785823,135.829904,1,2026/05/19
XM534384,炎の精霊,34.798830,135.802469,2,2026/06/20
XM534384,風の精霊,34.798830,135.802469,1,2026/07/08
XM534385,大地の精霊,34.811836,135.775034,2,2026/07/20
XM534385,風の精霊,34.811836,135.775034,1,2026/05/27
XM534387,大地の精霊,34.811836,135.829904,2,2026/05/10
XM534387,炎の精霊,34.811836,135.829904,1,2026/05/10
XM534387,風の精霊,34.811836,135.829904,1,2026/05/08
XM534388,大地の精霊,34.824840,135.802469,1,2026/04/27
XM534388,風の精霊,34.824840,135.802469,2,2026/05/13
XM534400,炎の精霊,34.733771,135.555556,2,2026/05/16
XM534401,大地の精霊,34.746787,135.528121,1,2026/05/10
XM534401,水の精霊,34.746787,135.528121,1,2026/07/23
XM534401,炎の精霊,34.746787,135.528121,1,2026/05/10
XM534401,風の精霊,34.746787,135.528121,2,2026/06/05
XM534403,水の精霊,34.746787,135.582990,1,2026/06/25
XM534404,炎の精霊,34.759801,135.555556,1,2026/07/17
XM534405,大地の精霊,34.772813,135.528121,1,2026/05/12
XM534407,風の精霊,34.772813,135.582990,2,2026/08/04
XM534408,大地の精霊,34.785823,135.555556,1,2026/08/08
XM534408,風の精霊,34.785823,135.555556,1,2026/05/22
XM534411,水の精霊,34.785823,135.445816,1,2026/07/02
XM534413,水の精霊,34.785823,135.500686,1,2026/06/28
XM534414,風の精霊,34.798830,135.473251,1,2026/04/20
XM534415,大地の精霊,34.811836,135.445816,2,2026/05/25
XM534417,風の精霊,34.811836,135.500686,1,2026/06/10
XM534420,大地の精霊,34.811836,135.390947,1,2026/04/24
XM534420,水の精霊,34.811836,135.390947,2,2026/07/31
XM534421,炎の精霊,34.824840,135.363512,1,2026/07/25
XM534428,水の精霊,34.863839,135.390947,1,2026/07/03
XM534430,風の精霊,34.772813,135.637860,1,2026/05/06
XM534431,大地の精霊,34.785823,135.610425,1,2026/08/03
XM534431,炎の精霊,34.785823,135.610425,1,2026/06/14
XM534431,風の精霊,34.785823,135.610425,1,2026/07/01
XM534433,水の精霊,34.785823,135.665295,1,2026/06/03
XM534433,風の精霊,34.785823,135.665295,1,2026/08/08
XM534434,水の精霊,34.798830,135.637860,1,2026/04/25
XM534435,水の精霊,34.811836,135.610425,3,2026/06/28
XM534435,風の精霊,34.811836,135.610425,2,2026/06/30
XM534437,風の精霊,34.811836,135.665295,1,2026/08/04
XM534438,風の精霊,34.824840,135.637860,1,2026/07/03
XM534440,大地の精霊,34.811836,135.555556,1,2026/06/21
XM534440,炎の精霊,34.811836,135.555556,1,2026/06/21
XM534440,風の精霊,34.811836,135.555556,2,2026/04/28
XM534441,炎の精霊,34.824840,135.528121,1,2026/05/01
XM534443,大地の精霊,34.824840,135.582990,2,2026/05/24
XM534444,炎の精霊,34.837841,135.555556,1,2026/07/22
XM534445,風の精霊,34.850841,135.528121,1,2026/06/23
XM534447,大地の精霊,34.850841,135.582990,1,2026/06/08
XM534448,炎の精霊,34.863839,135.555556,1,2026/05/20
XM534450,大地の精霊,34.850841,135.473251,1,2026/08/06
XM534450,水の精霊,34.850841,135.473251,3,2026/06/18
XM534450,風の精霊,34.850841,135.473251,1,2026/06/20
XM534451,水の精霊,34.863839,135.445816,2,2026/07/06
XM534460,水の精霊,34.811836,135.720165,1,2026/07/30
XM534460,風の精霊,34.811836,135.720165,1,2026/05/04
XM534461,水の精霊,34.824840,135.692730,1,2026/06/23
XM534461,風の精霊,34.824840,135.692730,1,2026/06/13
XM534463,大地の精霊,34.824840,135.747599,1,2026/05/30
XM534463,風の精霊,34.824840,135.747599,1,2026/07/12
XM534464,風の精霊,34.837841,135.720165,2,2026/07/26
XM534465,炎の精霊,34.850841,135.692730,1,2026/04/18
XM534467,水の精霊,34.850841,135.747599,1,2026/05/26
XM534467,風の精霊,34.850841,135.747599,2,2026/05/26
XM534468,大地の精霊,34.863839,135.720165,1,2026/08/07
XM534468,風の精霊,34.863839,135.720165,1,2026/08/05
XM534470,風の精霊,34.850841,135.637860,1,2026/04/21
XM534471,大地の精霊,34.863839,135.610425,1,2026/04/16
XM534471,風の精霊,34.863839,135.610425,1,2026/04/15
XM534473,水の精霊,34.863839,135.665295,2,2026/06/26
XM534475,風の精霊,34.889828,135.610425,1,2026/04/24
XM534477,水の精霊,34.889828,135.665295,2,2026/07/18
XM534480,炎の精霊,34.889828,135.555556,1,2026/07/11
XM534480,風の精霊,34.889828,135.555556,1,2026/06/01
XM534483,炎の精霊,34.902819,135.582990,1,2026/07/10
XM534501,大地の精霊,34.863839,135.281207,3,2026/07/17
XM534501,水の精霊,34.863839,135.281207,2,2026/06/26
XM534504,風の精霊,34.876834,135.308642,2,2026/06/16
XM534508,風の精霊,34.902819,135.308642,2,2026/05/23
XM534510,炎の精霊,34.889828,135.226337,1,2026/07/18
XM534510,風の精霊,34.889828,135.226337,1,2026/06/04
XM534511,大地の精霊,34.902819,135.198903,1,2026/04/26
XM534511,水の精霊,34.902819,135.198903,1,2026/07/20
XM534511,炎の精霊,34.902819,135.198903,1,2026/04/26
XM534515,炎の精霊,34.928796,135.198903,1,2026/08/07
XM534515,風の精霊,34.928796,135.198903,2,2026/05/31
XM534520,風の精霊,34.928796,135.144033,1,2026/05/14
XM534523,大地の精霊,34.941781,135.171468,2,2026/07/07
XM534523,炎の精霊,34.941781,135.171468,1,2026/06/01
XM534524,水の精霊,34.954764,135.144033,1,2026/06/09
XM534524,炎の精霊,34.954764,135.144033,1,2026/04/14
XM534524,風の精霊,34.954764,135.144033,1,2026/06/14
XM534525,風の精霊,34.967745,135.116598,1,2026/04/16
XM534527,大地の精霊,34.967745,135.171468,1,2026/05/11
XM534527,炎の精霊,34.967745,135.171468,1,2026/05/11
XM534531,炎の精霊,34.902819,135.363512,2,2026/07/15
XM534534,大地の精霊,34.915808,135.390947,1,2026/07/16
XM534534,炎の精霊,34.915808,135.390947,2,2026/08/06
XM534538,大地の精霊,34.941781,135.390947,1,2026/04/21
XM534538,炎の精霊,34.941781,135.390947,1,2026/05/10
XM534543,大地の精霊,34.941781,135.336077,1,2026/07/10
XM534543,水の精霊,34.941781,135.336077,1,2026/04/15
XM534543,炎の精霊,34.941781,135.336077,1,2026/07/29
XM534543,風の精霊,34.941781,135.336077,1,2026/07/07
XM534547,大地の精霊,34.967745,135.336077,1,2026/07/27
XM534547,風の精霊,34.967745,135.336077,2,2026/05/24
XM534558,水の精霊,35.019649,135.226337,1,2026/06/09
XM534571,水の精霊,34.980724,135.363512,2,2026/06/28
XM534573,水の精霊,34.980724,135.418381,2,2026/06/27
XM534581,水の精霊,35.019649,135.281207,1,2026/05/30
XM534581,風の精霊,35.019649,135.281207,1,2026/05/12
XM534600,水の精霊,34.733771,136.049383,1,2026/06/18
XM534600,風の精霊,34.733771,136.049383,1,2026/06/24
XM534603,炎の精霊,34.746787,136.076818,1,2026/05/02
XM534603,風の精霊,34.746787,136.076818,1,2026/05/13
XM534607,炎の精霊,34.772813,136.076818,1,2026/04/14
XM534608,風の精霊,34.785823,136.049383,1,2026/06/08
XM534625,大地の精霊,34.850841,135.857339,1,2026/07/25
XM534625,水の精霊,34.850841,135.857339,1,2026/05/07
XM534625,炎の精霊,34.850841,135.857339,1,2026/07/27
XM534628,炎の精霊,34.863839,135.884774,1,2026/06/24
XM534628,風の精霊,34.863839,135.884774,2,2026/08/04
XM534630,水の精霊,34.772813,136.131687,1,2026/06/26
XM534631,風の精霊,34.785823,136.104252,3,2026/07/03
XM534633,大地の精霊,34.785823,136.159122,1,2026/05/30
XM534633,風の精霊,34.785823,136.159122,1,2026/06/12
XM534635,大地の精霊,34.811836,136.104252,1,2026/05/16
XM534644,炎の精霊,34.837841,136.049383,1,2026/05/17
XM534645,水の精霊,34.850841,136.021948,1,2026/07/06
XM534645,炎の精霊,34.850841,136.021948,1,2026/08/03
XM534645,風の精霊,34.850841,136.021948,1,2026/06/16
XM534648,炎の精霊,34.863839,136.049383,1,2026/08/06
XM534648,風の精霊,34.863839,136.049383,2,2026/07/09
XM534653,風の精霊,34.863839,135.994513,1,2026/05/03
XM534654,水の精霊,34.876834,135.967078,1,2026/06/21
XM534654,風の精霊,34.876834,135.967078,1,2026/07/04
XM534660,水の精霊,34.811836,136.213992,2,2026/06/25
XM534660,風の精霊,34.811836,136.213992,2,2026/06/27
XM534663,炎の精霊,34.824840,136.241427,1,2026/05/15
XM534667,風の精霊,34.850841,136.241427,2,2026/07/26
XM534677,水の精霊,34.889828,136.159122,1,2026/06/02
XM534678,風の精霊,34.902819,136.131687,2,2026/05/27
XM534680,炎の精霊,34.889828,136.049383,1,2026/08/01
XM534680,風の精霊,34.889828,136.049383,1,2026/07/23
XM534687,風の精霊,34.928796,136.076818,1,2026/06/19
XM534700,大地の精霊,34.850841,135.802469,1,2026/05/20
XM534704,大地の精霊,34.876834,135.802469,1,2026/07/15
XM534704,水の精霊,34.876834,135.802469,2,2026/06/21
XM534707,炎の精霊,34.889828,135.829904,1,2026/06/25
XM534713,炎の精霊,34.902819,135.747599,1,2026/07/14
XM534718,水の精霊,34.941781,135.720165,1,2026/08/01
XM534723,大地の精霊,34.941781,135.665295,1,2026/05/01
XM534723,水の精霊,34.941781,135.665295,1,2026/04/23
XM534727,水の精霊,34.967745,135.665295,1,2026/06/21
XM534727,炎の精霊,34.967745,135.665295,2,2026/07/21
XM534727,風の精霊,34.967745,135.665295,2,2026/07/12
XM534733,風の精霊,34.902819,135.912209,2,2026/05/27
XM534734,水の精霊,34.915808,135.884774,1,2026/04/21
XM534738,風の精霊,34.941781,135.884774,1,2026/06/14
XM534740,大地の精霊,34.928796,135.802469,1,2026/07/10
XM534741,大地の精霊,34.941781,135.775034,1,2026/04/16
XM534741,風の精霊,34.941781,135.775034,3,2026/07/05
XM534744,水の精霊,34.954764,135.802469,1,2026/06/18
XM534744,風の精霊,34.954764,135.802469,1,2026/07/13
XM534747,炎の精霊,34.967745,135.829904,1,2026/04/27
XM534748,水の精霊,34.980724,135.802469,1,2026/06/21
XM534754,大地の精霊,34.993701,135.720165,1,2026/05/12
XM534754,水の精霊,34.993701,135.720165,1,2026/06/27
XM534754,炎の精霊,34.993701,135.720165,1,2026/05/12
XM534754,風の精霊,34.993701,135.720165,1,2026/06/29
XM534755,大地の精霊,35.006676,135.692730,2,2026/05/14
XM534755,炎の精霊,35.006676,135.692730,1,2026/05/14
XM534757,大地の精霊,35.006676,135.747599,1,2026/07/07
XM534758,炎の精霊,35.019649,135.720165,1,2026/04/13
XM534758,風の精霊,35.019649,135.720165,1,2026/07/30
XM534761,風の精霊,34.941781,135.939643,2,2026/07/13
XM534764,炎の精霊,34.954764,135.967078,1,2026/05/29
XM534765,大地の精霊,34.967745,135.939643,2,2026/06/22
XM534765,風の精霊,34.967745,135.939643,1,2026/06/10
XM534768,水の精霊,34.980724,135.967078,1,2026/06/20
XM534770,水の精霊,34.967745,135.884774,1,2026/06/09
XM534773,炎の精霊,34.980724,135.912209,1,2026/07/27
XM534774,大地の精霊,34.993701,135.884774,1,2026/07/22
XM534774,風の精霊,34.993701,135.884774,1,2026/07/03
XM534775,炎の精霊,35.006676,135.857339,1,2026/04/28
XM534775,風の精霊,35.006676,135.857339,1,2026/05/29
XM534777,大地の精霊,35.006676,135.912209,3,2026/07/31
XM534781,水の精霊,35.019649,135.775034,1,2026/05/30
XM534781,風の精霊,35.019649,135.775034,2,2026/05/06
XM534784,炎の精霊,35.032620,135.802469,1,2026/07/14
XM534784,風の精霊,35.032620,135.802469,1,2026/05/13
XM534785,大地の精霊,35.045589,135.775034,2,2026/07/20
XM534788,炎の精霊,35.058555,135.802469,2,2026/05/18
XM534803,大地の精霊,34.980724,135.582990,1,2026/07/19
XM534807,大地の精霊,35.006676,135.582990,2,2026/07/25
XM534807,風の精霊,35.006676,135.582990,1,2026/04/15
XM534808,大地の精霊,35.019649,135.555556,1,2026/07/23
XM534808,水の精霊,35.019649,135.555556,1,2026/06/20
XM534810,風の精霊,35.006676,135.473251,1,2026/06/06
XM534818,大地の精霊,35.058555,135.473251,1,2026/06/11
XM534827,大地の精霊,35.084482,135.418381,1,2026/06/18
XM534833,炎の精霊,35.019649,135.665295,1,2026/06/02
XM534833,風の精霊,35.019649,135.665295,2,2026/06/19
XM534840,水の精霊,35.045589,135.555556,2,2026/08/04
XM534840,炎の精霊,35.045589,135.555556,1,2026/06/24
XM534843,水の精霊,35.058555,135.582990,1,2026/04/27
XM534843,風の精霊,35.058555,135.582990,1,2026/06/28
XM534844,風の精霊,35.071520,135.555556,1,2026/06/22
XM534848,水の精霊,35.097443,135.555556,1,2026/06/15
XM534853,炎の精霊,35.097443,135.500686,1,2026/06/17
XM534854,大地の精霊,35.110401,135.473251,1,2026/05/31
XM534854,水の精霊,35.110401,135.473251,2,2026/08/03
XM534857,炎の精霊,35.123358,135.500686,1,2026/06/29
XM534857,風の精霊,35.123358,135.500686,2,2026/05/12
XM534860,大地の精霊,35.045589,135.720165,1,2026/07/09
XM534860,風の精霊,35.045589,135.720165,1,2026/07/04
XM534863,風の精霊,35.058555,135.747599,1,2026/07/12
XM534865,風の精霊,35.084482,135.692730,1,2026/04/12
XM534867,水の精霊,35.084482,135.747599,1,2026/06/01
XM534878,風の精霊,35.136312,135.637860,1,2026/05/16
XM535000,大地の精霊,34.850841,134.814815,2,2026/06/07
XM535000,水の精霊,34.850841,134.814815,3,2026/07/18
XM535003,大地の精霊,34.863839,134.842250,1,2026/06/12
XM535003,水の精霊,34.863839,134.842250,1,2026/07/22
XM535004,水の精霊,34.876834,134.814815,1,2026/05/03
XM535007,風の精霊,34.889828,134.842250,2,2026/07/20
XM535008,水の精霊,34.902819,134.814815,1,2026/06/30
XM535010,水の精霊,34.889828,134.732510,1,2026/07/14
XM535010,炎の精霊,34.889828,134.732510,1,2026/07/29
XM535010,風の精霊,34.889828,134.732510,1,2026/05/06
XM535011,炎の精霊,34.902819,134.705075,1,2026/05/14
XM535013,水の精霊,34.902819,134.759945,1,2026/05/21
XM535014,風の精霊,34.915808,134.732510,1,2026/07/16
XM535017,風の精霊,34.928796,134.759945,1,2026/07/07
XM535020,大地の精霊,34.928796,134.650206,1,2026/05/11
XM535023,大地の精霊,34.941781,134.677641,1,2026/05/06
XM535023,風の精霊,34.941781,134.677641,1,2026/05/28
XM535027,風の精霊,34.967745,134.677641,1,2026/08/01
XM535031,大地の精霊,34.902819,134.869684,1,2026/08/06
XM535033,大地の精霊,34.902819,134.924554,1,2026/07/26
XM535034,風の精霊,34.915808,134.897119,2,2026/08/04
XM535035,大地の精霊,34.928796,134.869684,1,2026/06/21
XM535035,炎の精霊,34.928796,134.869684,1,2026/06/24
XM535035,風の精霊,34.928796,134.869684,1,2026/06/22
XM535038,風の精霊,34.941781,134.897119,1,2026/07/08
XM535040,炎の精霊,34.928796,134.814815,1,2026/07/30
XM535040,風の精霊,34.928796,134.814815,1,2026/04/20
XM535041,風の精霊,34.941781,134.787380,1,2026/06/08
XM535050,大地の精霊,34.967745,134.732510,2,2026/06/07
XM535051,大地の精霊,34.980724,134.705075,1,2026/05/04
XM535051,炎の精霊,34.980724,134.705075,1,2026/05/05
XM535053,水の精霊,34.980724,134.759945,1,2026/06/18
XM535057,炎の精霊,35.006676,134.759945,1,2026/07/29
XM535057,風の精霊,35.006676,134.759945,1,2026/05/08
XM535061,風の精霊,34.941781,134.951989,1,2026/06/27
XM535063,水の精霊,34.941781,135.006859,1,2026/06/02
XM535064,大地の精霊,34.954764,134.979424,1,2026/07/27
XM535064,水の精霊,34.954764,134.979424,1,2026/05/01
XM535064,炎の精霊,34.954764,134.979424,1,2026/05/29
XM535064,風の精霊,34.954764,134.979424,2,2026/06/18
XM535065,風の精霊,34.967745,134.951989,1,2026/07/28
XM535068,大地の精霊,34.980724,134.979424,2,2026/07/10
XM535068,水の精霊,34.980724,134.979424,1,2026/04/26
XM535068,炎の精霊,34.980724,134.979424,1,2026/08/01
XM535068,風の精霊,34.980724,134.979424,1,2026/07/05
XM535070,風の精霊,34.967745,134.897119,1,2026/05/13
XM535080,炎の精霊,35.006676,134.814815,1,2026/05/24
XM535080,風の精霊,35.006676,134.814815,1,2026/06/05
XM535101,炎の精霊,34.980724,134.540466,1,2026/07/15
XM535103,風の精霊,34.980724,134.595336,1,2026/06/06
XM535105,水の精霊,35.006676,134.540466,1,2026/07/02
XM535108,水の精霊,35.019649,134.567901,1,2026/06/16
XM535108,炎の精霊,35.019649,134.567901,1,2026/07/28
XM535114,水の精霊,35.032620,134.485597,1,2026/06/09
XM535117,水の精霊,35.045589,134.513032,1,2026/05/03
XM535140,大地の精霊,35.045589,134.567901,1,2026/07/19
XM535140,炎の精霊,35.045589,134.567901,1,2026/07/25
XM535147,大地の精霊,35.084482,134.595336,1,2026/05/07
XM535147,風の精霊,35.084482,134.595336,1,2026/05/13
XM535151,水の精霊,35.097443,134.458162,1,2026/05/01
XM535155,風の精霊,35.123358,134.458162,1,2026/04/21
XM535163,炎の精霊,35.058555,134.759945,2,2026/07/31
XM535208,風の精霊,35.136312,134.320988,1,2026/06/24
XM535215,大地の精霊,35.162215,134.211248,1,2026/04/25
XM535240,風の精霊,35.162215,134.320988,1,2026/04/17
XM535244,風の精霊,35.188109,134.320988,1,2026/05/23
XM535258,水の精霊,35.252809,134.238683,1,2026/04/30
XM535305,風の精霊,35.006676,135.034294,2,2026/07/04
XM535310,風の精霊,35.006676,134.979424,1,2026/07/11
XM535311,炎の精霊,35.019649,134.951989,1,2026/07/23
XM535314,炎の精霊,35.032620,134.979424,1,2026/05/22
XM535315,大地の精霊,35.045589,134.951989,2,2026/05/09
XM535323,水の精霊,35.058555,134.924554,1,2026/08/01
XM535333,水の精霊,35.019649,135.171468,1,2026/05/01
XM535333,風の精霊,35.019649,135.171468,1,2026/05/27
XM535337,水の精霊,35.045589,135.171468,2,2026/07/09
XM535337,風の精霊,35.045589,135.171468,1,2026/07/31
XM535345,風の精霊,35.084482,135.034294,1,2026/08/07
XM535360,大地の精霊,35.045589,135.226337,1,2026/04/14
XM535360,炎の精霊,35.045589,135.226337,1,2026/04/14
XM535361,炎の精霊,35.058555,135.198903,1,2026/05/02
XM535361,風の精霊,35.058555,135.198903,1,2026/07/20
XM535364,風の精霊,35.071520,135.226337,2,2026/06/19
XM535367,炎の精霊,35.084482,135.253772,1,2026/05/13
XM535368,風の精霊,35.097443,135.226337,1,2026/04/17
XM535370,風の精霊,35.084482,135.144033,1,2026/04/22
XM535373,炎の精霊,35.097443,135.171468,1,2026/06/11
XM535373,風の精霊,35.097443,135.171468,2,2026/05/31
XM535381,風の精霊,35.136312,135.034294,1,2026/07/12
XM535410,大地の精霊,35.123358,134.732510,1,2026/05/02
XM535417,炎の精霊,35.162215,134.759945,1,2026/05/19
XM535417,風の精霊,35.162215,134.759945,1,2026/05/20
XM535440,風の精霊,35.162215,134.814815,1,2026/06/13
XM535441,風の精霊,35.175163,134.787380,1,2026/06/15
XM535445,大地の精霊,35.201053,134.787380,1,2026/04/27
XM535457,風の精霊,35.239873,134.759945,1,2026/06/14
XM535528,風の精霊,35.330380,134.403292,1,2026/06/29
XM535624,風の精霊,35.188109,135.144033,1,2026/04/20
XM535627,水の精霊,35.201053,135.171468,1,2026/05/03
XM535630,水の精霊,35.123358,135.390947,1,2026/04/27
XM535638,水の精霊,35.175163,135.390947,1,2026/04/30
XM535641,風の精霊,35.175163,135.281207,1,2026/05/13
XM535643,水の精霊,35.175163,135.336077,1,2026/04/21
XM535655,水の精霊,35.239873,135.198903,1,2026/05/05
XM535661,風の精霊,35.175163,135.445816,1,2026/04/18
XM535663,水の精霊,35.175163,135.500686,1,2026/04/24
XM535673,大地の精霊,35.213995,135.418381,1,2026/07/11
XM535688,炎の精霊,35.291604,135.308642,1,2026/07/11
XM535688,風の精霊,35.291604,135.308642,2,2026/06/24
XM535724,水の精霊,35.304531,134.897119,1,2026/06/28
XM535725,水の精霊,35.317457,134.869684,1,2026/05/17
XM535731,風の精霊,35.252809,135.116598,1,2026/04/18
XM535735,水の精霊,35.278674,135.116598,1,2026/08/03
XM535735,風の精霊,35.278674,135.116598,1,2026/07/05
XM535737,水の精霊,35.278674,135.171468,1,2026/05/17
XM535737,炎の精霊,35.278674,135.171468,1,2026/08/02
XM535737,風の精霊,35.278674,135.171468,1,2026/07/16
XM535738,水の精霊,35.291604,135.144033,1,2026/06/20
XM535738,炎の精霊,35.291604,135.144033,2,2026/07/13
XM535738,風の精霊,35.291604,135.144033,2,2026/07/04
XM535743,大地の精霊,35.291604,135.089163,1,2026/06/27
XM535743,水の精霊,35.291604,135.089163,1,2026/06/14
XM535743,風の精霊,35.291604,135.089163,2,2026/06/01
XM535746,炎の精霊,35.304531,135.116598,1,2026/05/10
XM535747,水の精霊,35.317457,135.089163,1,2026/04/27
XM535748,炎の精霊,35.330380,135.061728,1,2026/05/10
XM535753,水の精霊,35.330380,135.006859,2,2026/07/03
XM535753,炎の精霊,35.330380,135.006859,1,2026/07/22
XM535753,風の精霊,35.330380,135.006859,1,2026/04/17
XM535754,大地の精霊,35.343301,134.979424,1,2026/05/02
XM535755,炎の精霊,35.356221,134.951989,1,2026/08/01
XM535755,風の精霊,35.356221,134.951989,1,2026/06/13
XM535761,大地の精霊,35.291604,135.198903,1,2026/04/12
XM535763,風の精霊,35.291604,135.253772,1,2026/08/06
XM535764,炎の精霊,35.304531,135.226337,1,2026/07/17
XM535765,大地の精霊,35.317457,135.198903,1,2026/05/16
XM535767,風の精霊,35.317457,135.253772,1,2026/04/22
XM535768,大地の精霊,35.330380,135.226337,1,2026/07/27
XM535768,風の精霊,35.330380,135.226337,2,2026/06/07
XM535771,大地の精霊,35.330380,135.116598,1,2026/05/02
XM535771,炎の精霊,35.330380,135.116598,1,2026/07/21
XM535773,風の精霊,35.330380,135.171468,1,2026/05/04
XM535775,風の精霊,35.356221,135.116598,2,2026/07/06
XM535778,水の精霊,35.369138,135.144033,1,2026/04/27
XM535780,水の精霊,35.356221,135.061728,1,2026/05/26
XM535780,風の精霊,35.356221,135.061728,3,2026/07/04
XM535803,風の精霊,35.330380,134.842250,1,2026/07/20
XM535807,炎の精霊,35.356221,134.842250,1,2026/08/01
XM535808,大地の精霊,35.369138,134.814815,1,2026/05/19
XM535817,水の精霊,35.394966,134.759945,1,2026/06/09
XM535817,炎の精霊,35.394966,134.759945,1,2026/06/26
XM535817,風の精霊,35.394966,134.759945,2,2026/07/07
XM535818,風の精霊,35.407877,134.732510,1,2026/05/30
XM535845,水の精霊,35.433693,134.787380,2,2026/08/05
XM535845,炎の精霊,35.433693,134.787380,2,2026/08/04
XM535845,風の精霊,35.433693,134.787380,2,2026/06/10
XM535856,炎の精霊,35.459500,134.787380,1,2026/06/26
XM535857,水の精霊,35.472401,134.759945,1,2026/05/10
XM535864,水の精霊,35.420786,134.979424,1,2026/05/20
XM535865,風の精霊,35.433693,134.951989,1,2026/04/17
XM535877,風の精霊,35.472401,134.924554,1,2026/05/31
XM535883,風の精霊,35.485300,134.842250,1,2026/04/20
XM535884,水の精霊,35.498196,134.814815,1,2026/04/14
XM535884,風の精霊,35.498196,134.814815,1,2026/04/25
XM535885,炎の精霊,35.511091,134.787380,1,2026/05/04
XM535885,風の精霊,35.511091,134.787380,1,2026/05/05
XM535888,大地の精霊,35.523983,134.814815,1,2026/07/31
XM535888,水の精霊,35.523983,134.814815,1,2026/07/06
XM535888,風の精霊,35.523983,134.814815,1,2026/06/24
XM536038,大地の精霊,34.590459,137.119342,2,2026/07/23
XM536038,水の精霊,34.590459,137.119342,1,2026/04/28
XM536038,炎の精霊,34.590459,137.119342,2,2026/07/27
XM536040,水の精霊,34.577419,137.037037,1,2026/07/21
XM536040,風の精霊,34.577419,137.037037,1,2026/05/28
XM536043,風の精霊,34.590459,137.064472,1,2026/05/26
XM536044,風の精霊,34.603498,137.037037,1,2026/06/23
XM536047,大地の精霊,34.616534,137.064472,1,2026/04/18
XM536067,大地の精霊,34.616534,137.229081,1,2026/05/30
XM536068,水の精霊,34.629569,137.201646,1,2026/07/02
XM536068,炎の精霊,34.629569,137.201646,2,2026/06/08
XM536070,大地の精霊,34.616534,137.119342,1,2026/07/31
XM536070,炎の精霊,34.616534,137.119342,1,2026/05/25
XM536070,風の精霊,34.616534,137.119342,2,2026/06/13
XM536071,風の精霊,34.629569,137.091907,1,2026/06/27
XM536073,大地の精霊,34.629569,137.146776,1,2026/05/10
XM536077,大地の精霊,34.655632,137.146776,2,2026/05/18
XM536081,水の精霊,34.668660,137.009602,1,2026/04/20
XM536170,風の精霊,34.733771,136.872428,1,2026/06/10
XM536173,水の精霊,34.746787,136.899863,2,2026/07/02
XM536173,炎の精霊,34.746787,136.899863,1,2026/05/22
XM536173,風の精霊,34.746787,136.899863,1,2026/04/28
XM536177,炎の精霊,34.772813,136.899863,1,2026/07/14
XM536178,炎の精霊,34.785823,136.872428,1,2026/06/18
XM536178,風の精霊,34.785823,136.872428,1,2026/05/04
XM536201,風の精霊,34.746787,136.515775,1,2026/07/02
XM536205,水の精霊,34.772813,136.515775,1,2026/07/26
XM536205,風の精霊,34.772813,136.515775,2,2026/08/04
XM536208,水の精霊,34.785823,136.543210,3,2026/08/03
XM536210,大地の精霊,34.772813,136.460905,2,2026/07/21
XM536210,風の精霊,34.772813,136.460905,1,2026/04/20
XM536213,風の精霊,34.785823,136.488340,1,2026/06/24
XM536214,風の精霊,34.798830,136.460905,1,2026/05/29
XM536217,水の精霊,34.811836,136.488340,1,2026/05/01
XM536217,風の精霊,34.811836,136.488340,1,2026/04/13
XM536218,炎の精霊,34.824840,136.460905,1,2026/07/17
XM536218,風の精霊,34.824840,136.460905,1,2026/05/11
XM536228,風の精霊,34.863839,136.378601,1,2026/05/06
XM536240,風の精霊,34.811836,136.543210,1,2026/04/26
XM536244,風の精霊,34.837841,136.543210,1,2026/06/11
XM536245,炎の精霊,34.850841,136.515775,1,2026/05/02
XM536245,風の精霊,34.850841,136.515775,1,2026/06/23
XM536248,炎の精霊,34.863839,136.543210,1,2026/06/29
XM536251,大地の精霊,34.863839,136.433471,1,2026/04/24
XM536251,水の精霊,34.863839,136.433471,1,2026/06/02
XM536254,風の精霊,34.876834,136.460905,1,2026/07/11
XM536255,炎の精霊,34.889828,136.433471,1,2026/05/16
XM536255,風の精霊,34.889828,136.433471,1,2026/05/08
XM536257,大地の精霊,34.889828,136.488340,1,2026/08/07
XM536257,風の精霊,34.889828,136.488340,4,2026/06/15
XM536271,水の精霊,34.863839,136.598080,2,2026/05/19
XM536271,風の精霊,34.863839,136.598080,1,2026/04/30
XM536274,水の精霊,34.876834,136.625514,1,2026/04/13
XM536274,風の精霊,34.876834,136.625514,1,2026/05/23
XM536275,炎の精霊,34.889828,136.598080,1,2026/08/05
XM536278,大地の精霊,34.902819,136.625514,1,2026/07/19
XM536280,風の精霊,34.889828,136.543210,3,2026/07/13
XM536281,風の精霊,34.902819,136.515775,1,2026/04/20
XM536287,風の精霊,34.928796,136.570645,1,2026/05/22
XM536301,炎の精霊,34.629569,137.256516,3,2026/07/28
XM536304,炎の精霊,34.642601,137.283951,1,2026/07/26
XM536305,水の精霊,34.655632,137.256516,1,2026/07/02
XM536308,風の精霊,34.668660,137.283951,3,2026/06/25
XM536310,大地の精霊,34.655632,137.201646,2,2026/06/17
XM536310,風の精霊,34.655632,137.201646,1,2026/07/07
XM536330,水の精霊,34.655632,137.366255,1,2026/06/09
XM536330,風の精霊,34.655632,137.366255,1,2026/05/14
XM536333,水の精霊,34.668660,137.393690,1,2026/06/27
XM536333,風の精霊,34.668660,137.393690,1,2026/05/11
XM536334,大地の精霊,34.681686,137.366255,1,2026/06/24
XM536334,水の精霊,34.681686,137.366255,1,2026/07/17
XM536335,風の精霊,34.694710,137.338820,1,2026/05/08
XM536337,炎の精霊,34.694710,137.393690,1,2026/06/16
XM536337,風の精霊,34.694710,137.393690,1,2026/04/24
XM536338,大地の精霊,34.707733,137.366255,1,2026/06/28
XM536338,風の精霊,34.707733,137.366255,1,2026/06/22
XM536340,大地の精霊,34.694710,137.283951,1,2026/07/23
XM536344,炎の精霊,34.720753,137.283951,1,2026/07/27
XM536344,風の精霊,34.720753,137.283951,1,2026/05/27
XM536360,水の精霊,34.694710,137.448560,1,2026/06/25
XM536360,風の精霊,34.694710,137.448560,3,2026/06/20
XM536361,水の精霊,34.707733,137.421125,2,2026/06/28
XM536363,大地の精霊,34.707733,137.475995,1,2026/07/22
XM536363,風の精霊,34.707733,137.475995,1,2026/07/06
XM536365,炎の精霊,34.733771,137.421125,1,2026/04/14
XM536367,水の精霊,34.733771,137.475995,2,2026/06/02
XM536367,風の精霊,34.733771,137.475995,1,2026/06/07
XM536368,大地の精霊,34.746787,137.448560,1,2026/06/16
XM536368,風の精霊,34.746787,137.448560,1,2026/04/25
XM536371,風の精霊,34.746787,137.338820,2,2026/04/17
XM536373,風の精霊,34.746787,137.393690,2,2026/07/01
XM536375,風の精霊,34.772813,137.338820,1,2026/04/20
XM536378,大地の精霊,34.785823,137.366255,2,2026/08/02
XM536378,炎の精霊,34.785823,137.366255,2,2026/08/05
XM536383,風の精霊,34.785823,137.311385,1,2026/04/19
XM536385,大地の精霊,34.811836,137.256516,1,2026/07/03
XM536385,水の精霊,34.811836,137.256516,1,2026/05/03
XM536387,大地の精霊,34.811836,137.311385,1,2026/05/15
XM536387,風の精霊,34.811836,137.311385,2,2026/07/21
XM536408,大地の精霊,34.785823,137.037037,2,2026/06/15
XM536408,水の精霊,34.785823,137.037037,2,2026/07/27
XM536408,炎の精霊,34.785823,137.037037,1,2026/06/12
XM536408,風の精霊,34.785823,137.037037,2,2026/07/28
XM536420,水の精霊,34.811836,136.872428,1,2026/07/05
XM536424,風の精霊,34.837841,136.872428,1,2026/05/10
XM536427,炎の精霊,34.850841,136.899863,1,2026/07/30
XM536431,大地の精霊,34.785823,137.091907,1,2026/05/24
XM536431,水の精霊,34.785823,137.091907,1,2026/06/27
XM536433,水の精霊,34.785823,137.146776,1,2026/06/15
XM536434,大地の精霊,34.798830,137.119342,1,2026/04/19
XM536434,水の精霊,34.798830,137.119342,2,2026/04/21
XM536434,炎の精霊,34.798830,137.119342,2,2026/06/18
XM536434,風の精霊,34.798830,137.119342,1,2026/06/10
XM536435,風の精霊,34.811836,137.091907,1,2026/05/13
XM536438,風の精霊,34.824840,137.119342,1,2026/07/21
XM536440,大地の精霊,34.811836,137.037037,1,2026/05/12
XM536440,風の精霊,34.811836,137.037037,1,2026/05/06
XM536441,炎の精霊,34.824840,137.009602,2,2026/07/17
XM536443,大地の精霊,34.824840,137.064472,1,2026/05/11
XM536444,水の精霊,34.837841,137.037037,1,2026/08/07
XM536445,風の精霊,34.850841,137.009602,2,2026/06/30
XM536447,大地の精霊,34.850841,137.064472,1,2026/06/12
XM536447,水の精霊,34.850841,137.064472,1,2026/07/13
XM536447,炎の精霊,34.850841,137.064472,1,2026/06/12
XM536451,大地の精霊,34.863839,136.927298,1,2026/05/30
XM536455,大地の精霊,34.889828,136.927298,1,2026/07/01
XM536455,水の精霊,34.889828,136.927298,2,2026/07/31
XM536455,風の精霊,34.889828,136.927298,1,2026/07/31
XM536457,風の精霊,34.889828,136.982167,1,2026/05/21
XM536458,炎の精霊,34.902819,136.954733,2,2026/05/05
XM536458,風の精霊,34.902819,136.954733,2,2026/07/24
XM536463,風の精霊,34.824840,137.229081,2,2026/07/18
XM536464,水の精霊,34.837841,137.201646,1,2026/05/09
XM536464,炎の精霊,34.837841,137.201646,1,2026/07/26
XM536464,風の精霊,34.837841,137.201646,2,2026/05/31
XM536465,風の精霊,34.850841,137.174211,1,2026/07/04
XM536467,大地の精霊,34.850841,137.229081,1,2026/05/30
XM536467,水の精霊,34.850841,137.229081,1,2026/06/04
XM536467,炎の精霊,34.850841,137.229081,2,2026/07/15
XM536467,風の精霊,34.850841,137.229081,1,2026/06/21
XM536468,風の精霊,34.863839,137.201646,2,2026/05/20
XM536471,水の精霊,34.863839,137.091907,1,2026/05/01
XM536477,炎の精霊,34.889828,137.146776,2,2026/05/19
XM536478,炎の精霊,34.902819,137.119342,1,2026/07/23
XM536478,風の精霊,34.902819,137.119342,1,2026/04/16
XM536483,大地の精霊,34.902819,137.064472,2,2026/06/14
XM536487,風の精霊,34.928796,137.064472,1,2026/05/12
XM536488,風の精霊,34.941781,137.037037,1,2026/07/09
XM536503,大地の精霊,34.863839,136.817558,1,2026/07/21
XM536503,炎の精霊,34.863839,136.817558,3,2026/08/07
XM536503,風の精霊,34.863839,136.817558,3,2026/06/24
XM536507,大地の精霊,34.889828,136.817558,2,2026/05/29
XM536507,水の精霊,34.889828,136.817558,1,2026/06/15
XM536507,炎の精霊,34.889828,136.817558,1,2026/08/08
XM536520,大地の精霊,34.928796,136.625514,1,2026/07/23
XM536521,風の精霊,34.941781,136.598080,2,2026/08/02
XM536523,炎の精霊,34.941781,136.652949,1,2026/04/29
XM536524,大地の精霊,34.954764,136.625514,1,2026/07/27
XM536524,風の精霊,34.954764,136.625514,1,2026/05/02
XM536525,炎の精霊,34.967745,136.598080,1,2026/06/24
XM536528,風の精霊,34.980724,136.625514,1,2026/05/15
XM536531,風の精霊,34.902819,136.844993,2,2026/05/28
XM536535,水の精霊,34.928796,136.844993,1,2026/05/06
XM536537,炎の精霊,34.928796,136.899863,1,2026/06/27
XM536538,大地の精霊,34.941781,136.872428,1,2026/06/17
XM536555,大地の精霊,35.006676,136.680384,3,2026/07/24
XM536555,水の精霊,35.006676,136.680384,1,2026/06/26
XM536555,炎の精霊,35.006676,136.680384,2,2026/08/07
XM536555,風の精霊,35.006676,136.680384,4,2026/08/05
XM536560,大地の精霊,34.928796,136.954733,2,2026/06/05
XM536560,炎の精霊,34.928796,136.954733,1,2026/04/16
XM536560,風の精霊,34.928796,136.954733,1,2026/04/29
XM536561,水の精霊,34.941781,136.927298,1,2026/06/15
XM536563,大地の精霊,34.941781,136.982167,1,2026/05/05
XM536563,風の精霊,34.941781,136.982167,2,2026/06/07
XM536567,大地の精霊,34.967745,136.982167,1,2026/05/18
XM536567,風の精霊,34.967745,136.982167,1,2026/04/12
XM536568,大地の精霊,34.980724,136.954733,1,2026/06/10
XM536568,水の精霊,34.980724,136.954733,1,2026/07/29
XM536570,風の精霊,34.967745,136.872428,1,2026/06/04
XM536571,水の精霊,34.980724,136.844993,1,2026/06/21
XM536574,風の精霊,34.993701,136.872428,1,2026/07/06
XM536575,水の精霊,35.006676,136.844993,1,2026/08/03
XM536575,炎の精霊,35.006676,136.844993,1,2026/05/07
XM536575,風の精霊,35.006676,136.844993,1,2026/07/04
XM536578,水の精霊,35.019649,136.872428,1,2026/06/03
XM536578,風の精霊,35.019649,136.872428,1,2026/05/23
XM536585,大地の精霊,35.045589,136.762689,1,2026/05/29
XM536585,炎の精霊,35.045589,136.762689,1,2026/05/29
XM536587,大地の精霊,35.045589,136.817558,2,2026/07/14
XM536587,水の精霊,35.045589,136.817558,1,2026/05/01
XM536587,炎の精霊,35.045589,136.817558,1,2026/07/14
XM536587,風の精霊,35.045589,136.817558,1,2026/05/13
XM536600,炎の精霊,34.733771,137.530864,1,2026/05/26
XM536601,炎の精霊,34.746787,137.503429,2,2026/06/01
XM536604,風の精霊,34.759801,137.530864,1,2026/05/22
XM536605,大地の精霊,34.772813,137.503429,1,2026/05/17
XM536605,風の精霊,34.772813,137.503429,1,2026/05/07
XM536607,大地の精霊,34.772813,137.558299,1,2026/05/10
XM536607,風の精霊,34.772813,137.558299,2,2026/06/05
XM536608,大地の精霊,34.785823,137.530864,1,2026/05/11
XM536611,大地の精霊,34.785823,137.421125,1,2026/05/19
XM536611,水の精霊,34.785823,137.421125,1,2026/06/04
XM536611,炎の精霊,34.785823,137.421125,1,2026/05/05
XM536613,炎の精霊,34.785823,137.475995,1,2026/05/04
XM536614,風の精霊,34.798830,137.448560,1,2026/05/28
XM536615,水の精霊,34.811836,137.421125,2,2026/07/11
XM536618,炎の精霊,34.824840,137.448560,1,2026/07/26
XM536620,炎の精霊,34.811836,137.366255,1,2026/08/08
XM536620,風の精霊,34.811836,137.366255,1,2026/04/28
XM536621,風の精霊,34.824840,137.338820,2,2026/06/04
XM536623,大地の精霊,34.824840,137.393690,2,2026/07/11
XM536623,水の精霊,34.824840,137.393690,1,2026/07/30
XM536623,炎の精霊,34.824840,137.393690,1,2026/05/17
XM536624,大地の精霊,34.837841,137.366255,2,2026/07/22
XM536625,大地の精霊,34.850841,137.338820,2,2026/07/19
XM536625,水の精霊,34.850841,137.338820,1,2026/04/21
XM536627,炎の精霊,34.850841,137.393690,1,2026/04/22
XM536631,大地の精霊,34.785823,137.585734,1,2026/07/28
XM536631,風の精霊,34.785823,137.585734,2,2026/06/27
XM536633,水の精霊,34.785823,137.640604,1,2026/07/05
XM536633,風の精霊,34.785823,137.640604,1,2026/06/22
XM536635,炎の精霊,34.811836,137.585734,1,2026/08/07
XM536637,大地の精霊,34.811836,137.640604,1,2026/06/19
XM536638,大地の精霊,34.824840,137.613169,1,2026/04/20
XM536643,大地の精霊,34.824840,137.558299,1,2026/06/17
XM536645,炎の精霊,34.850841,137.503429,1,2026/07/29
XM536648,水の精霊,34.863839,137.530864,1,2026/07/01
XM536650,風の精霊,34.850841,137.448560,1,2026/06/18
XM536653,大地の精霊,34.863839,137.475995,1,2026/05/18
XM536653,水の精霊,34.863839,137.475995,1,2026/05/07
XM536655,風の精霊,34.889828,137.421125,2,2026/04/24
XM536657,水の精霊,34.889828,137.475995,1,2026/07/13
XM536657,風の精霊,34.889828,137.475995,2,2026/06/13
XM536658,水の精霊,34.902819,137.448560,1,2026/04/16
XM536660,大地の精霊,34.811836,137.695473,1,2026/06/10
XM536660,炎の精霊,34.811836,137.695473,1,2026/07/07
XM536663,水の精霊,34.824840,137.722908,1,2026/07/01
XM536665,大地の精霊,34.850841,137.668038,1,2026/07/21
XM536665,風の精霊,34.850841,137.668038,1,2026/05/05
XM536667,大地の精霊,34.850841,137.722908,1,2026/07/30
XM536667,水の精霊,34.850841,137.722908,1,2026/07/19
XM536667,風の精霊,34.850841,137.722908,1,2026/06/29
XM536673,風の精霊,34.863839,137.640604,1,2026/04/20
XM536680,炎の精霊,34.889828,137.530864,1,2026/04/12
XM536681,炎の精霊,34.902819,137.503429,1,2026/05/24
XM536684,大地の精霊,34.915808,137.530864,1,2026/08/07
XM536684,炎の精霊,34.915808,137.530864,1,2026/08/06
XM536684,風の精霊,34.915808,137.530864,1,2026/05/04
XM536687,水の精霊,34.928796,137.558299,1,2026/08/01
XM536687,炎の精霊,34.928796,137.558299,1,2026/07/27
XM536687,風の精霊,34.928796,137.558299,1,2026/04/17
XM536688,水の精霊,34.941781,137.530864,1,2026/06/02
XM536700,炎の精霊,34.850841,137.283951,1,2026/05/12
XM536703,大地の精霊,34.863839,137.311385,1,2026/07/17
XM536703,水の精霊,34.863839,137.311385,1,2026/08/03
XM536704,大地の精霊,34.876834,137.283951,1,2026/05/14
XM536704,水の精霊,34.876834,137.283951,2,2026/06/09
XM536708,炎の精霊,34.902819,137.283951,1,2026/07/10
XM536711,水の精霊,34.902819,137.174211,1,2026/07/02
XM536713,水の精霊,34.902819,137.229081,2,2026/07/16
XM536713,風の精霊,34.902819,137.229081,2,2026/05/27
XM536714,水の精霊,34.915808,137.201646,1,2026/07/24
XM536714,炎の精霊,34.915808,137.201646,1,2026/07/05
XM536715,大地の精霊,34.928796,137.174211,1,2026/08/04
XM536717,炎の精霊,34.928796,137.229081,2,2026/08/06
XM536718,水の精霊,34.941781,137.201646,1,2026/06/26
XM536718,風の精霊,34.941781,137.201646,2,2026/06/23
XM536720,大地の精霊,34.928796,137.119342,3,2026/07/22
XM536723,風の精霊,34.941781,137.146776,2,2026/06/19
XM536724,大地の精霊,34.954764,137.119342,1,2026/05/10
XM536725,炎の精霊,34.967745,137.091907,1,2026/07/11
XM536725,風の精霊,34.967745,137.091907,1,2026/04/17
XM536727,水の精霊,34.967745,137.146776,1,2026/04/27
XM536727,炎の精霊,34.967745,137.146776,1,2026/07/10
XM536728,大地の精霊,34.980724,137.119342,2,2026/06/13
XM536733,風の精霊,34.902819,137.393690,1,2026/05/09
XM536745,炎の精霊,34.967745,137.256516,1,2026/07/15
XM536745,風の精霊,34.967745,137.256516,1,2026/07/26
XM536750,炎の精霊,34.967745,137.201646,1,2026/04/21
XM536751,風の精霊,34.980724,137.174211,1,2026/08/05
XM536755,炎の精霊,35.006676,137.174211,2,2026/07/31
XM536755,風の精霊,35.006676,137.174211,2,2026/07/13
XM536757,水の精霊,35.006676,137.229081,1,2026/05/01
XM536757,風の精霊,35.006676,137.229081,1,2026/06/13
XM536800,大地の精霊,34.967745,137.037037,1,2026/04/25
XM536803,風の精霊,34.980724,137.064472,2,2026/06/27
XM536804,大地の精霊,34.993701,137.037037,1,2026/05/17
XM536805,大地の精霊,35.006676,137.009602,1,2026/06/26
XM536805,水の精霊,35.006676,137.009602,1,2026/07/16
XM536808,大地の精霊,35.019649,137.037037,1,2026/05/04
XM536808,水の精霊,35.019649,137.037037,1,2026/04/14
XM536810,水の精霊,35.006676,136.954733,1,2026/06/28
XM536811,水の精霊,35.019649,136.927298,1,2026/07/19
XM536813,風の精霊,35.019649,136.982167,1,2026/04/15
XM536815,風の精霊,35.045589,136.927298,1,2026/04/13
XM536820,水の精霊,35.045589,136.872428,1,2026/08/08
XM536820,炎の精霊,35.045589,136.872428,1,2026/07/28
XM536820,風の精霊,35.045589,136.872428,1,2026/06/22
XM536823,水の精霊,35.058555,136.899863,2,2026/07/18
XM536825,大地の精霊,35.084482,136.844993,1,2026/07/17
XM536825,水の精霊,35.084482,136.844993,1,2026/07/01
XM536827,大地の精霊,35.084482,136.899863,2,2026/06/09
XM536828,炎の精霊,35.097443,136.872428,2,2026/07/25
XM536830,風の精霊,35.006676,137.119342,1,2026/04/23
XM536831,炎の精霊,35.019649,137.091907,2,2026/05/18
XM536835,水の精霊,35.045589,137.091907,1,2026/08/08
XM536838,大地の精霊,35.058555,137.119342,1,2026/07/23
XM536838,風の精霊,35.058555,137.119342,1,2026/05/27
XM536841,風の精霊,35.058555,137.009602,2,2026/07/14
XM536843,大地の精霊,35.058555,137.064472,1,2026/04/22
XM536843,炎の精霊,35.058555,137.064472,1,2026/06/08
XM536844,大地の精霊,35.071520,137.037037,1,2026/07/20
XM536844,風の精霊,35.071520,137.037037,1,2026/04/23
XM536845,水の精霊,35.084482,137.009602,1,2026/05/19
XM536847,大地の精霊,35.084482,137.064472,1,2026/06/06
XM536851,水の精霊,35.097443,136.927298,1,2026/05/28
XM536851,風の精霊,35.097443,136.927298,1,2026/06/29
XM536853,風の精霊,35.097443,136.982167,2,2026/06/24
XM536855,大地の精霊,35.123358,136.927298,1,2026/07/03
XM536855,風の精霊,35.123358,136.927298,1,2026/07/05
XM536858,大地の精霊,35.136312,136.954733,1,2026/07/10
XM536858,炎の精霊,35.136312,136.954733,1,2026/07/11
XM536858,風の精霊,35.136312,136.954733,1,2026/05/22
XM536863,水の精霊,35.058555,137.229081,3,2026/06/09
XM536863,風の精霊,35.058555,137.229081,1,2026/07/06
XM536865,風の精霊,35.084482,137.174211,1,2026/05/21
XM536867,風の精霊,35.084482,137.229081,1,2026/05/26
XM536868,水の精霊,35.097443,137.201646,1,2026/05/12
XM536870,大地の精霊,35.084482,137.119342,1,2026/05/29
XM536870,風の精霊,35.084482,137.119342,1,2026/07/08
XM536873,炎の精霊,35.097443,137.146776,1,2026/07/30
XM536874,炎の精霊,35.110401,137.119342,1,2026/05/14
XM536875,水の精霊,35.123358,137.091907,1,2026/06/03
XM536875,炎の精霊,35.123358,137.091907,1,2026/07/14
XM536880,大地の精霊,35.123358,137.037037,2,2026/08/06
XM536880,炎の精霊,35.123358,137.037037,1,2026/08/06
XM536880,風の精霊,35.123358,137.037037,1,2026/05/26
XM536881,炎の精霊,35.136312,137.009602,1,2026/07/02
XM536883,水の精霊,35.136312,137.064472,1,2026/05/30
XM536883,炎の精霊,35.136312,137.064472,1,2026/06/29
XM536884,水の精霊,35.149265,137.037037,2,2026/06/21
XM536885,大地の精霊,35.162215,137.009602,1,2026/04/22
XM536885,水の精霊,35.162215,137.009602,1,2026/06/10
XM536888,炎の精霊,35.175163,137.037037,1,2026/07/03
XM537015,風の精霊,34.928796,136.186557,1,2026/07/16
XM537017,風の精霊,34.928796,136.241427,1,2026/05/22
XM537018,風の精霊,34.941781,136.213992,1,2026/07/17
XM537020,水の精霊,34.928796,136.131687,1,2026/05/19
XM537027,大地の精霊,34.967745,136.159122,2,2026/07/20
XM537027,水の精霊,34.967745,136.159122,1,2026/06/21
XM537027,炎の精霊,34.967745,136.159122,2,2026/07/12
XM537027,風の精霊,34.967745,136.159122,2,2026/07/07
XM537028,大地の精霊,34.980724,136.131687,1,2026/08/05
XM537040,風の精霊,34.928796,136.296296,2,2026/06/14
XM537041,水の精霊,34.941781,136.268861,1,2026/06/03
XM537051,水の精霊,34.980724,136.186557,1,2026/04/15
XM537051,炎の精霊,34.980724,136.186557,1,2026/06/13
XM537058,炎の精霊,35.019649,136.213992,1,2026/07/23
XM537060,水の精霊,34.928796,136.460905,1,2026/06/20
XM537063,炎の精霊,34.941781,136.488340,2,2026/08/02
XM537063,風の精霊,34.941781,136.488340,1,2026/07/04
XM537064,炎の精霊,34.954764,136.460905,1,2026/06/09
XM537067,風の精霊,34.967745,136.488340,1,2026/05/07
XM537068,水の精霊,34.980724,136.460905,1,2026/06/07
XM537101,風の精霊,34.980724,136.021948,1,2026/06/16
XM537104,炎の精霊,34.993701,136.049383,1,2026/08/02
XM537105,風の精霊,35.006676,136.021948,1,2026/06/07
XM537107,大地の精霊,35.006676,136.076818,2,2026/08/03
XM537107,風の精霊,35.006676,136.076818,2,2026/06/29
XM537108,水の精霊,35.019649,136.049383,1,2026/05/03
XM537108,炎の精霊,35.019649,136.049383,4,2026/06/17
XM537108,風の精霊,35.019649,136.049383,1,2026/07/03
XM537110,炎の精霊,35.006676,135.967078,1,2026/06/21
XM537110,風の精霊,35.006676,135.967078,1,2026/07/05
XM537111,大地の精霊,35.019649,135.939643,1,2026/06/11
XM537115,大地の精霊,35.045589,135.939643,1,2026/04/26
XM537115,水の精霊,35.045589,135.939643,1,2026/07/16
XM537115,炎の精霊,35.045589,135.939643,1,2026/05/05
XM537115,風の精霊,35.045589,135.939643,1,2026/06/27
XM537121,大地の精霊,35.058555,135.857339,1,2026/06/02
XM537121,炎の精霊,35.058555,135.857339,1,2026/08/01
XM537121,風の精霊,35.058555,135.857339,1,2026/06/07
XM537124,風の精霊,35.071520,135.884774,3,2026/07/06
XM537128,大地の精霊,35.097443,135.884774,1,2026/08/05
XM537128,水の精霊,35.097443,135.884774,2,2026/06/28
XM537128,風の精霊,35.097443,135.884774,1,2026/05/22
XM537134,大地の精霊,35.032620,136.131687,1,2026/07/29
XM537134,炎の精霊,35.032620,136.131687,1,2026/07/07
XM537134,風の精霊,35.032620,136.131687,2,2026/07/22
XM537137,風の精霊,35.045589,136.159122,1,2026/07/12
XM537138,風の精霊,35.058555,136.131687,1,2026/04/25
XM537140,水の精霊,35.045589,136.049383,1,2026/05/09
XM537141,炎の精霊,35.058555,136.021948,1,2026/05/26
XM537145,水の精霊,35.084482,136.021948,1,2026/07/08
XM537145,風の精霊,35.084482,136.021948,1,2026/07/13
XM537148,大地の精霊,35.097443,136.049383,1,2026/06/30
XM537148,風の精霊,35.097443,136.049383,2,2026/06/26
XM537150,大地の精霊,35.084482,135.967078,1,2026/07/30
XM537150,風の精霊,35.084482,135.967078,1,2026/05/25
XM537151,大地の精霊,35.097443,135.939643,2,2026/05/11
XM537153,大地の精霊,35.097443,135.994513,1,2026/07/23
XM537155,炎の精霊,35.123358,135.939643,1,2026/07/11
XM537157,炎の精霊,35.123358,135.994513,1,2026/05/17
XM537157,風の精霊,35.123358,135.994513,1,2026/04/22
XM537161,水の精霊,35.058555,136.186557,1,2026/06/28
XM537163,炎の精霊,35.058555,136.241427,1,2026/05/10
XM537170,大地の精霊,35.084482,136.131687,3,2026/08/05
XM537171,大地の精霊,35.097443,136.104252,2,2026/08/04
XM537171,水の精霊,35.097443,136.104252,1,2026/05/18
XM537174,風の精霊,35.110401,136.131687,3,2026/06/05
XM537175,水の精霊,35.123358,136.104252,1,2026/06/02
XM537175,風の精霊,35.123358,136.104252,1,2026/07/17
XM537178,大地の精霊,35.136312,136.131687,2,2026/04/16
XM537180,風の精霊,35.123358,136.049383,1,2026/06/04
XM537183,水の精霊,35.136312,136.076818,1,2026/06/01
XM537183,風の精霊,35.136312,136.076818,1,2026/06/19
XM537187,水の精霊,35.162215,136.076818,1,2026/06/24
XM537187,炎の精霊,35.162215,136.076818,1,2026/05/19
XM537187,風の精霊,35.162215,136.076818,1,2026/07/31
XM537201,炎の精霊,35.097443,135.775034,2,2026/07/23
XM537201,風の精霊,35.097443,135.775034,1,2026/07/08
XM537207,水の精霊,35.123358,135.829904,1,2026/06/10
XM537207,炎の精霊,35.123358,135.829904,1,2026/08/04
XM537208,風の精霊,35.136312,135.802469,2,2026/05/20
XM537220,炎の精霊,35.162215,135.637860,1,2026/07/20
XM537220,風の精霊,35.162215,135.637860,1,2026/06/19
XM537228,水の精霊,35.213995,135.637860,1,2026/05/22
XM537233,水の精霊,35.136312,135.912209,2,2026/06/09
XM537233,風の精霊,35.136312,135.912209,1,2026/06/27
XM537234,水の精霊,35.149265,135.884774,1,2026/04/16
XM537234,風の精霊,35.149265,135.884774,1,2026/06/04
XM537237,炎の精霊,35.162215,135.912209,1,2026/06/17
XM537270,風の精霊,35.201053,135.884774,1,2026/04/19
XM537271,炎の精霊,35.213995,135.857339,1,2026/07/15
XM537300,大地の精霊,34.967745,136.543210,1,2026/07/09
XM537300,風の精霊,34.967745,136.543210,1,2026/06/23
XM537301,水の精霊,34.980724,136.515775,1,2026/04/27
XM537303,大地の精霊,34.980724,136.570645,2,2026/08/08
XM537304,大地の精霊,34.993701,136.543210,1,2026/05/05
XM537304,水の精霊,34.993701,136.543210,1,2026/06/25
XM537304,炎の精霊,34.993701,136.543210,1,2026/07/27
XM537304,風の精霊,34.993701,136.543210,1,2026/06/28
XM537305,水の精霊,35.006676,136.515775,1,2026/08/03
XM537305,風の精霊,35.006676,136.515775,1,2026/05/28
XM537307,炎の精霊,35.006676,136.570645,1,2026/05/13
XM537308,風の精霊,35.019649,136.543210,1,2026/04/15
XM537310,大地の精霊,35.006676,136.460905,1,2026/05/17
XM537310,水の精霊,35.006676,136.460905,1,2026/05/03
XM537313,大地の精霊,35.019649,136.488340,2,2026/08/04
XM537313,水の精霊,35.019649,136.488340,1,2026/07/03
XM537313,炎の精霊,35.019649,136.488340,1,2026/05/01
XM537315,炎の精霊,35.045589,136.433471,1,2026/05/02
XM537317,大地の精霊,35.045589,136.488340,1,2026/06/17
XM537317,炎の精霊,35.045589,136.488340,1,2026/06/18
XM537317,風の精霊,35.045589,136.488340,1,2026/06/21
XM537318,炎の精霊,35.058555,136.460905,1,2026/06/18
XM537331,炎の精霊,35.019649,136.598080,1,2026/06/17
XM537331,風の精霊,35.019649,136.598080,1,2026/07/13
XM537333,風の精霊,35.019649,136.652949,2,2026/05/08
XM537334,風の精霊,35.032620,136.625514,1,2026/07/29
XM537335,大地の精霊,35.045589,136.598080,1,2026/05/16
XM537341,風の精霊,35.058555,136.515775,1,2026/06/21
XM537343,大地の精霊,35.058555,136.570645,1,2026/08/01
XM537344,風の精霊,35.071520,136.543210,1,2026/07/13
XM537345,風の精霊,35.084482,136.515775,1,2026/06/20
XM537347,風の精霊,35.084482,136.570645,1,2026/05/20
XM537348,水の精霊,35.097443,136.543210,1,2026/05/05
XM537348,風の精霊,35.097443,136.543210,2,2026/06/05
XM537357,風の精霊,35.123358,136.488340,2,2026/07/26
XM537360,水の精霊,35.045589,136.707819,1,2026/05/05
XM537363,水の精霊,35.058555,136.735254,1,2026/07/02
XM537363,風の精霊,35.058555,136.735254,1,2026/07/01
XM537364,大地の精霊,35.071520,136.707819,1,2026/08/03
XM537365,風の精霊,35.084482,136.680384,3,2026/06/14
XM537367,風の精霊,35.084482,136.735254,1,2026/07/09
XM537368,風の精霊,35.097443,136.707819,1,2026/05/27
XM537370,大地の精霊,35.084482,136.625514,1,2026/07/27
XM537370,風の精霊,35.084482,136.625514,1,2026/05/08
XM537373,大地の精霊,35.097443,136.652949,2,2026/07/01
XM537373,水の精霊,35.097443,136.652949,1,2026/06/17
XM537373,風の精霊,35.097443,136.652949,1,2026/04/20
XM537374,水の精霊,35.110401,136.625514,1,2026/05/07
XM537374,炎の精霊,35.110401,136.625514,1,2026/07/03
XM537374,風の精霊,35.110401,136.625514,1,2026/07/31
XM537377,大地の精霊,35.123358,136.652949,1,2026/05/25
XM537378,水の精霊,35.136312,136.625514,1,2026/06/03
XM537378,風の精霊,35.136312,136.625514,1,2026/04/28
XM537380,水の精霊,35.123358,136.543210,1,2026/05/06
XM537384,風の精霊,35.149265,136.543210,1,2026/05/02
XM537385,水の精霊,35.162215,136.515775,1,2026/06/29
XM537388,水の精霊,35.175163,136.543210,1,2026/07/02
XM537388,風の精霊,35.175163,136.543210,1,2026/06/26
XM537401,水の精霊,35.097443,136.268861,2,2026/06/20
XM537401,炎の精霊,35.097443,136.268861,1,2026/06/01
XM537405,風の精霊,35.123358,136.268861,1,2026/06/07
XM537410,大地の精霊,35.123358,136.213992,1,2026/08/08
XM537410,風の精霊,35.123358,136.213992,1,2026/05/24
XM537411,大地の精霊,35.136312,136.186557,1,2026/07/18
XM537411,風の精霊,35.136312,136.186557,1,2026/04/15
XM537413,大地の精霊,35.136312,136.241427,1,2026/07/27
XM537415,水の精霊,35.162215,136.186557,1,2026/05/14
XM537415,炎の精霊,35.162215,136.186557,1,2026/06/09
XM537418,水の精霊,35.175163,136.213992,1,2026/06/15
XM537418,風の精霊,35.175163,136.213992,1,2026/07/10
XM537423,水の精霊,35.175163,136.159122,1,2026/08/03
XM537423,炎の精霊,35.175163,136.159122,1,2026/04/24
XM537423,風の精霊,35.175163,136.159122,1,2026/07/16
XM537428,大地の精霊,35.213995,136.131687,1,2026/05/05
XM537428,水の精霊,35.213995,136.131687,2,2026/07/22
XM537445,大地の精霊,35.201053,136.268861,1,2026/07/26
XM537445,水の精霊,35.201053,136.268861,1,2026/08/03
XM537445,炎の精霊,35.201053,136.268861,1,2026/07/31
XM537445,風の精霊,35.201053,136.268861,3,2026/07/08
XM537448,大地の精霊,35.213995,136.296296,1,2026/05/21
XM537448,炎の精霊,35.213995,136.296296,1,2026/05/19
XM537454,大地の精霊,35.226935,136.213992,1,2026/04/14
XM537455,炎の精霊,35.239873,136.186557,1,2026/07/10
XM537457,水の精霊,35.239873,136.241427,1,2026/07/28
XM537457,風の精霊,35.239873,136.241427,1,2026/07/26
XM537458,風の精霊,35.252809,136.213992,2,2026/07/13
XM537463,風の精霊,35.175163,136.488340,1,2026/06/04
XM537467,水の精霊,35.201053,136.488340,1,2026/06/09
XM537467,風の精霊,35.201053,136.488340,1,2026/07/07
XM537480,風の精霊,35.239873,136.296296,1,2026/04/27
XM537481,水の精霊,35.252809,136.268861,1,2026/06/26
XM537481,炎の精霊,35.252809,136.268861,1,2026/06/19
XM537481,風の精霊,35.252809,136.268861,1,2026/06/16
XM537485,大地の精霊,35.278674,136.268861,1,2026/06/12
XM537485,風の精霊,35.278674,136.268861,1,2026/05/04
XM537510,炎の精霊,35.239873,135.967078,1,2026/05/25
XM537510,風の精霊,35.239873,135.967078,1,2026/04/13
XM537544,大地の精霊,35.304531,136.049383,1,2026/06/14
XM537544,風の精霊,35.304531,136.049383,1,2026/06/30
XM537545,大地の精霊,35.317457,136.021948,1,2026/08/05
XM537548,炎の精霊,35.330380,136.049383,1,2026/05/07
XM537548,風の精霊,35.330380,136.049383,1,2026/07/12
XM537553,水の精霊,35.330380,135.994513,1,2026/08/03
XM537580,風の精霊,35.356221,136.049383,1,2026/05/03
XM537581,風の精霊,35.369138,136.021948,1,2026/06/24
XM537585,炎の精霊,35.394966,136.021948,2,2026/07/24
XM537588,風の精霊,35.407877,136.049383,1,2026/07/12
XM537603,炎の精霊,35.097443,136.817558,1,2026/05/04
XM537604,風の精霊,35.110401,136.790123,1,2026/06/27
XM537605,大地の精霊,35.123358,136.762689,1,2026/07/20
XM537610,水の精霊,35.123358,136.707819,1,2026/06/08
XM537610,炎の精霊,35.123358,136.707819,1,2026/06/17
XM537610,風の精霊,35.123358,136.707819,1,2026/04/15
XM537613,大地の精霊,35.136312,136.735254,1,2026/07/03
XM537613,炎の精霊,35.136312,136.735254,1,2026/08/05
XM537613,風の精霊,35.136312,136.735254,1,2026/07/08
XM537615,風の精霊,35.162215,136.680384,1,2026/05/20
XM537617,風の精霊,35.162215,136.735254,2,2026/06/10
XM537618,炎の精霊,35.175163,136.707819,1,2026/06/05
XM537620,風の精霊,35.162215,136.625514,1,2026/06/07
XM537623,水の精霊,35.175163,136.652949,1,2026/04/27
XM537624,炎の精霊,35.188109,136.625514,2,2026/07/12
XM537624,風の精霊,35.188109,136.625514,1,2026/06/27
XM537628,水の精霊,35.213995,136.625514,1,2026/06/25
XM537630,大地の精霊,35.123358,136.872428,1,2026/07/29
XM537630,水の精霊,35.123358,136.872428,1,2026/06/25
XM537630,風の精霊,35.123358,136.872428,2,2026/06/24
XM537631,風の精霊,35.136312,136.844993,1,2026/04/28
XM537634,炎の精霊,35.149265,136.872428,2,2026/06/26
XM537634,風の精霊,35.149265,136.872428,2,2026/05/28
XM537637,大地の精霊,35.162215,136.899863,4,2026/04/19
XM537637,水の精霊,35.162215,136.899863,1,2026/06/07
XM537641,水の精霊,35.175163,136.762689,2,2026/05/30
XM537641,炎の精霊,35.175163,136.762689,1,2026/05/08
XM537643,水の精霊,35.175163,136.817558,1,2026/05/15
XM537644,炎の精霊,35.188109,136.790123,3,2026/07/15
XM537647,水の精霊,35.201053,136.817558,1,2026/08/03
XM537650,水の精霊,35.201053,136.707819,2,2026/07/13
XM537650,風の精霊,35.201053,136.707819,1,2026/04/12
XM537653,炎の精霊,35.213995,136.735254,1,2026/05/25
XM537654,大地の精霊,35.226935,136.707819,1,2026/04/25
XM537655,風の精霊,35.239873,136.680384,1,2026/05/03
XM537657,炎の精霊,35.239873,136.735254,2,2026/08/08
XM537660,風の精霊,35.162215,136.954733,3,2026/05/31
XM537661,炎の精霊,35.175163,136.927298,1,2026/08/08
XM537665,風の精霊,35.201053,136.927298,1,2026/05/28
XM537667,大地の精霊,35.201053,136.982167,1,2026/07/16
XM537667,炎の精霊,35.201053,136.982167,1,2026/06/17
XM537667,風の精霊,35.201053,136.982167,2,2026/04/13
XM537668,炎の精霊,35.213995,136.954733,1,2026/07/30
XM537670,水の精霊,35.201053,136.872428,1,2026/06/29
XM537670,風の精霊,35.201053,136.872428,1,2026/07/21
XM537671,水の精霊,35.213995,136.844993,1,2026/04/27
XM537677,水の精霊,35.239873,136.899863,1,2026/06/11
XM537677,炎の精霊,35.239873,136.899863,1,2026/05/10
XM537677,風の精霊,35.239873,136.899863,2,2026/07/31
XM537678,風の精霊,35.252809,136.872428,2,2026/06/23
XM537681,炎の精霊,35.252809,136.762689,1,2026/06/19
XM537683,炎の精霊,35.252809,136.817558,1,2026/07/24
XM537685,水の精霊,35.278674,136.762689,1,2026/08/04
XM537685,風の精霊,35.278674,136.762689,1,2026/04/24
XM537687,炎の精霊,35.278674,136.817558,1,2026/06/02
XM537687,風の精霊,35.278674,136.817558,1,2026/07/06
XM537688,大地の精霊,35.291604,136.790123,1,2026/06/09
XM537688,炎の精霊,35.291604,136.790123,2,2026/06/30
XM537707,大地の精霊,35.239873,136.570645,1,2026/05/15
XM537707,風の精霊,35.239873,136.570645,2,2026/05/26
XM537718,水の精霊,35.291604,136.460905,1,2026/06/01
XM537718,風の精霊,35.291604,136.460905,1,2026/06/18
XM537725,大地の精霊,35.317457,136.351166,1,2026/06/13
XM537725,炎の精霊,35.317457,136.351166,1,2026/06/13
XM537731,大地の精霊,35.252809,136.598080,1,2026/07/04
XM537731,炎の精霊,35.252809,136.598080,1,2026/07/26
XM537733,水の精霊,35.252809,136.652949,1,2026/07/02
XM537733,風の精霊,35.252809,136.652949,1,2026/06/21
XM537735,水の精霊,35.278674,136.598080,1,2026/06/26
XM537737,風の精霊,35.278674,136.652949,1,2026/06/12
XM537738,大地の精霊,35.291604,136.625514,2,2026/06/01
XM537738,風の精霊,35.291604,136.625514,1,2026/05/09
XM537743,風の精霊,35.291604,136.570645,1,2026/05/26
XM537744,風の精霊,35.304531,136.543210,1,2026/06/30
XM537747,水の精霊,35.317457,136.570645,1,2026/07/22
XM537747,風の精霊,35.317457,136.570645,1,2026/05/13
XM537748,風の精霊,35.330380,136.543210,1,2026/05/24
XM537754,大地の精霊,35.343301,136.460905,1,2026/04/26
XM537758,大地の精霊,35.369138,136.460905,1,2026/07/30
XM537758,水の精霊,35.369138,136.460905,2,2026/08/03
XM537760,風の精霊,35.278674,136.707819,1,2026/07/01
XM537761,大地の精霊,35.291604,136.680384,1,2026/04/22
XM537761,水の精霊,35.291604,136.680384,1,2026/05/28
XM537764,炎の精霊,35.304531,136.707819,1,2026/07/24
XM537765,炎の精霊,35.317457,136.680384,1,2026/05/19
XM537765,風の精霊,35.317457,136.680384,1,2026/04/17
XM537767,炎の精霊,35.317457,136.735254,1,2026/04/29
XM537767,風の精霊,35.317457,136.735254,1,2026/07/13
XM537768,大地の精霊,35.330380,136.707819,1,2026/05/16
XM537768,炎の精霊,35.330380,136.707819,1,2026/06/20
XM537768,風の精霊,35.330380,136.707819,1,2026/04/15
XM537770,水の精霊,35.317457,136.625514,1,2026/05/18
XM537770,風の精霊,35.317457,136.625514,3,2026/06/24
XM537771,水の精霊,35.330380,136.598080,1,2026/07/29
XM537771,炎の精霊,35.330380,136.598080,1,2026/05/20
XM537773,風の精霊,35.330380,136.652949,2,2026/07/28
XM537774,水の精霊,35.343301,136.625514,1,2026/06/15
XM537774,風の精霊,35.343301,136.625514,2,2026/06/10
XM537775,風の精霊,35.356221,136.598080,2,2026/05/31
XM537780,炎の精霊,35.356221,136.543210,1,2026/08/02
XM537780,風の精霊,35.356221,136.543210,2,2026/07/31
XM537783,炎の精霊,35.369138,136.570645,1,2026/07/23
XM537787,大地の精霊,35.394966,136.570645,1,2026/08/08
XM537787,水の精霊,35.394966,136.570645,1,2026/07/03
XM537800,炎の精霊,35.317457,136.296296,2,2026/05/24
XM537801,炎の精霊,35.330380,136.268861,2,2026/06/11
XM537804,風の精霊,35.343301,136.296296,1,2026/04/20
XM537807,風の精霊,35.356221,136.323731,1,2026/04/29
XM537808,大地の精霊,35.369138,136.296296,1,2026/07/10
XM537808,水の精霊,35.369138,136.296296,1,2026/04/15
XM537808,風の精霊,35.369138,136.296296,1,2026/07/17
XM537818,水の精霊,35.407877,136.213992,1,2026/07/02
XM537818,炎の精霊,35.407877,136.213992,1,2026/06/01
XM537831,大地の精霊,35.369138,136.351166,1,2026/07/07
XM537831,水の精霊,35.369138,136.351166,1,2026/05/21
XM537840,大地の精霊,35.394966,136.296296,1,2026/04/27
XM537841,大地の精霊,35.407877,136.268861,1,2026/07/10
XM537841,水の精霊,35.407877,136.268861,2,2026/04/19
XM537843,水の精霊,35.407877,136.323731,1,2026/07/28
XM537844,大地の精霊,35.420786,136.296296,1,2026/07/18
XM537844,炎の精霊,35.420786,136.296296,1,2026/07/20
XM537845,風の精霊,35.433693,136.268861,1,2026/07/13
XM537850,大地の精霊,35.433693,136.213992,1,2026/06/29
XM537850,炎の精霊,35.433693,136.213992,2,2026/07/04
XM537853,大地の精霊,35.446598,136.241427,1,2026/07/14
XM537854,水の精霊,35.459500,136.213992,1,2026/07/08
XM537854,風の精霊,35.459500,136.213992,1,2026/05/18
XM537857,炎の精霊,35.472401,136.241427,1,2026/08/05
XM537858,水の精霊,35.485300,136.213992,1,2026/05/04
XM537858,炎の精霊,35.485300,136.213992,2,2026/05/25
XM538017,風の精霊,35.278674,135.500686,1,2026/06/10
XM538087,炎の精霊,35.394966,135.582990,1,2026/06/28
XM538101,水の精霊,35.330380,135.281207,1,2026/06/17
XM538101,風の精霊,35.330380,135.281207,1,2026/05/22
XM538105,炎の精霊,35.356221,135.281207,1,2026/06/22
XM538105,風の精霊,35.356221,135.281207,1,2026/05/13
XM538108,風の精霊,35.369138,135.308642,1,2026/04/19
XM538113,風の精霊,35.369138,135.253772,1,2026/06/23
XM538115,炎の精霊,35.394966,135.198903,1,2026/05/10
XM538120,炎の精霊,35.394966,135.144033,1,2026/07/28
XM538120,風の精霊,35.394966,135.144033,1,2026/05/30
XM538143,大地の精霊,35.407877,135.336077,1,2026/06/06
XM538147,水の精霊,35.433693,135.336077,2,2026/06/05
XM538147,風の精霊,35.433693,135.336077,1,2026/06/13
XM538148,炎の精霊,35.446598,135.308642,1,2026/07/24
XM538148,風の精霊,35.446598,135.308642,1,2026/04/19
XM538150,風の精霊,35.433693,135.226337,1,2026/06/11
XM538153,炎の精霊,35.446598,135.253772,1,2026/06/29
XM538171,大地の精霊,35.446598,135.363512,1,2026/06/28
XM538171,水の精霊,35.446598,135.363512,1,2026/04/22
XM538174,風の精霊,35.459500,135.390947,2,2026/06/14
XM538175,大地の精霊,35.472401,135.363512,1,2026/08/01
XM538175,水の精霊,35.472401,135.363512,1,2026/05/03
XM538175,風の精霊,35.472401,135.363512,1,2026/07/05
XM538181,風の精霊,35.485300,135.281207,1,2026/04/24
XM538184,風の精霊,35.498196,135.308642,1,2026/04/16
XM538185,水の精霊,35.511091,135.281207,1,2026/06/25
XM538201,大地の精霊,35.446598,135.034294,1,2026/06/13
XM538207,大地の精霊,35.472401,135.089163,1,2026/07/25
XM538207,風の精霊,35.472401,135.089163,1,2026/05/22
XM538213,炎の精霊,35.485300,135.006859,1,2026/04/22
XM538217,炎の精霊,35.511091,135.006859,1,2026/04/24
XM538217,風の精霊,35.511091,135.006859,1,2026/04/15
XM538235,大地の精霊,35.511091,135.116598,1,2026/07/22
XM538235,風の精霊,35.511091,135.116598,1,2026/06/04
XM538243,大地の精霊,35.523983,135.089163,1,2026/07/15
XM538243,水の精霊,35.523983,135.089163,3,2026/08/03
XM538243,炎の精霊,35.523983,135.089163,1,2026/06/11
XM538243,風の精霊,35.523983,135.089163,1,2026/06/30
XM538244,水の精霊,35.536873,135.061728,1,2026/04/21
XM538255,大地の精霊,35.588414,134.951989,1,2026/06/18
XM538261,大地の精霊,35.523983,135.198903,3,2026/08/05
XM538261,水の精霊,35.523983,135.198903,1,2026/07/19
XM538261,炎の精霊,35.523983,135.198903,1,2026/08/06
XM538261,風の精霊,35.523983,135.198903,1,2026/07/17
XM538270,水の精霊,35.549761,135.144033,1,2026/05/03
XM538271,風の精霊,35.562648,135.116598,4,2026/07/05
XM538273,炎の精霊,35.562648,135.171468,1,2026/08/07
XM538278,大地の精霊,35.601294,135.144033,1,2026/06/25
XM538278,炎の精霊,35.601294,135.144033,2,2026/08/06
XM538278,風の精霊,35.601294,135.144033,1,2026/05/06
XM538283,水の精霊,35.601294,135.089163,1,2026/06/08
XM538283,炎の精霊,35.601294,135.089163,1,2026/06/26
XM538283,風の精霊,35.601294,135.089163,1,2026/06/27
XM538284,水の精霊,35.614172,135.061728,1,2026/04/30
XM538287,炎の精霊,35.627047,135.089163,1,2026/07/30
XM538287,風の精霊,35.627047,135.089163,2,2026/07/13
XM538357,水の精霊,35.472401,135.747599,1,2026/06/25
XM538357,風の精霊,35.472401,135.747599,3,2026/07/12
XM538358,大地の精霊,35.485300,135.720165,2,2026/06/11
XM538363,水の精霊,35.407877,135.994513,1,2026/06/25
XM538363,炎の精霊,35.407877,135.994513,3,2026/07/29
XM538363,風の精霊,35.407877,135.994513,2,2026/06/30
XM538367,炎の精霊,35.433693,135.994513,1,2026/05/25
XM538380,炎の精霊,35.472401,135.802469,1,2026/05/30
XM538380,風の精霊,35.472401,135.802469,2,2026/06/05
XM538381,風の精霊,35.485300,135.775034,2,2026/06/22
XM538383,風の精霊,35.485300,135.829904,1,2026/05/23
XM538387,風の精霊,35.511091,135.829904,1,2026/05/07
XM538388,風の精霊,35.523983,135.802469,1,2026/07/26
XM538408,大地の精霊,35.485300,135.555556,1,2026/05/30
XM538410,水の精霊,35.472401,135.473251,1,2026/05/19
XM538417,水の精霊,35.511091,135.500686,1,2026/05/31
XM538433,風の精霊,35.485300,135.665295,1,2026/05/17
XM538463,大地の精霊,35.523983,135.747599,1,2026/07/20
XM538463,炎の精霊,35.523983,135.747599,2,2026/07/07
XM538463,風の精霊,35.523983,135.747599,3,2026/07/16
XM538467,水の精霊,35.549761,135.747599,1,2026/05/03
XM538514,風の精霊,35.614172,135.226337,1,2026/07/24
XM538601,水の精霊,35.446598,136.021948,1,2026/07/06
XM538601,風の精霊,35.446598,136.021948,1,2026/06/08
XM538604,炎の精霊,35.459500,136.049383,1,2026/05/02
XM538604,風の精霊,35.459500,136.049383,1,2026/05/23
XM538621,炎の精霊,35.523983,135.857339,1,2026/06/21
XM538638,炎の精霊,35.523983,136.131687,1,2026/04/16
XM538661,風の精霊,35.523983,136.186557,2,2026/05/23
XM538665,炎の精霊,35.549761,136.186557,1,2026/05/05
XM538683,大地の精霊,35.601294,136.076818,1,2026/04/24
XM538684,大地の精霊,35.614172,136.049383,1,2026/07/18
XM538684,水の精霊,35.614172,136.049383,1,2026/06/03
XM538688,水の精霊,35.639921,136.049383,1,2026/07/09
XM538733,風の精霊,35.601294,135.912209,1,2026/06/27
XM538734,大地の精霊,35.614172,135.884774,1,2026/07/21
XM538767,水の精霊,35.665662,135.994513,1,2026/04/21
XM540073,風の精霊,34.980724,133.443073,1,2026/05/05
XM540187,水の精霊,35.162215,133.113855,1,2026/05/06
XM540265,水の精霊,35.201053,132.976680,1,2026/07/10
XM540265,風の精霊,35.201053,132.976680,1,2026/05/22
XM540280,大地の精霊,35.239873,132.839506,1,2026/04/20
XM540284,水の精霊,35.265742,132.839506,1,2026/04/18
XM540284,風の精霊,35.265742,132.839506,1,2026/06/15
XM540310,水の精霊,35.006676,133.497942,1,2026/06/14
XM540361,風の精霊,35.058555,133.717421,1,2026/04/14
XM540364,風の精霊,35.071520,133.744856,3,2026/06/13
XM540365,水の精霊,35.084482,133.717421,1,2026/06/16
XM540367,水の精霊,35.084482,133.772291,1,2026/06/25
XM540367,風の精霊,35.084482,133.772291,1,2026/07/04
XM540441,風の精霊,35.175163,133.305898,1,2026/04/21
XM540477,大地の精霊,35.239873,133.443073,1,2026/06/24
XM540477,水の精霊,35.239873,133.443073,1,2026/05/27
XM540510,風の精霊,35.239873,133.004115,2,2026/08/04
XM540555,風の精霊,35.356221,132.976680,1,2026/04/23
XM540567,大地の精霊,35.317457,133.278464,1,2026/05/23
XM540574,水の精霊,35.343301,133.168724,1,2026/04/30
XM540578,大地の精霊,35.369138,133.168724,1,2026/05/02
XM540585,大地の精霊,35.394966,133.058985,1,2026/05/03
XM540587,炎の精霊,35.394966,133.113855,1,2026/07/03
XM540587,風の精霊,35.394966,133.113855,1,2026/06/15
XM540588,風の精霊,35.407877,133.086420,1,2026/05/24
XM540631,炎の精霊,35.136312,133.882030,1,2026/04/18
XM540657,水の精霊,35.239873,133.772291,1,2026/04/30
XM540714,炎の精霊,35.265742,133.497942,1,2026/05/06
XM540718,大地の精霊,35.291604,133.497942,1,2026/08/06
XM540718,水の精霊,35.291604,133.497942,1,2026/06/20
XM540718,炎の精霊,35.291604,133.497942,1,2026/07/20
XM540761,風の精霊,35.291604,133.717421,1,2026/06/20
XM540763,風の精霊,35.291604,133.772291,1,2026/05/20
XM540815,水の精霊,35.394966,133.223594,1,2026/06/12
XM540815,炎の精霊,35.394966,133.223594,1,2026/07/22
XM540815,風の精霊,35.394966,133.223594,4,2026/06/29
XM540818,風の精霊,35.407877,133.251029,1,2026/06/03
XM540824,大地の精霊,35.420786,133.168724,3,2026/04/25
XM540824,炎の精霊,35.420786,133.168724,1,2026/06/11
XM540824,風の精霊,35.420786,133.168724,1,2026/06/04
XM540825,大地の精霊,35.433693,133.141289,1,2026/05/06
XM540825,水の精霊,35.433693,133.141289,1,2026/05/15
XM540827,大地の精霊,35.433693,133.196159,2,2026/07/14
XM540827,風の精霊,35.433693,133.196159,1,2026/05/20
XM540833,炎の精霊,35.369138,133.443073,1,2026/07/05
XM540837,大地の精霊,35.394966,133.443073,1,2026/05/02
XM540837,水の精霊,35.394966,133.443073,1,2026/05/11
XM540838,水の精霊,35.407877,133.415638,2,2026/06/06
XM540838,風の精霊,35.407877,133.415638,1,2026/06/20
XM540843,水の精霊,35.407877,133.360768,1,2026/06/02
XM540845,大地の精霊,35.433693,133.305898,1,2026/04/24
XM540847,炎の精霊,35.433693,133.360768,2,2026/05/23
XM540847,風の精霊,35.433693,133.360768,1,2026/06/23
XM540848,風の精霊,35.446598,133.333333,1,2026/05/26
XM540851,炎の精霊,35.446598,133.223594,1,2026/05/19
XM540851,風の精霊,35.446598,133.223594,1,2026/04/22
XM540857,炎の精霊,35.472401,133.278464,1,2026/07/25
XM540857,風の精霊,35.472401,133.278464,1,2026/06/05
XM540858,炎の精霊,35.485300,133.251029,1,2026/08/05
XM540870,大地の精霊,35.433693,133.415638,1,2026/06/08
XM540870,炎の精霊,35.433693,133.415638,1,2026/07/09
XM540870,風の精霊,35.433693,133.415638,1,2026/05/25
XM541004,水の精霊,35.226935,132.592593,1,2026/05/04
XM541008,風の精霊,35.252809,132.592593,1,2026/06/21
XM541035,大地の精霊,35.278674,132.647462,1,2026/05/16
XM541038,風の精霊,35.291604,132.674897,1,2026/04/25
XM541043,大地の精霊,35.291604,132.620027,1,2026/05/17
XM541065,水の精霊,35.317457,132.729767,1,2026/06/02
XM541065,炎の精霊,35.317457,132.729767,1,2026/06/16
XM541065,風の精霊,35.317457,132.729767,1,2026/05/22
XM541070,風の精霊,35.317457,132.674897,1,2026/07/10
XM541073,炎の精霊,35.330380,132.702332,1,2026/05/05
XM541073,風の精霊,35.330380,132.702332,1,2026/06/10
XM541074,大地の精霊,35.343301,132.674897,2,2026/08/01
XM541074,炎の精霊,35.343301,132.674897,1,2026/06/13
XM541077,炎の精霊,35.356221,132.702332,1,2026/05/31
XM541077,風の精霊,35.356221,132.702332,4,2026/08/06
XM541078,風の精霊,35.369138,132.674897,2,2026/05/10
XM541301,大地の精霊,35.330380,132.812071,1,2026/04/15
XM541303,風の精霊,35.330380,132.866941,1,2026/05/08
XM541308,炎の精霊,35.369138,132.839506,2,2026/07/10
XM541308,風の精霊,35.369138,132.839506,2,2026/06/19
XM541310,炎の精霊,35.356221,132.757202,1,2026/07/30
XM541310,風の精霊,35.356221,132.757202,2,2026/07/19
XM541311,大地の精霊,35.369138,132.729767,1,2026/06/07
XM541313,水の精霊,35.369138,132.784636,1,2026/06/24
XM541314,風の精霊,35.382053,132.757202,2,2026/08/07
XM541315,風の精霊,35.394966,132.729767,1,2026/05/02
XM541320,水の精霊,35.394966,132.674897,2,2026/07/06
XM541320,炎の精霊,35.394966,132.674897,1,2026/07/26
XM541320,風の精霊,35.394966,132.674897,1,2026/06/14
XM541335,水の精霊,35.394966,132.894376,1,2026/06/01
XM541335,炎の精霊,35.394966,132.894376,1,2026/06/18
XM541335,風の精霊,35.394966,132.894376,1,2026/07/08
XM541340,炎の精霊,35.394966,132.839506,1,2026/07/14
XM541343,大地の精霊,35.407877,132.866941,1,2026/05/23
XM541343,風の精霊,35.407877,132.866941,1,2026/06/28
XM541344,風の精霊,35.420786,132.839506,1,2026/06/29
XM541353,水の精霊,35.446598,132.784636,1,2026/05/12
XM541364,風の精霊,35.420786,133.004115,1,2026/05/14
XM541367,風の精霊,35.433693,133.031550,2,2026/07/05
XM541601,大地の精霊,35.446598,133.058985,1,2026/05/06
XM541601,水の精霊,35.446598,133.058985,1,2026/04/21
XM541601,風の精霊,35.446598,133.058985,1,2026/07/01
XM541603,炎の精霊,35.446598,133.113855,2,2026/07/19
XM541605,大地の精霊,35.472401,133.058985,3,2026/05/16
XM541605,風の精霊,35.472401,133.058985,1,2026/06/10
XM541607,水の精霊,35.472401,133.113855,2,2026/07/10
XM541610,水の精霊,35.472401,133.004115,1,2026/05/21
XM541610,炎の精霊,35.472401,133.004115,1,2026/07/21
XM541610,風の精霊,35.472401,133.004115,1,2026/05/18
XM541611,炎の精霊,35.485300,132.976680,1,2026/05/10
XM541613,大地の精霊,35.485300,133.031550,1,2026/05/01
XM541613,炎の精霊,35.485300,133.031550,1,2026/07/26
XM541614,風の精霊,35.498196,133.004115,1,2026/04/13
XM541615,炎の精霊,35.511091,132.976680,1,2026/04/15
XM541620,大地の精霊,35.511091,132.921811,1,2026/06/28
XM541634,風の精霊,35.498196,133.168724,1,2026/06/10
XM541637,大地の精霊,35.511091,133.196159,3,2026/06/23
XM541637,炎の精霊,35.511091,133.196159,1,2026/05/30
XM541637,風の精霊,35.511091,133.196159,2,2026/06/16
XM541660,大地の精霊,35.511091,133.251029,1,2026/07/30
XM541664,大地の精霊,35.536873,133.251029,1,2026/05/01
XM541665,大地の精霊,35.549761,133.223594,1,2026/05/23
XM543071,大地の精霊,35.330380,134.128944,1,2026/07/21
XM543104,水の精霊,35.343301,133.827160,1,2026/04/30
XM543110,炎の精霊,35.356221,133.744856,2,2026/05/26
XM543113,大地の精霊,35.369138,133.772291,1,2026/05/17
XM543114,大地の精霊,35.382053,133.744856,1,2026/08/05
XM543114,水の精霊,35.382053,133.744856,1,2026/04/21
XM543114,風の精霊,35.382053,133.744856,1,2026/06/10
XM543115,水の精霊,35.394966,133.717421,1,2026/05/02
XM543117,水の精霊,35.394966,133.772291,1,2026/06/20
XM543118,水の精霊,35.407877,133.744856,1,2026/07/03
XM543118,炎の精霊,35.407877,133.744856,1,2026/04/26
XM543128,水の精霊,35.446598,133.662551,1,2026/07/31
XM543131,風の精霊,35.369138,133.882030,1,2026/05/03
XM543135,水の精霊,35.394966,133.882030,1,2026/07/18
XM543135,風の精霊,35.394966,133.882030,1,2026/05/24
XM543140,風の精霊,35.394966,133.827160,1,2026/04/22
XM543141,風の精霊,35.407877,133.799726,2,2026/06/14
XM543143,大地の精霊,35.407877,133.854595,1,2026/04/12
XM543143,水の精霊,35.407877,133.854595,1,2026/05/12
XM543143,風の精霊,35.407877,133.854595,3,2026/07/24
XM543144,大地の精霊,35.420786,133.827160,1,2026/07/31
XM543145,水の精霊,35.433693,133.799726,1,2026/07/12
XM543145,風の精霊,35.433693,133.799726,1,2026/06/22
XM543147,炎の精霊,35.433693,133.854595,1,2026/07/19
XM543148,風の精霊,35.446598,133.827160,1,2026/05/15
XM543151,大地の精霊,35.446598,133.717421,1,2026/06/21
XM543151,風の精霊,35.446598,133.717421,1,2026/06/25
XM543153,風の精霊,35.446598,133.772291,1,2026/04/28
XM543157,大地の精霊,35.472401,133.772291,2,2026/07/30
XM543157,風の精霊,35.472401,133.772291,4,2026/07/08
XM543158,炎の精霊,35.485300,133.744856,1,2026/05/19
XM543174,大地の精霊,35.459500,133.909465,1,2026/06/25
XM543174,風の精霊,35.459500,133.909465,2,2026/06/05
XM543175,水の精霊,35.472401,133.882030,1,2026/05/05
XM543177,水の精霊,35.472401,133.936900,1,2026/04/20
XM543180,大地の精霊,35.472401,133.827160,1,2026/06/08
XM543180,炎の精霊,35.472401,133.827160,2,2026/06/17
XM543181,水の精霊,35.485300,133.799726,1,2026/05/22
XM543183,大地の精霊,35.485300,133.854595,1,2026/05/25
XM543184,炎の精霊,35.498196,133.827160,1,2026/05/11
XM543184,風の精霊,35.498196,133.827160,1,2026/06/07
XM543208,大地の精霊,35.485300,133.580247,1,2026/05/22
XM543208,水の精霊,35.485300,133.580247,1,2026/06/17
XM543208,炎の精霊,35.485300,133.580247,2,2026/06/08
XM543211,大地の精霊,35.485300,133.470508,1,2026/07/06
XM543211,水の精霊,35.485300,133.470508,2,2026/07/01
XM543211,風の精霊,35.485300,133.470508,2,2026/07/03
XM543213,炎の精霊,35.485300,133.525377,1,2026/05/12
XM543214,大地の精霊,35.498196,133.497942,1,2026/05/31
XM543214,水の精霊,35.498196,133.497942,1,2026/06/20
XM543214,炎の精霊,35.498196,133.497942,1,2026/06/03
XM543217,炎の精霊,35.511091,133.525377,2,2026/06/29
XM543230,大地の精霊,35.472401,133.662551,1,2026/05/13
XM543230,炎の精霊,35.472401,133.662551,1,2026/05/15
XM543231,炎の精霊,35.485300,133.635117,1,2026/05/20
XM543231,風の精霊,35.485300,133.635117,1,2026/06/06
XM543234,水の精霊,35.498196,133.662551,1,2026/08/04
XM543235,大地の精霊,35.511091,133.635117,1,2026/04/23
XM543235,風の精霊,35.511091,133.635117,1,2026/05/12
XM543237,風の精霊,35.511091,133.689986,1,2026/04/22
XM543240,大地の精霊,35.511091,133.580247,1,2026/07/30
XM543240,水の精霊,35.511091,133.580247,1,2026/06/15
XM543240,風の精霊,35.511091,133.580247,2,2026/07/28
XM543241,大地の精霊,35.523983,133.552812,1,2026/05/05
XM543305,風の精霊,35.356221,134.293553,1,2026/05/03
XM543307,風の精霊,35.356221,134.348422,1,2026/05/26
XM543308,大地の精霊,35.369138,134.320988,1,2026/06/06
XM543311,大地の精霊,35.369138,134.211248,1,2026/07/18
XM543311,水の精霊,35.369138,134.211248,1,2026/04/30
XM543313,水の精霊,35.369138,134.266118,1,2026/05/22
XM543313,風の精霊,35.369138,134.266118,1,2026/04/25
XM543314,炎の精霊,35.382053,134.238683,1,2026/07/19
XM543323,水の精霊,35.407877,134.183813,1,2026/05/04
XM543344,炎の精霊,35.420786,134.320988,1,2026/08/07
XM543348,水の精霊,35.446598,134.320988,1,2026/07/08
XM543348,炎の精霊,35.446598,134.320988,1,2026/05/17
XM543351,風の精霊,35.446598,134.211248,1,2026/07/13
XM543354,風の精霊,35.459500,134.238683,1,2026/07/07
XM543355,水の精霊,35.472401,134.211248,1,2026/06/13
XM543357,炎の精霊,35.472401,134.266118,2,2026/07/16
XM543357,風の精霊,35.472401,134.266118,1,2026/05/28
XM543358,水の精霊,35.485300,134.238683,1,2026/07/31
XM543358,炎の精霊,35.485300,134.238683,1,2026/05/19
XM543358,風の精霊,35.485300,134.238683,2,2026/06/24
XM543381,炎の精霊,35.485300,134.293553,1,2026/05/09
XM543385,風の精霊,35.511091,134.293553,1,2026/04/21
XM543403,大地の精霊,35.446598,134.101509,1,2026/06/17
XM543404,炎の精霊,35.459500,134.074074,1,2026/05/16
XM543405,炎の精霊,35.472401,134.046639,1,2026/05/12
XM543405,風の精霊,35.472401,134.046639,1,2026/07/04
XM543408,風の精霊,35.485300,134.074074,1,2026/06/16
XM543415,炎の精霊,35.511091,133.964335,1,2026/04/26
XM543417,炎の精霊,35.511091,134.019204,1,2026/05/10
XM543418,大地の精霊,35.523983,133.991770,1,2026/07/26
XM543418,炎の精霊,35.523983,133.991770,3,2026/07/26
XM543418,風の精霊,35.523983,133.991770,1,2026/06/24
XM543420,風の精霊,35.511091,133.909465,5,2026/07/10
XM543431,炎の精霊,35.485300,134.128944,1,2026/06/18
XM543433,水の精霊,35.485300,134.183813,1,2026/04/30
XM543434,風の精霊,35.498196,134.156379,1,2026/06/06
XM543437,炎の精霊,35.511091,134.183813,1,2026/05/11
XM543438,大地の精霊,35.523983,134.156379,1,2026/07/30
XM543440,大地の精霊,35.511091,134.074074,1,2026/07/09
XM543443,風の精霊,35.523983,134.101509,1,2026/04/13
XM543460,大地の精霊,35.511091,134.238683,1,2026/06/15
XM543461,炎の精霊,35.523983,134.211248,2,2026/07/18
XM543461,風の精霊,35.523983,134.211248,2,2026/07/12
XM543464,大地の精霊,35.536873,134.238683,1,2026/08/02
XM543464,水の精霊,35.536873,134.238683,1,2026/06/10
XM543464,風の精霊,35.536873,134.238683,1,2026/06/12
XM543467,大地の精霊,35.549761,134.266118,1,2026/05/23
XM543467,炎の精霊,35.549761,134.266118,1,2026/06/27
XM543467,風の精霊,35.549761,134.266118,2,2026/06/30
XM543607,大地の精霊,35.472401,134.595336,2,2026/08/04
XM543607,風の精霊,35.472401,134.595336,1,2026/06/05
XM543618,風の精霊,35.523983,134.485597,1,2026/07/12
XM543650,炎の精霊,35.549761,134.485597,1,2026/06/25
XM543650,風の精霊,35.549761,134.485597,1,2026/06/06
XM543661,風の精霊,35.523983,134.705075,1,2026/08/04
XM543688,炎の精霊,35.639921,134.567901,2,2026/07/19
XM543701,風の精霊,35.562648,134.293553,1,2026/04/15
XM543703,水の精霊,35.562648,134.348422,2,2026/07/27
XM543703,炎の精霊,35.562648,134.348422,2,2026/08/04
XM543705,大地の精霊,35.588414,134.293553,1,2026/06/17
XM543705,水の精霊,35.588414,134.293553,1,2026/05/22
XM543760,大地の精霊,35.627047,134.485597,1,2026/07/19
XM543760,風の精霊,35.627047,134.485597,1,2026/06/19
XM544881,炎の精霊,36.178741,133.305898,1,2026/07/20
XM544887,風の精霊,36.204308,133.360768,1,2026/05/11
XM546000,炎の精霊,35.549761,134.814815,2,2026/05/20
XM546000,風の精霊,35.549761,134.814815,2,2026/06/10
XM546004,水の精霊,35.575532,134.814815,1,2026/06/16
XM546004,風の精霊,35.575532,134.814815,2,2026/07/04
XM546021,炎の精霊,35.639921,134.622771,1,2026/06/08
XM546024,大地の精霊,35.652793,134.650206,1,2026/04/27
XM546024,炎の精霊,35.652793,134.650206,1,2026/08/05
XM546024,風の精霊,35.652793,134.650206,1,2026/06/10
XM546040,風の精霊,35.627047,134.814815,1,2026/05/08
XM546050,風の精霊,35.665662,134.732510,1,2026/05/13
XM546335,大地の精霊,35.742836,135.116598,2,2026/07/28
XM546335,水の精霊,35.742836,135.116598,2,2026/06/03
XM546335,炎の精霊,35.742836,135.116598,1,2026/08/04
XM546363,大地の精霊,35.755691,135.253772,1,2026/07/27
XM548011,大地の精霊,36.293725,133.223594,1,2026/05/23
XM560000,大地の精霊,34.850841,137.777778,1,2026/04/22
XM560000,風の精霊,34.850841,137.777778,3,2026/07/08
XM560004,水の精霊,34.876834,137.777778,1,2026/04/16
XM560004,炎の精霊,34.876834,137.777778,1,2026/05/13
XM560030,大地の精霊,34.889828,137.860082,1,2026/05/02
XM560035,風の精霊,34.928796,137.832647,1,2026/04/12
XM560103,風の精霊,34.980724,137.558299,1,2026/06/21
XM560104,水の精霊,34.993701,137.530864,1,2026/04/22
XM560110,水の精霊,35.006676,137.448560,1,2026/06/28
XM560201,大地の精霊,35.097443,137.256516,1,2026/05/07
XM560201,風の精霊,35.097443,137.256516,1,2026/04/24
XM560203,水の精霊,35.097443,137.311385,1,2026/06/15
XM560203,風の精霊,35.097443,137.311385,1,2026/04/29
XM560204,大地の精霊,35.110401,137.283951,1,2026/05/24
XM560204,水の精霊,35.110401,137.283951,1,2026/05/22
XM560204,風の精霊,35.110401,137.283951,2,2026/05/03
XM560205,水の精霊,35.123358,137.256516,1,2026/05/11
XM560205,風の精霊,35.123358,137.256516,1,2026/04/28
XM560210,風の精霊,35.123358,137.201646,1,2026/07/07
XM560211,炎の精霊,35.136312,137.174211,1,2026/06/19
XM560214,大地の精霊,35.149265,137.201646,1,2026/06/22
XM560214,風の精霊,35.149265,137.201646,1,2026/06/16
XM560215,水の精霊,35.162215,137.174211,1,2026/07/05
XM560215,風の精霊,35.162215,137.174211,1,2026/06/07
XM560217,大地の精霊,35.162215,137.229081,2,2026/07/10
XM560217,風の精霊,35.162215,137.229081,1,2026/07/09
XM560220,風の精霊,35.162215,137.119342,1,2026/06/24
XM560223,風の精霊,35.175163,137.146776,2,2026/05/02
XM560225,大地の精霊,35.201053,137.091907,1,2026/07/17
XM560225,炎の精霊,35.201053,137.091907,1,2026/05/04
XM560225,風の精霊,35.201053,137.091907,2,2026/06/09
XM560228,炎の精霊,35.213995,137.119342,1,2026/07/21
XM560240,大地の精霊,35.162215,137.283951,1,2026/08/06
XM560244,風の精霊,35.188109,137.283951,1,2026/04/12
XM560247,大地の精霊,35.201053,137.311385,2,2026/08/02
XM560247,炎の精霊,35.201053,137.311385,1,2026/07/17
XM560250,炎の精霊,35.201053,137.201646,1,2026/08/01
XM560254,大地の精霊,35.226935,137.201646,1,2026/06/19
XM560254,風の精霊,35.226935,137.201646,1,2026/06/30
XM560257,風の精霊,35.239873,137.229081,1,2026/04/25
XM560270,炎の精霊,35.201053,137.366255,1,2026/06/08
XM560274,大地の精霊,35.226935,137.366255,1,2026/07/23
XM560274,炎の精霊,35.226935,137.366255,1,2026/05/15
XM560274,風の精霊,35.226935,137.366255,2,2026/08/04
XM560283,風の精霊,35.252809,137.311385,1,2026/07/31
XM560501,風の精霊,35.213995,137.503429,1,2026/06/20
XM560514,炎の精霊,35.265742,137.448560,1,2026/05/10
XM560518,風の精霊,35.291604,137.448560,1,2026/05/17
XM560520,水の精霊,35.278674,137.366255,2,2026/05/27
XM560523,水の精霊,35.291604,137.393690,1,2026/06/26
XM560523,炎の精霊,35.291604,137.393690,1,2026/07/03
XM560523,風の精霊,35.291604,137.393690,1,2026/05/01
XM560524,炎の精霊,35.304531,137.366255,1,2026/06/12
XM560524,風の精霊,35.304531,137.366255,3,2026/06/03
XM560525,炎の精霊,35.317457,137.338820,1,2026/07/20
XM560527,大地の精霊,35.317457,137.393690,1,2026/07/16
XM560531,大地の精霊,35.252809,137.585734,2,2026/07/15
XM560531,炎の精霊,35.252809,137.585734,1,2026/05/12
XM560541,炎の精霊,35.291604,137.503429,1,2026/05/05
XM560555,大地の精霊,35.356221,137.421125,1,2026/07/14
XM560555,炎の精霊,35.356221,137.421125,1,2026/07/19
XM560558,水の精霊,35.369138,137.448560,1,2026/08/08
XM560638,風の精霊,35.175163,138.353909,1,2026/05/13
XM560674,大地の精霊,35.226935,138.353909,1,2026/05/16
XM560684,水の精霊,35.265742,138.271605,1,2026/05/21
XM560811,風の精霊,35.369138,137.668038,1,2026/07/01
XM560834,大地の精霊,35.382053,137.860082,1,2026/05/14
XM560843,水の精霊,35.407877,137.805213,1,2026/04/26
XM560843,風の精霊,35.407877,137.805213,1,2026/06/09
XM560845,炎の精霊,35.433693,137.750343,1,2026/06/02
XM560845,風の精霊,35.433693,137.750343,1,2026/06/06
XM560853,風の精霊,35.446598,137.722908,1,2026/07/07
XM560854,風の精霊,35.459500,137.695473,1,2026/05/06
XM560858,風の精霊,35.485300,137.695473,1,2026/06/30
XM560871,大地の精霊,35.446598,137.832647,1,2026/05/19
XM560873,大地の精霊,35.446598,137.887517,1,2026/06/22
XM560873,炎の精霊,35.446598,137.887517,1,2026/04/20
XM560874,風の精霊,35.459500,137.860082,1,2026/05/05
XM560878,大地の精霊,35.485300,137.860082,3,2026/07/28
XM560880,大地の精霊,35.472401,137.777778,1,2026/05/24
XM560883,炎の精霊,35.485300,137.805213,1,2026/05/06
XM560883,風の精霊,35.485300,137.805213,1,2026/07/09
XM560884,水の精霊,35.498196,137.777778,1,2026/04/14
XM560884,風の精霊,35.498196,137.777778,1,2026/06/07
XM560885,炎の精霊,35.511091,137.750343,1,2026/04/23
XM560887,大地の精霊,35.511091,137.805213,1,2026/07/31
XM560887,水の精霊,35.511091,137.805213,1,2026/08/03
XM560887,風の精霊,35.511091,137.805213,1,2026/06/02
XM561000,大地の精霊,35.201053,137.037037,1,2026/07/26
XM561000,水の精霊,35.201053,137.037037,2,2026/06/28
XM561000,風の精霊,35.201053,137.037037,1,2026/06/22
XM561001,大地の精霊,35.213995,137.009602,1,2026/05/21
XM561001,風の精霊,35.213995,137.009602,1,2026/05/08
XM561003,大地の精霊,35.213995,137.064472,1,2026/06/07
XM561004,大地の精霊,35.226935,137.037037,2,2026/06/06
XM561004,風の精霊,35.226935,137.037037,1,2026/06/20
XM561005,風の精霊,35.239873,137.009602,1,2026/05/09
XM561007,大地の精霊,35.239873,137.064472,1,2026/06/27
XM561008,大地の精霊,35.252809,137.037037,1,2026/07/24
XM561008,炎の精霊,35.252809,137.037037,1,2026/04/14
XM561010,炎の精霊,35.239873,136.954733,1,2026/05/22
XM561010,風の精霊,35.239873,136.954733,1,2026/07/08
XM561011,大地の精霊,35.252809,136.927298,1,2026/07/23
XM561013,大地の精霊,35.252809,136.982167,1,2026/08/02
XM561014,炎の精霊,35.265742,136.954733,1,2026/04/18
XM561015,水の精霊,35.278674,136.927298,1,2026/07/18
XM561017,大地の精霊,35.278674,136.982167,1,2026/05/24
XM561017,水の精霊,35.278674,136.982167,1,2026/07/14
XM561018,風の精霊,35.291604,136.954733,1,2026/04/29
XM561020,風の精霊,35.278674,136.872428,1,2026/06/29
XM561023,炎の精霊,35.291604,136.899863,1,2026/07/27
XM561023,風の精霊,35.291604,136.899863,2,2026/04/17
XM561024,水の精霊,35.304531,136.872428,1,2026/06/02
XM561028,風の精霊,35.330380,136.872428,1,2026/06/30
XM561030,大地の精霊,35.239873,137.119342,1,2026/07/11
XM561040,大地の精霊,35.278674,137.037037,1,2026/08/04
XM561040,水の精霊,35.278674,137.037037,3,2026/08/03
XM561040,風の精霊,35.278674,137.037037,1,2026/04/25
XM561044,大地の精霊,35.304531,137.037037,1,2026/06/05
XM561044,炎の精霊,35.304531,137.037037,1,2026/05/12
XM561044,風の精霊,35.304531,137.037037,2,2026/06/23
XM561045,風の精霊,35.317457,137.009602,1,2026/07/09
XM561050,炎の精霊,35.317457,136.954733,2,2026/07/22
XM561050,風の精霊,35.317457,136.954733,1,2026/05/26
XM561051,炎の精霊,35.330380,136.927298,1,2026/07/09
XM561051,風の精霊,35.330380,136.927298,1,2026/07/04
XM561057,水の精霊,35.356221,136.982167,1,2026/07/28
XM561057,風の精霊,35.356221,136.982167,1,2026/04/28
XM561061,風の精霊,35.291604,137.174211,1,2026/04/30
XM561065,水の精霊,35.317457,137.174211,1,2026/07/05
XM561068,風の精霊,35.330380,137.201646,1,2026/06/29
XM561070,水の精霊,35.317457,137.119342,1,2026/04/27
XM561073,風の精霊,35.330380,137.146776,1,2026/06/22
XM561074,風の精霊,35.343301,137.119342,1,2026/04/29
XM561075,水の精霊,35.356221,137.091907,3,2026/06/12
XM561075,炎の精霊,35.356221,137.091907,2,2026/07/23
XM561078,大地の精霊,35.369138,137.119342,1,2026/07/03
XM561078,炎の精霊,35.369138,137.119342,1,2026/06/14
XM561080,水の精霊,35.356221,137.037037,1,2026/04/26
XM561081,水の精霊,35.369138,137.009602,1,2026/06/08
XM561081,風の精霊,35.369138,137.009602,1,2026/08/07
XM561084,大地の精霊,35.382053,137.037037,1,2026/06/19
XM561085,水の精霊,35.394966,137.009602,1,2026/05/04
XM561085,風の精霊,35.394966,137.009602,1,2026/05/04
XM561087,風の精霊,35.394966,137.064472,1,2026/05/24
XM561100,大地の精霊,35.317457,136.790123,3,2026/07/17
XM561103,大地の精霊,35.330380,136.817558,1,2026/05/12
XM561103,風の精霊,35.330380,136.817558,1,2026/06/22
XM561104,大地の精霊,35.343301,136.790123,1,2026/07/21
XM561104,水の精霊,35.343301,136.790123,1,2026/07/18
XM561107,水の精霊,35.356221,136.817558,1,2026/05/01
XM561108,大地の精霊,35.369138,136.790123,1,2026/05/17
XM561108,水の精霊,35.369138,136.790123,1,2026/06/15
XM561110,水の精霊,35.356221,136.707819,1,2026/07/09
XM561110,風の精霊,35.356221,136.707819,1,2026/06/03
XM561111,風の精霊,35.369138,136.680384,1,2026/04/28
XM561113,風の精霊,35.369138,136.735254,2,2026/07/06
XM561114,風の精霊,35.382053,136.707819,1,2026/05/25
XM561115,風の精霊,35.394966,136.680384,1,2026/07/30
XM561117,水の精霊,35.394966,136.735254,1,2026/05/06
XM561117,風の精霊,35.394966,136.735254,1,2026/05/23
XM561118,炎の精霊,35.407877,136.707819,1,2026/07/27
XM561118,風の精霊,35.407877,136.707819,1,2026/06/13
XM561121,大地の精霊,35.407877,136.598080,1,2026/08/01
XM561121,炎の精霊,35.407877,136.598080,1,2026/05/17
XM561123,水の精霊,35.407877,136.652949,1,2026/07/25
XM561125,炎の精霊,35.433693,136.598080,1,2026/06/17
XM561125,風の精霊,35.433693,136.598080,2,2026/07/19
XM561127,大地の精霊,35.433693,136.652949,1,2026/04/13
XM561128,風の精霊,35.446598,136.625514,1,2026/05/29
XM561130,大地の精霊,35.356221,136.872428,1,2026/05/19
XM561130,水の精霊,35.356221,136.872428,1,2026/06/28
XM561130,炎の精霊,35.356221,136.872428,1,2026/04/13
XM561131,大地の精霊,35.369138,136.844993,1,2026/04/16
XM561133,水の精霊,35.369138,136.899863,1,2026/07/05
XM561133,風の精霊,35.369138,136.899863,1,2026/05/02
XM561137,大地の精霊,35.394966,136.899863,1,2026/04/18
XM561137,水の精霊,35.394966,136.899863,1,2026/06/26
XM561137,風の精霊,35.394966,136.899863,1,2026/05/21
XM561138,大地の精霊,35.407877,136.872428,1,2026/07/07
XM561138,水の精霊,35.407877,136.872428,1,2026/07/16
XM561138,風の精霊,35.407877,136.872428,1,2026/05/29
XM561140,水の精霊,35.394966,136.790123,1,2026/06/18
XM561141,水の精霊,35.407877,136.762689,2,2026/07/01
XM561143,風の精霊,35.407877,136.817558,1,2026/06/21
XM561145,水の精霊,35.433693,136.762689,2,2026/04/27
XM561145,炎の精霊,35.433693,136.762689,1,2026/07/15
XM561147,風の精霊,35.433693,136.817558,2,2026/05/20
XM561148,大地の精霊,35.446598,136.790123,1,2026/08/08
XM561148,風の精霊,35.446598,136.790123,1,2026/08/04
XM561150,大地の精霊,35.433693,136.707819,1,2026/07/16
XM561151,大地の精霊,35.446598,136.680384,1,2026/07/27
XM561153,大地の精霊,35.446598,136.735254,1,2026/04/23
XM561154,水の精霊,35.459500,136.707819,1,2026/06/09
XM561154,炎の精霊,35.459500,136.707819,1,2026/06/05
XM561157,大地の精霊,35.472401,136.735254,1,2026/06/25
XM561160,風の精霊,35.394966,136.954733,1,2026/07/06
XM561161,水の精霊,35.407877,136.927298,1,2026/06/25
XM561163,風の精霊,35.407877,136.982167,1,2026/04/20
XM561167,炎の精霊,35.433693,136.982167,1,2026/07/03
XM561168,大地の精霊,35.446598,136.954733,1,2026/05/07
XM561168,炎の精霊,35.446598,136.954733,2,2026/07/30
XM561170,大地の精霊,35.433693,136.872428,1,2026/06/23
XM561170,水の精霊,35.433693,136.872428,1,2026/05/30
XM561173,大地の精霊,35.446598,136.899863,1,2026/04/14
XM561173,炎の精霊,35.446598,136.899863,1,2026/04/14
XM561174,水の精霊,35.459500,136.872428,1,2026/07/29
XM561175,大地の精霊,35.472401,136.844993,1,2026/06/17
XM561175,炎の精霊,35.472401,136.844993,1,2026/08/02
XM561175,風の精霊,35.472401,136.844993,1,2026/07/13
XM561177,大地の精霊,35.472401,136.899863,1,2026/08/07
XM561177,風の精霊,35.472401,136.899863,1,2026/06/24
XM561178,大地の精霊,35.485300,136.872428,1,2026/07/14
XM561178,水の精霊,35.485300,136.872428,1,2026/05/03
XM561180,水の精霊,35.472401,136.790123,1,2026/06/12
XM561187,大地の精霊,35.511091,136.817558,2,2026/07/20
XM561187,風の精霊,35.511091,136.817558,1,2026/04/24
XM561203,水の精霊,35.446598,136.570645,1,2026/06/28
XM561204,水の精霊,35.459500,136.543210,1,2026/08/07
XM561207,風の精霊,35.472401,136.570645,1,2026/06/04
XM561208,風の精霊,35.485300,136.543210,1,2026/05/27
XM561231,炎の精霊,35.485300,136.598080,1,2026/07/12
XM561231,風の精霊,35.485300,136.598080,3,2026/07/08
XM561233,水の精霊,35.485300,136.652949,1,2026/08/06
XM561235,水の精霊,35.511091,136.598080,1,2026/04/14
XM561235,風の精霊,35.511091,136.598080,1,2026/05/20
XM561237,風の精霊,35.511091,136.652949,1,2026/07/06
XM561238,水の精霊,35.523983,136.625514,1,2026/06/26
XM561240,水の精霊,35.511091,136.543210,1,2026/04/23
XM561244,大地の精霊,35.536873,136.543210,1,2026/04/21
XM561260,大地の精霊,35.511091,136.707819,1,2026/04/25
XM561261,炎の精霊,35.523983,136.680384,1,2026/05/16
XM561263,風の精霊,35.523983,136.735254,1,2026/04/12
XM561270,水の精霊,35.549761,136.625514,1,2026/07/22
XM561270,炎の精霊,35.549761,136.625514,1,2026/06/21
XM561270,風の精霊,35.549761,136.625514,6,2026/07/09
XM561273,炎の精霊,35.562648,136.652949,1,2026/06/21
XM561303,大地の精霊,35.330380,137.311385,1,2026/05/16
XM561303,風の精霊,35.330380,137.311385,1,2026/04/17
XM561304,炎の精霊,35.343301,137.283951,3,2026/07/25
XM561304,風の精霊,35.343301,137.283951,1,2026/05/28
XM561305,炎の精霊,35.356221,137.256516,1,2026/08/07
XM561305,風の精霊,35.356221,137.256516,2,2026/07/15
XM561308,炎の精霊,35.369138,137.283951,1,2026/08/08
XM561310,風の精霊,35.356221,137.201646,1,2026/06/07
XM561311,炎の精霊,35.369138,137.174211,1,2026/04/15
XM561311,風の精霊,35.369138,137.174211,1,2026/06/30
XM561313,炎の精霊,35.369138,137.229081,1,2026/08/03
XM561313,風の精霊,35.369138,137.229081,2,2026/07/31
XM561317,炎の精霊,35.394966,137.229081,1,2026/08/02
XM561321,大地の精霊,35.407877,137.091907,1,2026/08/06
XM561321,炎の精霊,35.407877,137.091907,2,2026/08/06
XM561323,大地の精霊,35.407877,137.146776,1,2026/06/06
XM561323,風の精霊,35.407877,137.146776,1,2026/04/28
XM561324,風の精霊,35.420786,137.119342,1,2026/05/09
XM561325,水の精霊,35.433693,137.091907,1,2026/06/26
XM561327,風の精霊,35.433693,137.146776,1,2026/05/13
XM561328,水の精霊,35.446598,137.119342,1,2026/07/30
XM561333,炎の精霊,35.369138,137.393690,1,2026/08/04
XM561335,風の精霊,35.394966,137.338820,1,2026/04/18
XM561338,大地の精霊,35.407877,137.366255,1,2026/08/01
XM561340,炎の精霊,35.394966,137.283951,1,2026/05/20
XM561340,風の精霊,35.394966,137.283951,2,2026/06/14
XM561344,水の精霊,35.420786,137.283951,3,2026/05/01
XM561365,炎の精霊,35.433693,137.421125,1,2026/04/17
XM561365,風の精霊,35.433693,137.421125,1,2026/07/26
XM561367,炎の精霊,35.433693,137.475995,1,2026/04/26
XM561368,炎の精霊,35.446598,137.448560,1,2026/05/25
XM561370,炎の精霊,35.433693,137.366255,1,2026/06/02
XM561370,風の精霊,35.433693,137.366255,1,2026/06/15
XM561377,炎の精霊,35.472401,137.393690,1,2026/07/10
XM561378,水の精霊,35.485300,137.366255,1,2026/04/28
XM561404,炎の精霊,35.459500,137.037037,3,2026/04/19
XM561405,風の精霊,35.472401,137.009602,1,2026/06/04
XM561407,炎の精霊,35.472401,137.064472,1,2026/05/07
XM561408,大地の精霊,35.485300,137.037037,1,2026/07/25
XM561408,風の精霊,35.485300,137.037037,2,2026/06/20
XM561410,炎の精霊,35.472401,136.954733,1,2026/07/23
XM561411,水の精霊,35.485300,136.927298,1,2026/07/05
XM561411,風の精霊,35.485300,136.927298,2,2026/07/22
XM561413,大地の精霊,35.485300,136.982167,1,2026/05/28
XM561415,水の精霊,35.511091,136.927298,1,2026/04/21
XM561415,風の精霊,35.511091,136.927298,2,2026/07/29
XM561418,炎の精霊,35.523983,136.954733,1,2026/05/07
XM561420,水の精霊,35.511091,136.872428,1,2026/06/18
XM561421,大地の精霊,35.523983,136.844993,2,2026/05/22
XM561421,炎の精霊,35.523983,136.844993,1,2026/06/20
XM561421,風の精霊,35.523983,136.844993,1,2026/06/19
XM561427,風の精霊,35.549761,136.899863,2,2026/08/03
XM561430,大地の精霊,35.472401,137.119342,1,2026/06/23
XM561430,風の精霊,35.472401,137.119342,1,2026/06/11
XM561431,大地の精霊,35.485300,137.091907,1,2026/07/07
XM561435,炎の精霊,35.511091,137.091907,1,2026/05/14
XM561437,風の精霊,35.511091,137.146776,1,2026/06/27
XM561438,大地の精霊,35.523983,137.119342,1,2026/05/11
XM561440,大地の精霊,35.511091,137.037037,1,2026/07/17
XM561440,炎の精霊,35.511091,137.037037,2,2026/06/10
XM561440,風の精霊,35.511091,137.037037,1,2026/06/15
XM561451,風の精霊,35.562648,136.927298,1,2026/05/13
XM561461,風の精霊,35.523983,137.174211,1,2026/06/07
XM561470,炎の精霊,35.549761,137.119342,1,2026/05/23
XM561530,大地の精霊,35.588414,136.872428,2,2026/07/30
XM561530,炎の精霊,35.588414,136.872428,1,2026/04/27
XM561530,風の精霊,35.588414,136.872428,3,2026/07/07
XM561564,水の精霊,35.652793,136.954733,1,2026/05/05
XM561568,水の精霊,35.678530,136.954733,1,2026/05/31
XM561605,大地の精霊,35.472401,137.503429,1,2026/06/23
XM561605,風の精霊,35.472401,137.503429,2,2026/06/27
XM561608,風の精霊,35.485300,137.530864,1,2026/07/01
XM561614,風の精霊,35.498196,137.448560,1,2026/07/13
XM561617,炎の精霊,35.511091,137.475995,1,2026/06/19
XM561617,風の精霊,35.511091,137.475995,1,2026/06/20
XM561635,水の精霊,35.511091,137.585734,2,2026/07/29
XM561635,風の精霊,35.511091,137.585734,3,2026/06/03
XM561640,水の精霊,35.511091,137.530864,1,2026/05/24
XM561644,炎の精霊,35.536873,137.530864,1,2026/04/18
XM561648,水の精霊,35.562648,137.530864,1,2026/05/04
XM561648,風の精霊,35.562648,137.530864,1,2026/04/12
XM561650,風の精霊,35.549761,137.448560,1,2026/04/20
XM561654,風の精霊,35.575532,137.448560,1,2026/05/03
XM561671,水の精霊,35.562648,137.585734,1,2026/06/26
XM561671,炎の精霊,35.562648,137.585734,2,2026/07/16
XM561671,風の精霊,35.562648,137.585734,1,2026/07/04
XM561673,炎の精霊,35.562648,137.640604,1,2026/04/25
XM561673,風の精霊,35.562648,137.640604,1,2026/04/29
XM561675,大地の精霊,35.588414,137.585734,1,2026/05/11
XM561678,炎の精霊,35.601294,137.613169,1,2026/06/11
XM561678,風の精霊,35.601294,137.613169,1,2026/07/18
XM561681,水の精霊,35.601294,137.503429,1,2026/06/28
XM561713,風の精霊,35.601294,137.229081,1,2026/08/04
XM561751,炎の精霊,35.678530,137.174211,1,2026/07/20
XM561778,水の精霊,35.717120,137.366255,1,2026/05/24
XM561810,大地の精霊,35.704259,136.954733,1,2026/06/13
XM561818,大地の精霊,35.755691,136.954733,1,2026/06/01
XM561818,風の精霊,35.755691,136.954733,1,2026/06/12
XM561837,炎の精霊,35.742836,137.146776,1,2026/05/19
XM561845,水の精霊,35.781395,137.009602,1,2026/06/15
XM561850,水の精霊,35.781395,136.954733,1,2026/05/08
XM561850,炎の精霊,35.781395,136.954733,1,2026/06/08
XM561851,炎の精霊,35.794244,136.927298,1,2026/07/18
XM561860,風の精霊,35.742836,137.201646,1,2026/05/02
XM562025,大地の精霊,35.665662,136.104252,1,2026/04/26
XM562025,水の精霊,35.665662,136.104252,1,2026/06/14
XM562025,炎の精霊,35.665662,136.104252,1,2026/08/01
XM562025,風の精霊,35.665662,136.104252,3,2026/05/26
XM562103,風の精霊,35.678530,136.076818,4,2026/07/10
XM562130,水の精霊,35.704259,136.131687,1,2026/07/27
XM562130,風の精霊,35.704259,136.131687,1,2026/07/03
XM562134,風の精霊,35.729979,136.131687,1,2026/05/20
XM562141,炎の精霊,35.755691,136.021948,1,2026/05/30
XM562164,大地の精霊,35.768544,136.213992,1,2026/05/10
XM562168,水の精霊,35.794244,136.213992,1,2026/05/28
XM562168,炎の精霊,35.794244,136.213992,1,2026/05/25
XM562168,風の精霊,35.794244,136.213992,1,2026/07/16
XM562176,風の精霊,35.807091,136.186557,1,2026/05/02
XM562178,大地の精霊,35.832778,136.131687,1,2026/05/16
XM562410,大地の精霊,35.819935,136.213992,1,2026/07/26
XM562410,炎の精霊,35.819935,136.213992,1,2026/08/07
XM562410,風の精霊,35.819935,136.213992,1,2026/06/23
XM562411,大地の精霊,35.832778,136.186557,2,2026/08/08
XM562411,炎の精霊,35.832778,136.186557,1,2026/07/05
XM562415,大地の精霊,35.858457,136.186557,1,2026/06/17
XM562415,風の精霊,35.858457,136.186557,1,2026/05/23
XM562423,大地の精霊,35.871293,136.159122,1,2026/07/15
XM562424,水の精霊,35.884128,136.131687,2,2026/07/13
XM562424,風の精霊,35.884128,136.131687,1,2026/05/13
XM562427,水の精霊,35.896960,136.159122,2,2026/08/01
XM562428,水の精霊,35.909790,136.131687,2,2026/07/06
XM562428,風の精霊,35.909790,136.131687,1,2026/05/29
XM562445,大地の精霊,35.896960,136.268861,2,2026/07/14
XM562445,水の精霊,35.896960,136.268861,1,2026/07/18
XM562445,炎の精霊,35.896960,136.268861,4,2026/07/25
XM562445,風の精霊,35.896960,136.268861,1,2026/06/04
XM562453,炎の精霊,35.909790,136.241427,2,2026/08/03
XM562453,風の精霊,35.909790,136.241427,1,2026/06/28
XM562455,風の精霊,35.935444,136.186557,2,2026/04/15
XM562457,大地の精霊,35.935444,136.241427,1,2026/05/11
XM562457,風の精霊,35.935444,136.241427,2,2026/07/12
XM562458,風の精霊,35.948268,136.213992,1,2026/07/02
XM562481,風の精霊,35.948268,136.268861,1,2026/07/05
XM562503,風の精霊,35.909790,136.076818,1,2026/06/09
XM562513,炎の精霊,35.948268,135.994513,1,2026/06/07
XM562531,風の精霊,35.948268,136.104252,1,2026/04/18
XM562533,大地の精霊,35.948268,136.159122,1,2026/05/24
XM562533,風の精霊,35.948268,136.159122,1,2026/05/18
XM562534,大地の精霊,35.961090,136.131687,2,2026/07/21
XM562534,水の精霊,35.961090,136.131687,1,2026/06/19
XM562534,炎の精霊,35.961090,136.131687,1,2026/04/14
XM562534,風の精霊,35.961090,136.131687,1,2026/07/16
XM562537,水の精霊,35.973909,136.159122,1,2026/07/29
XM562537,風の精霊,35.973909,136.159122,1,2026/06/02
XM562538,大地の精霊,35.986727,136.131687,1,2026/07/22
XM562538,炎の精霊,35.986727,136.131687,2,2026/06/08
XM562540,水の精霊,35.973909,136.049383,1,2026/05/17
XM562547,風の精霊,36.012356,136.076818,1,2026/05/13
XM562560,水の精霊,35.973909,136.213992,1,2026/06/18
XM562560,風の精霊,35.973909,136.213992,1,2026/05/02
XM562561,風の精霊,35.986727,136.186557,1,2026/05/23
XM562564,水の精霊,35.999542,136.213992,1,2026/07/13
XM562564,炎の精霊,35.999542,136.213992,1,2026/06/23
XM562564,風の精霊,35.999542,136.213992,1,2026/05/13
XM562565,水の精霊,36.012356,136.186557,1,2026/05/21
XM562565,炎の精霊,36.012356,136.186557,1,2026/07/27
XM562567,炎の精霊,36.012356,136.241427,1,2026/08/01
XM562568,大地の精霊,36.025167,136.213992,1,2026/06/16
XM562568,風の精霊,36.025167,136.213992,1,2026/07/19
XM562570,水の精霊,36.012356,136.131687,1,2026/06/25
XM562574,水の精霊,36.037977,136.131687,1,2026/06/15
XM562574,炎の精霊,36.037977,136.131687,1,2026/04/16
XM562577,炎の精霊,36.050784,136.159122,2,2026/07/26
XM562578,水の精霊,36.063589,136.131687,1,2026/06/20
XM562634,風の精霊,35.845619,136.872428,2,2026/05/29
XM562637,水の精霊,35.858457,136.899863,1,2026/05/08
XM562708,風の精霊,35.948268,136.543210,1,2026/07/04
XM562713,風の精霊,35.948268,136.488340,1,2026/06/10
XM562717,炎の精霊,35.973909,136.488340,3,2026/07/12
XM562718,水の精霊,35.986727,136.460905,1,2026/07/13
XM562718,炎の精霊,35.986727,136.460905,2,2026/07/23
XM562718,風の精霊,35.986727,136.460905,1,2026/04/20
XM562724,水の精霊,35.999542,136.378601,1,2026/04/18
XM562725,水の精霊,36.012356,136.351166,1,2026/04/14
XM562725,風の精霊,36.012356,136.351166,1,2026/04/14
XM562740,大地の精霊,35.973909,136.543210,1,2026/06/04
XM562740,水の精霊,35.973909,136.543210,1,2026/06/22
XM562740,炎の精霊,35.973909,136.543210,1,2026/05/14
XM562741,大地の精霊,35.986727,136.515775,1,2026/05/12
XM562741,水の精霊,35.986727,136.515775,1,2026/06/15
XM562741,風の精霊,35.986727,136.515775,1,2026/04/24
XM562743,風の精霊,35.986727,136.570645,1,2026/05/04
XM562744,風の精霊,35.999542,136.543210,1,2026/07/31
XM562745,炎の精霊,36.012356,136.515775,1,2026/07/03
XM562754,大地の精霊,36.037977,136.460905,1,2026/08/08
XM562757,風の精霊,36.050784,136.488340,1,2026/07/02
XM562758,水の精霊,36.063589,136.460905,1,2026/04/13
XM562781,水の精霊,36.063589,136.515775,1,2026/05/28
XM562781,炎の精霊,36.063589,136.515775,1,2026/08/02
XM562781,風の精霊,36.063589,136.515775,2,2026/07/17
XM562800,風の精霊,36.012356,136.296296,1,2026/05/04
XM562801,風の精霊,36.025167,136.268861,1,2026/05/04
XM562805,風の精霊,36.050784,136.268861,1,2026/05/29
XM562808,炎の精霊,36.063589,136.296296,2,2026/07/01
XM562808,風の精霊,36.063589,136.296296,2,2026/06/30
XM562813,大地の精霊,36.063589,136.241427,2,2026/08/07
XM562814,風の精霊,36.076392,136.213992,1,2026/05/20
XM562817,炎の精霊,36.089193,136.241427,1,2026/08/08
XM562818,水の精霊,36.101992,136.213992,1,2026/04/27
XM562818,炎の精霊,36.101992,136.213992,1,2026/08/05
XM562825,水の精霊,36.127583,136.104252,1,2026/05/21
XM562827,炎の精霊,36.127583,136.159122,1,2026/05/29
XM562827,風の精霊,36.127583,136.159122,1,2026/04/12
XM562834,風の精霊,36.076392,136.378601,1,2026/06/13
XM562840,炎の精霊,36.089193,136.296296,2,2026/07/11
XM562840,風の精霊,36.089193,136.296296,1,2026/06/18
XM562841,大地の精霊,36.101992,136.268861,1,2026/06/12
XM562841,風の精霊,36.101992,136.268861,1,2026/05/27
XM562844,水の精霊,36.114789,136.296296,1,2026/06/06
XM562844,風の精霊,36.114789,136.296296,2,2026/05/29
XM562845,水の精霊,36.127583,136.268861,1,2026/06/21
XM562848,炎の精霊,36.140376,136.296296,1,2026/08/01
XM562850,水の精霊,36.127583,136.213992,1,2026/08/04
XM562851,大地の精霊,36.140376,136.186557,1,2026/08/03
XM562854,水の精霊,36.153167,136.213992,2,2026/08/08
XM562854,炎の精霊,36.153167,136.213992,1,2026/08/06
XM562854,風の精霊,36.153167,136.213992,1,2026/05/31
XM562857,水の精霊,36.165955,136.241427,1,2026/05/21
XM562863,水の精霊,36.101992,136.488340,1,2026/05/03
XM562863,炎の精霊,36.101992,136.488340,1,2026/07/28
XM562863,風の精霊,36.101992,136.488340,1,2026/06/24
XM562881,大地の精霊,36.178741,136.268861,1,2026/06/20
XM562881,風の精霊,36.178741,136.268861,2,2026/07/16
XM562884,大地の精霊,36.191526,136.296296,1,2026/04/25
XM562885,炎の精霊,36.204308,136.268861,1,2026/07/22
XM562885,風の精霊,36.204308,136.268861,1,2026/04/29
XM563004,風の精霊,35.226935,138.518519,1,2026/05/24
XM563005,風の精霊,35.239873,138.491084,1,2026/04/30
XM563030,大地の精霊,35.239873,138.600823,1,2026/05/28
XM563030,水の精霊,35.239873,138.600823,1,2026/07/27
XM563030,炎の精霊,35.239873,138.600823,1,2026/05/28
XM563031,風の精霊,35.252809,138.573388,1,2026/07/05
XM563033,大地の精霊,35.252809,138.628258,1,2026/08/07
XM563033,風の精霊,35.252809,138.628258,1,2026/05/05
XM563034,水の精霊,35.265742,138.600823,1,2026/06/05
XM563034,風の精霊,35.265742,138.600823,2,2026/07/13
XM563035,大地の精霊,35.278674,138.573388,1,2026/05/19
XM563035,風の精霊,35.278674,138.573388,1,2026/06/25
XM563058,大地の精霊,35.369138,138.436214,1,2026/05/30
XM563058,水の精霊,35.369138,138.436214,1,2026/06/29
XM563061,大地の精霊,35.291604,138.655693,1,2026/04/14
XM563061,炎の精霊,35.291604,138.655693,1,2026/04/14
XM563063,大地の精霊,35.291604,138.710562,1,2026/05/03
XM563070,大地の精霊,35.317457,138.600823,1,2026/06/28
XM563070,水の精霊,35.317457,138.600823,1,2026/04/20
XM563070,炎の精霊,35.317457,138.600823,1,2026/06/17
XM563070,風の精霊,35.317457,138.600823,1,2026/07/01
XM563075,炎の精霊,35.356221,138.573388,1,2026/05/20
XM563164,風の精霊,35.420786,138.436214,2,2026/07/13
XM563215,水の精霊,35.511091,137.914952,2,2026/06/28
XM563215,炎の精霊,35.511091,137.914952,1,2026/07/10
XM563215,風の精霊,35.511091,137.914952,2,2026/07/04
XM563218,風の精霊,35.523983,137.942387,1,2026/08/01
XM563220,風の精霊,35.511091,137.860082,1,2026/06/24
XM563221,風の精霊,35.523983,137.832647,1,2026/04/15
XM563224,風の精霊,35.536873,137.860082,2,2026/07/27
XM563227,風の精霊,35.549761,137.887517,1,2026/05/31
XM563228,炎の精霊,35.562648,137.860082,1,2026/07/03
XM563251,風の精霊,35.562648,137.914952,1,2026/06/29
XM563258,水の精霊,35.601294,137.942387,1,2026/06/03
XM563321,大地の精霊,35.407877,138.573388,1,2026/07/11
XM563321,炎の精霊,35.407877,138.573388,1,2026/05/09
XM563324,大地の精霊,35.420786,138.600823,1,2026/04/25
XM563361,水の精霊,35.407877,138.902606,1,2026/07/29
XM563361,炎の精霊,35.407877,138.902606,1,2026/06/28
XM563371,大地の精霊,35.446598,138.820302,3,2026/05/28
XM563371,炎の精霊,35.446598,138.820302,1,2026/04/20
XM563374,風の精霊,35.459500,138.847737,1,2026/07/18
XM563375,大地の精霊,35.472401,138.820302,1,2026/06/12
XM563375,風の精霊,35.472401,138.820302,1,2026/04/17
XM563383,大地の精霊,35.485300,138.792867,1,2026/07/15
XM563383,炎の精霊,35.485300,138.792867,1,2026/07/19
XM563385,炎の精霊,35.511091,138.737997,2,2026/07/06
XM563387,炎の精霊,35.511091,138.792867,1,2026/05/03
XM563404,炎の精霊,35.459500,138.518519,1,2026/08/06
XM563410,水の精霊,35.472401,138.436214,2,2026/07/06
XM563413,大地の精霊,35.485300,138.463649,1,2026/07/29
XM563448,水の精霊,35.562648,138.518519,1,2026/06/03
XM563453,大地の精霊,35.562648,138.463649,2,2026/05/17
XM563453,炎の精霊,35.562648,138.463649,1,2026/07/16
XM563453,風の精霊,35.562648,138.463649,3,2026/08/05
XM563454,水の精霊,35.575532,138.436214,1,2026/04/29
XM563454,風の精霊,35.575532,138.436214,1,2026/05/19
XM563457,炎の精霊,35.588414,138.463649,1,2026/06/17
XM563458,炎の精霊,35.601294,138.436214,1,2026/05/23
XM563471,炎の精霊,35.562648,138.573388,1,2026/05/06
XM563471,風の精霊,35.562648,138.573388,2,2026/07/04
XM563477,風の精霊,35.588414,138.628258,1,2026/06/14
XM563478,水の精霊,35.601294,138.600823,2,2026/07/07
XM563478,風の精霊,35.601294,138.600823,3,2026/07/31
XM563480,大地の精霊,35.588414,138.518519,1,2026/07/27
XM563480,炎の精霊,35.588414,138.518519,1,2026/07/27
XM563481,水の精霊,35.601294,138.491084,1,2026/04/29
XM563481,炎の精霊,35.601294,138.491084,1,2026/06/27
XM563483,炎の精霊,35.601294,138.545953,1,2026/05/30
XM563484,水の精霊,35.614172,138.518519,1,2026/04/16
XM563484,風の精霊,35.614172,138.518519,1,2026/05/31
XM563488,大地の精霊,35.639921,138.518519,2,2026/06/03
XM563488,水の精霊,35.639921,138.518519,1,2026/06/29
XM563488,炎の精霊,35.639921,138.518519,1,2026/05/24
XM563488,風の精霊,35.639921,138.518519,1,2026/04/14
XM563560,大地の精霊,35.627047,138.436214,1,2026/07/25
XM563560,風の精霊,35.627047,138.436214,1,2026/05/22
XM563563,風の精霊,35.639921,138.463649,2,2026/07/21
XM563568,風の精霊,35.678530,138.436214,1,2026/05/31
XM563620,大地の精霊,35.511091,138.847737,1,2026/05/02
XM563623,大地の精霊,35.523983,138.875171,1,2026/06/16
XM563623,風の精霊,35.523983,138.875171,1,2026/06/02
XM563650,大地の精霊,35.549761,138.930041,2,2026/05/31
XM563650,水の精霊,35.549761,138.930041,1,2026/06/19
XM563650,風の精霊,35.549761,138.930041,1,2026/07/10
XM563651,風の精霊,35.562648,138.902606,1,2026/06/07
XM563653,大地の精霊,35.562648,138.957476,1,2026/07/25
XM563654,大地の精霊,35.575532,138.930041,2,2026/07/16
XM563654,水の精霊,35.575532,138.930041,1,2026/07/05
XM563657,大地の精霊,35.588414,138.957476,1,2026/05/08
XM563658,水の精霊,35.601294,138.930041,1,2026/07/05
XM563674,炎の精霊,35.575532,139.094650,1,2026/07/14
XM563683,水の精霊,35.601294,139.039781,1,2026/06/25
XM563683,風の精霊,35.601294,139.039781,1,2026/07/13
XM563685,大地の精霊,35.627047,138.984911,1,2026/07/20
XM563687,水の精霊,35.627047,139.039781,1,2026/04/26
XM563687,炎の精霊,35.627047,139.039781,1,2026/07/11
XM563687,風の精霊,35.627047,139.039781,1,2026/04/19
XM563704,炎の精霊,35.575532,138.765432,1,2026/06/19
XM563704,風の精霊,35.575532,138.765432,1,2026/07/03
XM563711,炎の精霊,35.601294,138.655693,2,2026/07/10
XM563713,風の精霊,35.601294,138.710562,1,2026/07/14
XM563714,炎の精霊,35.614172,138.683128,1,2026/05/16
XM563715,水の精霊,35.627047,138.655693,2,2026/08/05
XM563715,風の精霊,35.627047,138.655693,2,2026/05/13
XM563718,大地の精霊,35.639921,138.683128,1,2026/07/15
XM563720,大地の精霊,35.627047,138.600823,1,2026/08/01
XM563720,炎の精霊,35.627047,138.600823,1,2026/08/01
XM563721,大地の精霊,35.639921,138.573388,1,2026/06/05
XM563721,風の精霊,35.639921,138.573388,1,2026/06/07
XM563723,大地の精霊,35.639921,138.628258,1,2026/06/08
XM563723,炎の精霊,35.639921,138.628258,1,2026/08/02
XM563724,大地の精霊,35.652793,138.600823,1,2026/07/17
XM563724,風の精霊,35.652793,138.600823,2,2026/06/30
XM563728,炎の精霊,35.678530,138.600823,1,2026/04/21
XM563733,水の精霊,35.601294,138.875171,1,2026/07/19
XM563733,炎の精霊,35.601294,138.875171,1,2026/08/01
XM563740,水の精霊,35.627047,138.765432,1,2026/05/01
XM563743,炎の精霊,35.639921,138.792867,1,2026/06/17
XM563745,大地の精霊,35.665662,138.737997,1,2026/07/16
XM563745,水の精霊,35.665662,138.737997,1,2026/06/25
XM563750,大地の精霊,35.665662,138.683128,1,2026/08/06
XM563750,水の精霊,35.665662,138.683128,2,2026/07/16
XM563750,炎の精霊,35.665662,138.683128,1,2026/04/15
XM563751,風の精霊,35.678530,138.655693,1,2026/04/19
XM563754,風の精霊,35.691395,138.683128,1,2026/06/02
XM563755,水の精霊,35.704259,138.655693,1,2026/07/02
XM563755,風の精霊,35.704259,138.655693,1,2026/06/04
XM563763,風の精霊,35.639921,138.957476,1,2026/05/03
XM563781,大地の精霊,35.717120,138.737997,3,2026/06/22
XM563781,水の精霊,35.717120,138.737997,1,2026/07/03
XM563781,炎の精霊,35.717120,138.737997,1,2026/06/13
XM563784,炎の精霊,35.729979,138.765432,1,2026/06/02
XM563784,風の精霊,35.729979,138.765432,1,2026/06/11
XM563801,水の精霊,35.678530,138.491084,1,2026/06/21
XM563801,炎の精霊,35.678530,138.491084,1,2026/05/09
XM563801,風の精霊,35.678530,138.491084,1,2026/07/11
XM563805,水の精霊,35.704259,138.491084,1,2026/07/08
XM563808,大地の精霊,35.717120,138.518519,1,2026/04/18
XM563813,大地の精霊,35.717120,138.463649,2,2026/07/27
XM563813,水の精霊,35.717120,138.463649,1,2026/05/20
XM563813,風の精霊,35.717120,138.463649,1,2026/04/29
XM563814,大地の精霊,35.729979,138.436214,1,2026/06/13
XM563815,大地の精霊,35.742836,138.408779,1,2026/05/16
XM563841,風の精霊,35.755691,138.491084,1,2026/06/06
XM563850,水の精霊,35.781395,138.436214,1,2026/05/01
XM563854,大地の精霊,35.807091,138.436214,1,2026/04/17
XM563854,水の精霊,35.807091,138.436214,1,2026/05/24
XM563855,炎の精霊,35.819935,138.408779,1,2026/06/05
XM563866,大地の精霊,35.768544,138.737997,1,2026/07/19
XM564020,水の精霊,35.627047,137.613169,1,2026/07/29
XM564020,風の精霊,35.627047,137.613169,1,2026/04/12
XM564027,大地の精霊,35.665662,137.640604,1,2026/05/05
XM564033,大地の精霊,35.601294,137.887517,1,2026/05/25
XM564033,風の精霊,35.601294,137.887517,3,2026/07/14
XM564037,風の精霊,35.627047,137.887517,1,2026/05/27
XM564054,風の精霊,35.691395,137.695473,1,2026/04/29
XM564061,風の精霊,35.639921,137.914952,1,2026/05/13
XM564065,大地の精霊,35.665662,137.914952,1,2026/05/03
XM564065,風の精霊,35.665662,137.914952,1,2026/05/31
XM564068,大地の精霊,35.678530,137.942387,1,2026/05/10
XM564068,炎の精霊,35.678530,137.942387,1,2026/06/01
XM564201,水の精霊,35.794244,137.256516,1,2026/07/06
XM564201,炎の精霊,35.794244,137.256516,1,2026/08/02
XM564201,風の精霊,35.794244,137.256516,2,2026/07/26
XM564213,大地の精霊,35.832778,137.229081,1,2026/08/06
XM564213,風の精霊,35.832778,137.229081,2,2026/07/17
XM564218,大地の精霊,35.871293,137.201646,1,2026/06/25
XM564227,風の精霊,35.896960,137.146776,1,2026/07/03
XM564250,炎の精霊,35.896960,137.201646,1,2026/05/04
XM564254,水の精霊,35.922618,137.201646,1,2026/04/19
XM564254,炎の精霊,35.922618,137.201646,1,2026/05/13
XM564281,風の精霊,35.948268,137.256516,1,2026/05/13
XM564313,水の精霊,35.717120,137.969822,1,2026/04/13
XM564313,炎の精霊,35.717120,137.969822,1,2026/07/22
XM564314,大地の精霊,35.729979,137.942387,1,2026/08/08
XM564314,風の精霊,35.729979,137.942387,2,2026/07/12
XM564315,風の精霊,35.742836,137.914952,3,2026/07/25
XM564318,風の精霊,35.755691,137.942387,1,2026/04/15
XM564346,水の精霊,35.768544,138.079561,1,2026/05/04
XM564350,風の精霊,35.781395,137.942387,1,2026/07/18
XM564353,風の精霊,35.794244,137.969822,2,2026/08/04
XM564357,大地の精霊,35.819935,137.969822,1,2026/07/04
XM564357,水の精霊,35.819935,137.969822,1,2026/07/15
XM564357,風の精霊,35.819935,137.969822,2,2026/07/13
XM564358,風の精霊,35.832778,137.942387,1,2026/04/24
XM564375,水の精霊,35.819935,138.079561,1,2026/07/30
XM564375,炎の精霊,35.819935,138.079561,1,2026/07/26
XM564381,大地の精霊,35.832778,137.997257,1,2026/08/06
XM564381,風の精霊,35.832778,137.997257,1,2026/06/29
XM564383,風の精霊,35.832778,138.052126,1,2026/07/03
XM564384,炎の精霊,35.845619,138.024691,1,2026/06/19
XM564384,風の精霊,35.845619,138.024691,1,2026/04/14
XM564385,風の精霊,35.858457,137.997257,2,2026/06/07
XM564411,風の精霊,35.832778,137.668038,1,2026/07/18
XM564414,大地の精霊,35.845619,137.695473,1,2026/07/28
XM564414,炎の精霊,35.845619,137.695473,1,2026/07/25
XM564425,大地の精霊,35.896960,137.585734,1,2026/08/08
XM564425,風の精霊,35.896960,137.585734,1,2026/05/31
XM564433,風の精霊,35.832778,137.887517,1,2026/08/02
XM564441,大地の精霊,35.871293,137.750343,1,2026/05/30
XM564441,水の精霊,35.871293,137.750343,1,2026/05/26
XM564441,炎の精霊,35.871293,137.750343,2,2026/07/11
XM564441,風の精霊,35.871293,137.750343,1,2026/07/05
XM564444,風の精霊,35.884128,137.777778,1,2026/05/02
XM564460,水の精霊,35.858457,137.942387,1,2026/04/26
XM564463,風の精霊,35.871293,137.969822,1,2026/05/20
XM564464,風の精霊,35.884128,137.942387,1,2026/04/16
XM564465,大地の精霊,35.896960,137.914952,1,2026/05/12
XM564468,炎の精霊,35.909790,137.942387,1,2026/07/25
XM564468,風の精霊,35.909790,137.942387,1,2026/07/04
XM564480,風の精霊,35.935444,137.777778,2,2026/07/14
XM564630,風の精霊,35.819935,138.353909,1,2026/07/08
XM564635,風の精霊,35.858457,138.326475,1,2026/06/17
XM564643,大地の精霊,35.871293,138.299040,1,2026/05/29
XM564648,炎の精霊,35.909790,138.271605,1,2026/08/08
XM564648,風の精霊,35.909790,138.271605,1,2026/06/05
XM564653,大地の精霊,35.909790,138.216735,1,2026/08/01
XM564664,風の精霊,35.884128,138.436214,1,2026/07/12
XM564681,大地の精霊,35.948268,138.244170,1,2026/06/29
XM564681,炎の精霊,35.948268,138.244170,1,2026/06/29
XM564685,風の精霊,35.973909,138.244170,2,2026/06/10
XM564701,炎の精霊,35.909790,137.997257,2,2026/08/05
XM564701,風の精霊,35.909790,137.997257,2,2026/06/18
XM564705,炎の精霊,35.935444,137.997257,1,2026/07/02
XM564705,風の精霊,35.935444,137.997257,1,2026/06/06
XM564713,水の精霊,35.948268,137.969822,2,2026/07/29
XM564713,炎の精霊,35.948268,137.969822,1,2026/06/15
XM564713,風の精霊,35.948268,137.969822,2,2026/06/30
XM564721,大地の精霊,35.986727,137.832647,1,2026/07/12
XM564721,炎の精霊,35.986727,137.832647,1,2026/07/19
XM564721,風の精霊,35.986727,137.832647,2,2026/07/20
XM564747,大地の精霊,36.012356,138.052126,1,2026/05/16
XM564748,水の精霊,36.025167,138.024691,1,2026/06/03
XM564748,炎の精霊,36.025167,138.024691,1,2026/08/01
XM564748,風の精霊,36.025167,138.024691,2,2026/06/21
XM564757,風の精霊,36.050784,137.969822,1,2026/04/15
XM564760,水の精霊,35.973909,138.189300,1,2026/06/25
XM564760,風の精霊,35.973909,138.189300,2,2026/06/18
XM564767,炎の精霊,36.012356,138.216735,2,2026/07/24
XM564767,風の精霊,36.012356,138.216735,2,2026/07/02
XM564770,風の精霊,36.012356,138.106996,1,2026/06/06
XM564771,風の精霊,36.025167,138.079561,2,2026/07/15
XM564773,炎の精霊,36.025167,138.134431,1,2026/04/30
XM564773,風の精霊,36.025167,138.134431,1,2026/06/13
XM564774,水の精霊,36.037977,138.106996,1,2026/04/21
XM564778,水の精霊,36.063589,138.106996,1,2026/06/14
XM564780,風の精霊,36.050784,138.024691,2,2026/07/04
XM564784,炎の精霊,36.076392,138.024691,2,2026/07/18
XM564785,風の精霊,36.089193,137.997257,1,2026/06/21
XM564787,大地の精霊,36.089193,138.052126,2,2026/07/01
XM564787,水の精霊,36.089193,138.052126,2,2026/07/07
XM564787,炎の精霊,36.089193,138.052126,1,2026/07/01
XM564787,風の精霊,36.089193,138.052126,1,2026/05/03
XM564861,炎の精霊,36.101992,137.914952,1,2026/05/10
XM564861,風の精霊,36.101992,137.914952,3,2026/07/13
XM564865,大地の精霊,36.127583,137.914952,1,2026/05/07
XM564867,風の精霊,36.127583,137.969822,1,2026/05/20
XM564868,風の精霊,36.140376,137.942387,2,2026/07/01
XM564870,風の精霊,36.127583,137.860082,2,2026/06/18
XM564874,大地の精霊,36.153167,137.860082,1,2026/06/20
XM564874,炎の精霊,36.153167,137.860082,1,2026/05/27
XM564874,風の精霊,36.153167,137.860082,2,2026/07/08
XM564878,水の精霊,36.178741,137.860082,1,2026/04/22
XM564878,炎の精霊,36.178741,137.860082,2,2026/05/17
XM564878,風の精霊,36.178741,137.860082,1,2026/05/12
XM565015,炎の精霊,35.973909,136.927298,1,2026/05/22
XM565027,風の精霊,36.012356,136.899863,1,2026/08/03
XM565051,大地の精霊,36.025167,136.927298,1,2026/04/20
XM565301,風の精霊,36.025167,137.256516,1,2026/04/18
XM565304,大地の精霊,36.037977,137.283951,1,2026/06/13
XM565304,風の精霊,36.037977,137.283951,1,2026/04/18
XM565308,風の精霊,36.063589,137.283951,1,2026/07/17
XM565317,水の精霊,36.089193,137.229081,1,2026/04/18
XM565341,水の精霊,36.101992,137.256516,1,2026/04/18
XM565344,炎の精霊,36.114789,137.283951,1,2026/05/14
XM565345,大地の精霊,36.127583,137.256516,1,2026/06/05
XM565345,水の精霊,36.127583,137.256516,2,2026/08/06
XM565348,大地の精霊,36.140376,137.283951,1,2026/06/05
XM565348,炎の精霊,36.140376,137.283951,1,2026/08/07
XM565353,炎の精霊,36.140376,137.229081,1,2026/07/31
XM565353,風の精霊,36.140376,137.229081,2,2026/07/27
XM565357,大地の精霊,36.165955,137.229081,1,2026/05/08
XM565357,風の精霊,36.165955,137.229081,1,2026/07/01
XM565380,炎の精霊,36.165955,137.283951,1,2026/05/07
XM565381,水の精霊,36.178741,137.256516,1,2026/04/16
XM565387,炎の精霊,36.204308,137.311385,1,2026/07/18
XM565451,大地の精霊,36.255416,136.927298,1,2026/04/18
XM565465,風の精霊,36.242642,137.174211,1,2026/06/09
XM565470,大地の精霊,36.242642,137.119342,1,2026/07/25
XM565470,風の精霊,36.242642,137.119342,1,2026/06/12
XM565473,炎の精霊,36.255416,137.146776,1,2026/07/14
XM565474,炎の精霊,36.268188,137.119342,1,2026/05/06
XM565740,風の精霊,36.319254,137.283951,1,2026/06/30
XM565811,風の精霊,36.408539,136.927298,1,2026/05/31
XM565855,大地の精霊,36.510454,136.927298,3,2026/08/06
XM565855,炎の精霊,36.510454,136.927298,1,2026/07/18
XM566000,大地の精霊,35.549761,139.259259,3,2026/07/27
XM566000,水の精霊,35.549761,139.259259,1,2026/06/09
XM566000,風の精霊,35.549761,139.259259,1,2026/07/30
XM566001,炎の精霊,35.562648,139.231824,2,2026/04/19
XM566001,風の精霊,35.562648,139.231824,3,2026/06/21
XM566003,風の精霊,35.562648,139.286694,1,2026/04/14
XM566007,水の精霊,35.588414,139.286694,1,2026/05/16
XM566013,炎の精霊,35.601294,139.204390,1,2026/08/01
XM566015,大地の精霊,35.627047,139.149520,1,2026/04/22
XM566015,水の精霊,35.627047,139.149520,3,2026/07/25
XM566015,炎の精霊,35.627047,139.149520,1,2026/05/30
XM566020,風の精霊,35.627047,139.094650,1,2026/07/04
XM566023,風の精霊,35.639921,139.122085,1,2026/04/14
XM566030,水の精霊,35.588414,139.341564,1,2026/05/21
XM566031,水の精霊,35.601294,139.314129,1,2026/04/27
XM566031,風の精霊,35.601294,139.314129,1,2026/04/29
XM566033,風の精霊,35.601294,139.368999,1,2026/07/01
XM566037,風の精霊,35.627047,139.368999,2,2026/07/13
XM566038,大地の精霊,35.639921,139.341564,2,2026/05/04
XM566038,風の精霊,35.639921,139.341564,1,2026/07/31
XM566041,炎の精霊,35.639921,139.231824,1,2026/05/02
XM566043,風の精霊,35.639921,139.286694,1,2026/07/04
XM566044,風の精霊,35.652793,139.259259,1,2026/05/03
XM566045,大地の精霊,35.665662,139.231824,2,2026/05/29
XM566047,風の精霊,35.665662,139.286694,2,2026/07/19
XM566048,水の精霊,35.678530,139.259259,1,2026/06/26
XM566048,風の精霊,35.678530,139.259259,2,2026/06/27
XM566057,水の精霊,35.704259,139.204390,1,2026/05/12
XM566063,炎の精霊,35.639921,139.451303,2,2026/07/20
XM566067,大地の精霊,35.665662,139.451303,1,2026/06/26
XM566067,風の精霊,35.665662,139.451303,1,2026/06/29
XM566068,炎の精霊,35.678530,139.423868,3,2026/04/19
XM566068,風の精霊,35.678530,139.423868,1,2026/06/27
XM566070,風の精霊,35.665662,139.341564,1,2026/06/07
XM566073,水の精霊,35.678530,139.368999,2,2026/06/22
XM566073,炎の精霊,35.678530,139.368999,1,2026/06/11
XM566073,風の精霊,35.678530,139.368999,2,2026/07/06
XM566074,風の精霊,35.691395,139.341564,3,2026/07/23
XM566075,風の精霊,35.704259,139.314129,3,2026/07/28
XM566078,炎の精霊,35.717120,139.341564,1,2026/06/05
XM566080,水の精霊,35.704259,139.259259,1,2026/04/13
XM566080,炎の精霊,35.704259,139.259259,1,2026/04/19
XM566080,風の精霊,35.704259,139.259259,1,2026/06/23
XM566081,水の精霊,35.717120,139.231824,1,2026/06/15
XM566081,風の精霊,35.717120,139.231824,1,2026/07/03
XM566083,風の精霊,35.717120,139.286694,2,2026/06/19
XM566084,風の精霊,35.729979,139.259259,2,2026/07/31
XM566085,水の精霊,35.742836,139.231824,1,2026/05/29
XM566088,風の精霊,35.755691,139.259259,1,2026/05/08
XM566171,大地の精霊,35.794244,139.067215,1,2026/04/22
XM566174,大地の精霊,35.807091,139.094650,1,2026/05/26
XM566201,大地の精霊,35.794244,138.737997,1,2026/05/25
XM566300,大地の精霊,35.665662,139.506173,1,2026/05/07
XM566301,大地の精霊,35.678530,139.478738,1,2026/04/21
XM566303,風の精霊,35.678530,139.533608,2,2026/05/25
XM566304,水の精霊,35.691395,139.506173,1,2026/06/01
XM566304,風の精霊,35.691395,139.506173,1,2026/05/29
XM566305,大地の精霊,35.704259,139.478738,3,2026/08/04
XM566308,大地の精霊,35.717120,139.506173,3,2026/06/04
XM566310,風の精霊,35.704259,139.423868,1,2026/05/25
XM566313,炎の精霊,35.717120,139.451303,1,2026/06/26
XM566313,風の精霊,35.717120,139.451303,2,2026/07/24
XM566314,大地の精霊,35.729979,139.423868,1,2026/07/14
XM566315,水の精霊,35.742836,139.396433,1,2026/05/22
XM566315,風の精霊,35.742836,139.396433,2,2026/05/01
XM566317,大地の精霊,35.742836,139.451303,1,2026/08/04
XM566317,炎の精霊,35.742836,139.451303,2,2026/08/06
XM566318,炎の精霊,35.755691,139.423868,1,2026/06/09
XM566320,風の精霊,35.742836,139.341564,1,2026/07/07
XM566321,大地の精霊,35.755691,139.314129,1,2026/06/16
XM566321,風の精霊,35.755691,139.314129,2,2026/05/09
XM566323,水の精霊,35.755691,139.368999,1,2026/05/28
XM566323,炎の精霊,35.755691,139.368999,1,2026/07/22
XM566324,風の精霊,35.768544,139.341564,1,2026/06/02
XM566327,大地の精霊,35.781395,139.368999,2,2026/04/20
XM566327,水の精霊,35.781395,139.368999,1,2026/07/02
XM566327,風の精霊,35.781395,139.368999,1,2026/07/27
XM566328,風の精霊,35.794244,139.341564,1,2026/07/26
XM566331,風の精霊,35.717120,139.561043,2,2026/07/03
XM566333,水の精霊,35.717120,139.615912,1,2026/05/15
XM566334,風の精霊,35.729979,139.588477,1,2026/07/27
XM566337,大地の精霊,35.742836,139.615912,1,2026/04/18
XM566338,風の精霊,35.755691,139.588477,2,2026/05/26
XM566340,炎の精霊,35.742836,139.506173,1,2026/04/14
XM566341,炎の精霊,35.755691,139.478738,1,2026/07/10
XM566345,大地の精霊,35.781395,139.478738,1,2026/05/31
XM566345,風の精霊,35.781395,139.478738,1,2026/08/02
XM566347,大地の精霊,35.781395,139.533608,1,2026/06/05
XM566347,水の精霊,35.781395,139.533608,2,2026/07/19
XM566347,風の精霊,35.781395,139.533608,1,2026/07/12
XM566348,炎の精霊,35.794244,139.506173,1,2026/05/11
XM566350,風の精霊,35.781395,139.423868,1,2026/05/11
XM566353,風の精霊,35.794244,139.451303,2,2026/05/05
XM566354,風の精霊,35.807091,139.423868,1,2026/05/24
XM566357,水の精霊,35.819935,139.451303,1,2026/06/01
XM566358,炎の精霊,35.832778,139.423868,1,2026/04/22
XM566360,大地の精霊,35.742836,139.670782,2,2026/04/21
XM566360,風の精霊,35.742836,139.670782,1,2026/07/20
XM566361,大地の精霊,35.755691,139.643347,1,2026/08/03
XM566361,炎の精霊,35.755691,139.643347,1,2026/07/07
XM566361,風の精霊,35.755691,139.643347,1,2026/07/25
XM566364,水の精霊,35.768544,139.670782,2,2026/06/24
XM566365,水の精霊,35.781395,139.643347,2,2026/07/14
XM566365,風の精霊,35.781395,139.643347,3,2026/08/06
XM566367,水の精霊,35.781395,139.698217,1,2026/07/02
XM566368,風の精霊,35.794244,139.670782,1,2026/07/18
XM566370,大地の精霊,35.781395,139.588477,1,2026/05/18
XM566370,風の精霊,35.781395,139.588477,1,2026/05/04
XM566371,炎の精霊,35.794244,139.561043,1,2026/08/08
XM566373,大地の精霊,35.794244,139.615912,1,2026/05/12
XM566373,水の精霊,35.794244,139.615912,1,2026/06/01
XM566373,風の精霊,35.794244,139.615912,1,2026/06/20
XM566374,炎の精霊,35.807091,139.588477,2,2026/05/17
XM566374,風の精霊,35.807091,139.588477,1,2026/04/12
XM566375,風の精霊,35.819935,139.561043,1,2026/07/09
XM566377,炎の精霊,35.819935,139.615912,1,2026/07/26
XM566378,大地の精霊,35.832778,139.588477,1,2026/07/28
XM566381,水の精霊,35.832778,139.478738,1,2026/06/28
XM566381,風の精霊,35.832778,139.478738,1,2026/08/05
XM566383,大地の精霊,35.832778,139.533608,2,2026/06/19
XM566400,大地の精霊,35.781395,139.259259,1,2026/06/03
XM566400,炎の精霊,35.781395,139.259259,1,2026/06/03
XM566401,風の精霊,35.794244,139.231824,2,2026/06/29
XM566403,風の精霊,35.794244,139.286694,1,2026/06/17
XM566404,風の精霊,35.807091,139.259259,1,2026/07/29
XM566407,大地の精霊,35.819935,139.286694,1,2026/06/18
XM566408,風の精霊,35.832778,139.259259,1,2026/04/25
XM566413,水の精霊,35.832778,139.204390,1,2026/08/07
XM566414,風の精霊,35.845619,139.176955,1,2026/07/02
XM566430,風の精霊,35.819935,139.341564,1,2026/04/18
XM566434,大地の精霊,35.845619,139.341564,1,2026/06/24
XM566438,風の精霊,35.871293,139.341564,1,2026/05/12
XM566440,大地の精霊,35.858457,139.259259,1,2026/05/11
XM566443,水の精霊,35.871293,139.286694,1,2026/05/25
XM566443,炎の精霊,35.871293,139.286694,1,2026/06/26
XM566443,風の精霊,35.871293,139.286694,3,2026/08/04
XM566447,炎の精霊,35.896960,139.286694,2,2026/04/25
XM566450,風の精霊,35.896960,139.176955,1,2026/05/23
XM566460,水の精霊,35.858457,139.423868,1,2026/06/22
XM566461,風の精霊,35.871293,139.396433,2,2026/06/10
XM566464,風の精霊,35.884128,139.423868,2,2026/04/29
XM566465,水の精霊,35.896960,139.396433,2,2026/07/05
XM566467,風の精霊,35.896960,139.451303,1,2026/04/19
XM566468,水の精霊,35.909790,139.423868,2,2026/07/18
XM566468,炎の精霊,35.909790,139.423868,2,2026/06/01
XM566470,水の精霊,35.896960,139.341564,1,2026/05/22
XM566473,大地の精霊,35.909790,139.368999,1,2026/04/22
XM566473,炎の精霊,35.909790,139.368999,1,2026/08/07
XM566473,風の精霊,35.909790,139.368999,1,2026/06/14
XM566474,炎の精霊,35.922618,139.341564,1,2026/04/15
XM566477,大地の精霊,35.935444,139.368999,1,2026/04/17
XM566477,水の精霊,35.935444,139.368999,1,2026/05/21
XM566477,風の精霊,35.935444,139.368999,1,2026/06/24
XM566478,風の精霊,35.948268,139.341564,1,2026/07/26
XM566480,風の精霊,35.935444,139.259259,1,2026/04/26
XM566483,風の精霊,35.948268,139.286694,1,2026/05/27
XM566484,風の精霊,35.961090,139.259259,1,2026/04/30
XM566487,水の精霊,35.973909,139.286694,1,2026/06/15
XM566487,炎の精霊,35.973909,139.286694,1,2026/08/08
XM566487,風の精霊,35.973909,139.286694,1,2026/05/05
XM566508,炎の精霊,35.948268,139.012346,1,2026/08/04
XM566535,大地の精霊,35.973909,139.067215,1,2026/04/20
XM566535,風の精霊,35.973909,139.067215,2,2026/05/13
XM566537,水の精霊,35.973909,139.122085,1,2026/04/27
XM566537,炎の精霊,35.973909,139.122085,1,2026/05/15
XM566538,水の精霊,35.986727,139.094650,1,2026/07/28
XM566540,炎の精霊,35.973909,139.012346,1,2026/05/02
XM566547,炎の精霊,36.012356,139.039781,1,2026/05/28
XM566548,炎の精霊,36.025167,139.012346,1,2026/04/20
XM566571,水の精霊,36.025167,139.067215,1,2026/07/15
XM566573,水の精霊,36.025167,139.122085,1,2026/07/18
XM566574,風の精霊,36.037977,139.094650,1,2026/06/17
XM566575,風の精霊,36.050784,139.067215,1,2026/08/01
XM566577,大地の精霊,36.050784,139.122085,1,2026/04/29
XM566577,炎の精霊,36.050784,139.122085,1,2026/04/29
XM566578,風の精霊,36.063589,139.094650,1,2026/04/28
XM566600,炎の精霊,35.781395,139.753086,2,2026/07/30
XM566601,水の精霊,35.794244,139.725652,1,2026/07/16
XM566603,大地の精霊,35.794244,139.780521,1,2026/06/19
XM566603,炎の精霊,35.794244,139.780521,1,2026/06/19
XM566604,炎の精霊,35.807091,139.753086,1,2026/07/03
XM566604,風の精霊,35.807091,139.753086,1,2026/06/21
XM566605,風の精霊,35.819935,139.725652,1,2026/08/05
XM566608,大地の精霊,35.832778,139.753086,1,2026/06/15
XM566608,炎の精霊,35.832778,139.753086,2,2026/06/15
XM566611,大地の精霊,35.832778,139.643347,1,2026/05/14
XM566611,風の精霊,35.832778,139.643347,1,2026/07/08
XM566613,風の精霊,35.832778,139.698217,1,2026/08/04
XM566614,風の精霊,35.845619,139.670782,1,2026/05/23
XM566620,風の精霊,35.858457,139.588477,1,2026/06/21
XM566623,風の精霊,35.871293,139.615912,3,2026/06/22
XM566624,大地の精霊,35.884128,139.588477,1,2026/07/04
XM566624,風の精霊,35.884128,139.588477,1,2026/06/07
XM566625,炎の精霊,35.896960,139.561043,1,2026/06/02
XM566627,大地の精霊,35.896960,139.615912,1,2026/05/21
XM566631,水の精霊,35.832778,139.807956,1,2026/05/21
XM566631,炎の精霊,35.832778,139.807956,1,2026/06/12
XM566633,風の精霊,35.832778,139.862826,2,2026/07/27
XM566634,風の精霊,35.845619,139.835391,1,2026/06/26
XM566637,水の精霊,35.858457,139.862826,1,2026/07/12
XM566637,風の精霊,35.858457,139.862826,3,2026/08/03
XM566638,炎の精霊,35.871293,139.835391,1,2026/04/17
XM566638,風の精霊,35.871293,139.835391,1,2026/04/23
XM566640,大地の精霊,35.858457,139.753086,2,2026/05/29
XM566640,炎の精霊,35.858457,139.753086,2,2026/05/29
XM566641,大地の精霊,35.871293,139.725652,1,2026/08/04
XM566641,炎の精霊,35.871293,139.725652,1,2026/04/26
XM566641,風の精霊,35.871293,139.725652,1,2026/07/01
XM566644,大地の精霊,35.884128,139.753086,1,2026/05/25
XM566644,炎の精霊,35.884128,139.753086,1,2026/05/25
XM566647,水の精霊,35.896960,139.780521,1,2026/06/27
XM566648,水の精霊,35.909790,139.753086,1,2026/04/30
XM566650,水の精霊,35.896960,139.670782,1,2026/08/04
XM566650,風の精霊,35.896960,139.670782,1,2026/05/23
XM566651,風の精霊,35.909790,139.643347,1,2026/04/13
XM566655,大地の精霊,35.935444,139.643347,1,2026/06/19
XM566655,水の精霊,35.935444,139.643347,2,2026/05/21
XM566655,風の精霊,35.935444,139.643347,1,2026/05/15
XM566661,大地の精霊,35.871293,139.890261,1,2026/07/21
XM566663,炎の精霊,35.871293,139.945130,1,2026/05/12
XM566664,風の精霊,35.884128,139.917695,1,2026/07/29
XM566665,風の精霊,35.896960,139.890261,1,2026/06/10
XM566667,水の精霊,35.896960,139.945130,1,2026/05/30
XM566667,炎の精霊,35.896960,139.945130,1,2026/04/20
XM566668,水の精霊,35.909790,139.917695,1,2026/05/03
XM566668,風の精霊,35.909790,139.917695,2,2026/07/09
XM566670,大地の精霊,35.896960,139.835391,1,2026/06/03
XM566670,風の精霊,35.896960,139.835391,1,2026/07/08
XM566674,大地の精霊,35.922618,139.835391,1,2026/05/14
XM566674,炎の精霊,35.922618,139.835391,2,2026/05/14
XM566677,大地の精霊,35.935444,139.862826,1,2026/04/30
XM566680,大地の精霊,35.935444,139.753086,1,2026/06/24
XM566680,水の精霊,35.935444,139.753086,1,2026/04/30
XM566680,炎の精霊,35.935444,139.753086,1,2026/06/24
XM566681,大地の精霊,35.948268,139.725652,1,2026/08/08
XM566681,風の精霊,35.948268,139.725652,2,2026/06/28
XM566683,風の精霊,35.948268,139.780521,1,2026/04/19
XM566684,水の精霊,35.961090,139.753086,1,2026/07/18
XM566685,炎の精霊,35.973909,139.725652,1,2026/04/22
XM566685,風の精霊,35.973909,139.725652,2,2026/07/17
XM566700,風の精霊,35.896960,139.506173,1,2026/05/31
XM566701,水の精霊,35.909790,139.478738,3,2026/06/15
XM566703,水の精霊,35.909790,139.533608,1,2026/06/03
XM566703,風の精霊,35.909790,139.533608,1,2026/06/02
XM566705,炎の精霊,35.935444,139.478738,1,2026/05/25
XM566707,風の精霊,35.935444,139.533608,1,2026/05/23
XM566708,大地の精霊,35.948268,139.506173,1,2026/05/17
XM566708,炎の精霊,35.948268,139.506173,2,2026/05/20
XM566708,風の精霊,35.948268,139.506173,1,2026/05/28
XM566711,大地の精霊,35.948268,139.396433,1,2026/05/15
XM566711,炎の精霊,35.948268,139.396433,3,2026/07/14
XM566711,風の精霊,35.948268,139.396433,1,2026/05/04
XM566713,炎の精霊,35.948268,139.451303,1,2026/07/30
XM566713,風の精霊,35.948268,139.451303,1,2026/06/21
XM566714,風の精霊,35.961090,139.423868,1,2026/04/13
XM566720,風の精霊,35.973909,139.341564,1,2026/04/30
XM566724,水の精霊,35.999542,139.341564,1,2026/05/05
XM566727,炎の精霊,36.012356,139.368999,1,2026/06/28
XM566728,炎の精霊,36.025167,139.341564,2,2026/08/08
XM566730,風の精霊,35.935444,139.588477,1,2026/05/04
XM566733,大地の精霊,35.948268,139.615912,2,2026/04/21
XM566733,炎の精霊,35.948268,139.615912,2,2026/04/21
XM566734,大地の精霊,35.961090,139.588477,1,2026/07/23
XM566735,大地の精霊,35.973909,139.561043,1,2026/07/20
XM566737,大地の精霊,35.973909,139.615912,1,2026/06/01
XM566737,炎の精霊,35.973909,139.615912,2,2026/07/24
XM566738,水の精霊,35.986727,139.588477,1,2026/05/03
XM566738,炎の精霊,35.986727,139.588477,1,2026/07/16
XM566740,大地の精霊,35.973909,139.506173,1,2026/08/04
XM566740,水の精霊,35.973909,139.506173,1,2026/08/05
XM566744,水の精霊,35.999542,139.506173,1,2026/06/25
XM566745,風の精霊,36.012356,139.478738,1,2026/04/26
XM566747,大地の精霊,36.012356,139.533608,2,2026/07/29
XM566747,風の精霊,36.012356,139.533608,1,2026/06/29
XM566748,風の精霊,36.025167,139.506173,2,2026/07/17
XM566750,風の精霊,36.012356,139.423868,1,2026/05/08
XM566751,水の精霊,36.025167,139.396433,1,2026/06/08
XM566751,炎の精霊,36.025167,139.396433,1,2026/07/22
XM566753,風の精霊,36.025167,139.451303,1,2026/06/04
XM566757,大地の精霊,36.050784,139.451303,1,2026/07/21
XM566760,水の精霊,35.973909,139.670782,1,2026/06/17
XM566763,風の精霊,35.986727,139.698217,1,2026/05/01
XM566764,風の精霊,35.999542,139.670782,2,2026/07/06
XM566765,大地の精霊,36.012356,139.643347,1,2026/05/10
XM566765,水の精霊,36.012356,139.643347,1,2026/06/25
XM566765,風の精霊,36.012356,139.643347,1,2026/05/06
XM566767,風の精霊,36.012356,139.698217,1,2026/06/21
XM566770,水の精霊,36.012356,139.588477,1,2026/05/07
XM566771,大地の精霊,36.025167,139.561043,1,2026/05/14
XM566771,風の精霊,36.025167,139.561043,1,2026/07/08
XM566773,大地の精霊,36.025167,139.615912,1,2026/06/22
XM566774,大地の精霊,36.037977,139.588477,2,2026/05/18
XM566774,炎の精霊,36.037977,139.588477,1,2026/04/25
XM566775,風の精霊,36.050784,139.561043,1,2026/06/20
XM566777,大地の精霊,36.050784,139.615912,1,2026/07/14
XM566777,炎の精霊,36.050784,139.615912,3,2026/07/19
XM566777,風の精霊,36.050784,139.615912,3,2026/05/25
XM566778,風の精霊,36.063589,139.588477,1,2026/07/28
XM566781,炎の精霊,36.063589,139.478738,1,2026/07/15
XM566781,風の精霊,36.063589,139.478738,1,2026/07/03
XM566784,大地の精霊,36.076392,139.506173,1,2026/07/22
XM566784,水の精霊,36.076392,139.506173,1,2026/05/01
XM566785,大地の精霊,36.089193,139.478738,1,2026/05/15
XM566785,風の精霊,36.089193,139.478738,1,2026/05/11
XM566788,風の精霊,36.101992,139.506173,1,2026/06/14
XM566803,風の精霊,36.025167,139.286694,1,2026/04/29
XM566804,水の精霊,36.037977,139.259259,1,2026/06/15
XM566804,風の精霊,36.037977,139.259259,1,2026/06/11
XM566805,大地の精霊,36.050784,139.231824,1,2026/07/26
XM566807,大地の精霊,36.050784,139.286694,1,2026/06/22
XM566807,水の精霊,36.050784,139.286694,1,2026/04/27
XM566807,炎の精霊,36.050784,139.286694,1,2026/06/07
XM566810,風の精霊,36.050784,139.176955,1,2026/08/02
XM566817,水の精霊,36.089193,139.204390,1,2026/04/28
XM566818,水の精霊,36.101992,139.176955,1,2026/06/09
XM566824,大地の精霊,36.114789,139.094650,1,2026/07/10
XM566824,炎の精霊,36.114789,139.094650,1,2026/07/28
XM566827,風の精霊,36.127583,139.122085,1,2026/08/06
XM566830,風の精霊,36.050784,139.341564,1,2026/07/13
XM566833,大地の精霊,36.063589,139.368999,1,2026/06/17
XM566833,炎の精霊,36.063589,139.368999,1,2026/08/07
XM566834,水の精霊,36.076392,139.341564,1,2026/04/12
XM566838,大地の精霊,36.101992,139.341564,1,2026/05/14
XM566838,炎の精霊,36.101992,139.341564,1,2026/06/16
XM566838,風の精霊,36.101992,139.341564,2,2026/06/14
XM566841,大地の精霊,36.101992,139.231824,2,2026/07/27
XM566841,炎の精霊,36.101992,139.231824,1,2026/07/12
XM566841,風の精霊,36.101992,139.231824,1,2026/08/08
XM566843,炎の精霊,36.101992,139.286694,1,2026/04/18
XM566844,大地の精霊,36.114789,139.259259,1,2026/07/04
XM566844,水の精霊,36.114789,139.259259,1,2026/05/16
XM566845,水の精霊,36.127583,139.231824,2,2026/05/21
XM566845,風の精霊,36.127583,139.231824,2,2026/07/25
XM566847,水の精霊,36.127583,139.286694,1,2026/05/22
XM566847,炎の精霊,36.127583,139.286694,1,2026/06/01
XM566848,風の精霊,36.140376,139.259259,1,2026/08/03
XM566853,炎の精霊,36.140376,139.204390,1,2026/07/03
XM566854,風の精霊,36.153167,139.176955,1,2026/05/27
XM566857,風の精霊,36.165955,139.204390,1,2026/05/17
XM566858,風の精霊,36.178741,139.176955,1,2026/05/29
XM566860,大地の精霊,36.089193,139.423868,1,2026/06/09
XM566860,風の精霊,36.089193,139.423868,1,2026/04/25
XM566863,大地の精霊,36.101992,139.451303,1,2026/04/15
XM566863,水の精霊,36.101992,139.451303,1,2026/04/15
XM566863,炎の精霊,36.101992,139.451303,1,2026/05/07
XM566865,炎の精霊,36.127583,139.396433,1,2026/07/11
XM566865,風の精霊,36.127583,139.396433,2,2026/04/23
XM566868,大地の精霊,36.140376,139.423868,1,2026/05/23
XM566870,風の精霊,36.127583,139.341564,1,2026/06/05
XM566871,水の精霊,36.140376,139.314129,1,2026/07/05
XM566873,水の精霊,36.140376,139.368999,1,2026/06/26
XM566874,大地の精霊,36.153167,139.341564,1,2026/05/12
XM566874,風の精霊,36.153167,139.341564,2,2026/07/31
XM566875,大地の精霊,36.165955,139.314129,2,2026/08/06
XM566877,大地の精霊,36.165955,139.368999,1,2026/05/20
XM566878,大地の精霊,36.178741,139.341564,2,2026/06/27
XM566880,炎の精霊,36.165955,139.259259,1,2026/07/17
XM566880,風の精霊,36.165955,139.259259,1,2026/05/26
XM566883,大地の精霊,36.178741,139.286694,1,2026/05/13
XM566884,水の精霊,36.191526,139.259259,2,2026/07/18
XM566884,風の精霊,36.191526,139.259259,1,2026/05/24
XM566885,風の精霊,36.204308,139.231824,3,2026/05/31
XM566888,大地の精霊,36.217088,139.259259,1,2026/07/24
XM567010,風の精霊,35.935444,138.436214,1,2026/05/05
XM567013,風の精霊,35.948268,138.463649,1,2026/07/12
XM567044,風の精霊,35.999542,138.518519,1,2026/05/07
XM567057,風の精霊,36.050784,138.463649,1,2026/06/13
XM567085,風の精霊,36.089193,138.491084,2,2026/06/24
XM567101,風の精霊,36.025167,138.244170,1,2026/05/20
XM567108,風の精霊,36.063589,138.271605,2,2026/07/18
XM567144,風の精霊,36.114789,138.271605,1,2026/04/30
XM567163,風の精霊,36.101992,138.463649,1,2026/04/16
XM567167,大地の精霊,36.127583,138.463649,1,2026/07/09
XM567205,大地の精霊,36.165955,137.997257,2,2026/08/07
XM567205,炎の精霊,36.165955,137.997257,1,2026/07/19
XM567210,風の精霊,36.165955,137.942387,2,2026/07/07
XM567211,風の精霊,36.178741,137.914952,1,2026/05/03
XM567213,大地の精霊,36.178741,137.969822,1,2026/05/16
XM567217,炎の精霊,36.204308,137.969822,1,2026/05/29
XM567217,風の精霊,36.204308,137.969822,4,2026/07/06
XM567218,水の精霊,36.217088,137.942387,1,2026/06/25
XM567218,風の精霊,36.217088,137.942387,1,2026/04/12
XM567220,風の精霊,36.204308,137.860082,1,2026/07/17
XM567221,水の精霊,36.217088,137.832647,1,2026/04/27
XM567223,水の精霊,36.217088,137.887517,1,2026/06/04
XM567224,炎の精霊,36.229866,137.860082,1,2026/05/02
XM567225,炎の精霊,36.242642,137.832647,2,2026/06/11
XM567227,風の精霊,36.242642,137.887517,1,2026/07/03
XM567228,風の精霊,36.255416,137.860082,1,2026/06/06
XM567241,炎の精霊,36.217088,137.997257,1,2026/05/28
XM567244,大地の精霊,36.229866,138.024691,1,2026/06/09
XM567244,風の精霊,36.229866,138.024691,1,2026/07/14
XM567245,風の精霊,36.242642,137.997257,1,2026/06/18
XM567250,風の精霊,36.242642,137.942387,2,2026/07/12
XM567251,大地の精霊,36.255416,137.914952,1,2026/04/17
XM567251,風の精霊,36.255416,137.914952,1,2026/04/23
XM567253,風の精霊,36.255416,137.969822,1,2026/06/21
XM567254,大地の精霊,36.268188,137.942387,1,2026/04/14
XM567254,風の精霊,36.268188,137.942387,1,2026/07/11
XM567255,炎の精霊,36.280957,137.914952,2,2026/08/08
XM567255,風の精霊,36.280957,137.914952,1,2026/06/23
XM567257,炎の精霊,36.280957,137.969822,1,2026/04/21
XM567263,大地の精霊,36.217088,138.216735,1,2026/04/17
XM567278,大地の精霊,36.293725,138.106996,1,2026/07/07
XM567281,大地の精霊,36.293725,137.997257,1,2026/05/15
XM567281,風の精霊,36.293725,137.997257,1,2026/05/05
XM567285,水の精霊,36.319254,137.997257,1,2026/06/26
XM567285,風の精霊,36.319254,137.997257,1,2026/07/29
XM567387,炎の精霊,36.204308,138.792867,1,2026/05/25
XM567405,水の精霊,36.165955,138.491084,1,2026/07/27
XM567413,炎の精霊,36.178741,138.463649,1,2026/07/13
XM567413,風の精霊,36.178741,138.463649,2,2026/05/24
XM567417,炎の精霊,36.204308,138.463649,1,2026/05/07
XM567417,風の精霊,36.204308,138.463649,2,2026/07/17
XM567423,水の精霊,36.217088,138.381344,1,2026/04/22
XM567441,大地の精霊,36.217088,138.491084,1,2026/08/06
XM567441,風の精霊,36.217088,138.491084,1,2026/05/26
XM567445,大地の精霊,36.242642,138.491084,1,2026/07/26
XM567445,炎の精霊,36.242642,138.491084,1,2026/07/10
XM567448,水の精霊,36.255416,138.518519,1,2026/07/14
XM567448,風の精霊,36.255416,138.518519,1,2026/08/08
XM567450,水の精霊,36.242642,138.436214,1,2026/07/13
XM567454,炎の精霊,36.268188,138.436214,1,2026/04/22
XM567455,炎の精霊,36.280957,138.408779,2,2026/08/01
XM567457,水の精霊,36.280957,138.463649,1,2026/07/06
XM567458,風の精霊,36.293725,138.436214,1,2026/04/13
XM567467,水の精霊,36.242642,138.710562,1,2026/07/13
XM567485,炎の精霊,36.319254,138.491084,1,2026/08/02
XM567487,大地の精霊,36.319254,138.545953,1,2026/05/26
XM567487,水の精霊,36.319254,138.545953,1,2026/07/21
XM567488,大地の精霊,36.332015,138.518519,1,2026/07/26
XM567488,炎の精霊,36.332015,138.518519,2,2026/07/18
XM567488,風の精霊,36.332015,138.518519,2,2026/06/17
XM567505,風の精霊,36.280957,138.244170,1,2026/05/31
XM567518,風の精霊,36.332015,138.189300,1,2026/04/20
XM567530,水の精霊,36.280957,138.353909,1,2026/05/21
XM567533,炎の精霊,36.293725,138.381344,1,2026/07/29
XM567538,水の精霊,36.332015,138.353909,1,2026/05/08
XM567540,水の精霊,36.319254,138.271605,1,2026/05/04
XM567540,炎の精霊,36.319254,138.271605,1,2026/07/19
XM567543,炎の精霊,36.332015,138.299040,1,2026/08/06
XM567544,水の精霊,36.344774,138.271605,2,2026/07/22
XM567548,炎の精霊,36.370286,138.271605,2,2026/07/16
XM567550,大地の精霊,36.357531,138.189300,1,2026/07/02
XM567550,風の精霊,36.357531,138.189300,1,2026/05/26
XM567551,大地の精霊,36.370286,138.161866,1,2026/06/12
XM567553,風の精霊,36.370286,138.216735,2,2026/07/18
XM567554,風の精霊,36.383039,138.189300,1,2026/06/27
XM567557,風の精霊,36.395790,138.216735,1,2026/04/21
XM567558,風の精霊,36.408539,138.189300,1,2026/05/17
XM567560,風の精霊,36.319254,138.436214,1,2026/05/18
XM567561,水の精霊,36.332015,138.408779,1,2026/07/05
XM567564,大地の精霊,36.344774,138.436214,1,2026/07/02
XM567565,水の精霊,36.357531,138.408779,1,2026/06/28
XM567565,風の精霊,36.357531,138.408779,2,2026/07/20
XM567570,炎の精霊,36.357531,138.353909,1,2026/07/25
XM567570,風の精霊,36.357531,138.353909,3,2026/06/12
XM567571,大地の精霊,36.370286,138.326475,1,2026/04/26
XM567571,水の精霊,36.370286,138.326475,2,2026/06/10
XM567571,炎の精霊,36.370286,138.326475,2,2026/07/07
XM567571,風の精霊,36.370286,138.326475,1,2026/05/24
XM567574,炎の精霊,36.383039,138.353909,1,2026/07/27
XM567574,風の精霊,36.383039,138.353909,1,2026/07/04
XM567577,大地の精霊,36.395790,138.381344,1,2026/05/04
XM567580,水の精霊,36.395790,138.271605,1,2026/06/08
XM567581,風の精霊,36.408539,138.244170,2,2026/06/17
XM567583,大地の精霊,36.408539,138.299040,1,2026/08/03
XM567583,水の精霊,36.408539,138.299040,1,2026/05/14
XM567584,大地の精霊,36.421286,138.271605,1,2026/05/09
XM567587,大地の精霊,36.434030,138.299040,2,2026/07/06
XM567618,大地の精霊,36.217088,138.930041,1,2026/05/10
XM567623,風の精霊,36.217088,138.875171,1,2026/04/28
XM567625,大地の精霊,36.242642,138.820302,2,2026/06/24
XM567625,水の精霊,36.242642,138.820302,1,2026/07/18
XM567625,風の精霊,36.242642,138.820302,1,2026/06/21
XM567627,大地の精霊,36.242642,138.875171,1,2026/05/28
XM567627,水の精霊,36.242642,138.875171,1,2026/07/09
XM567627,炎の精霊,36.242642,138.875171,2,2026/07/04
XM567628,炎の精霊,36.255416,138.847737,1,2026/06/14
XM567628,風の精霊,36.255416,138.847737,2,2026/07/25
XM567633,大地の精霊,36.178741,139.122085,1,2026/05/14
XM567633,風の精霊,36.178741,139.122085,1,2026/07/07
XM567634,風の精霊,36.191526,139.094650,2,2026/07/22
XM567635,水の精霊,36.204308,139.067215,1,2026/05/03
XM567635,風の精霊,36.204308,139.067215,1,2026/08/03
XM567643,風の精霊,36.217088,139.039781,1,2026/05/05
XM567644,風の精霊,36.229866,139.012346,1,2026/05/28
XM567647,風の精霊,36.242642,139.039781,1,2026/04/20
XM567648,大地の精霊,36.255416,139.012346,1,2026/05/16
XM567650,大地の精霊,36.242642,138.930041,1,2026/07/29
XM567650,水の精霊,36.242642,138.930041,1,2026/05/18
XM567650,炎の精霊,36.242642,138.930041,1,2026/07/31
XM567650,風の精霊,36.242642,138.930041,1,2026/07/01
XM567654,水の精霊,36.268188,138.930041,2,2026/07/13
XM567654,風の精霊,36.268188,138.930041,1,2026/06/28
XM567655,大地の精霊,36.280957,138.902606,1,2026/06/29
XM567658,風の精霊,36.293725,138.930041,1,2026/04/26
XM567660,風の精霊,36.204308,139.176955,2,2026/05/26
XM567661,水の精霊,36.217088,139.149520,1,2026/07/02
XM567661,風の精霊,36.217088,139.149520,1,2026/07/12
XM567663,大地の精霊,36.217088,139.204390,1,2026/05/18
XM567664,炎の精霊,36.229866,139.176955,3,2026/05/30
XM567665,風の精霊,36.242642,139.149520,1,2026/04/16
XM567667,大地の精霊,36.242642,139.204390,1,2026/05/10
XM567667,炎の精霊,36.242642,139.204390,1,2026/06/26
XM567667,風の精霊,36.242642,139.204390,1,2026/07/05
XM567668,大地の精霊,36.255416,139.176955,1,2026/05/06
XM567671,炎の精霊,36.255416,139.067215,1,2026/05/23
XM567674,水の精霊,36.268188,139.094650,1,2026/04/27
XM567675,風の精霊,36.280957,139.067215,1,2026/06/23
XM567678,大地の精霊,36.293725,139.094650,1,2026/07/17
XM567678,水の精霊,36.293725,139.094650,1,2026/05/04
XM567678,風の精霊,36.293725,139.094650,1,2026/07/04
XM567680,大地の精霊,36.280957,139.012346,1,2026/06/05
XM567680,水の精霊,36.280957,139.012346,1,2026/08/08
XM567680,風の精霊,36.280957,139.012346,3,2026/07/24
XM567683,風の精霊,36.293725,139.039781,1,2026/05/22
XM567687,大地の精霊,36.319254,139.039781,1,2026/07/15
XM567687,炎の精霊,36.319254,139.039781,1,2026/06/04
XM567687,風の精霊,36.319254,139.039781,2,2026/07/26
XM567688,炎の精霊,36.332015,139.012346,1,2026/07/29
XM567688,風の精霊,36.332015,139.012346,3,2026/07/06
XM567708,大地の精霊,36.293725,138.765432,1,2026/07/10
XM567708,炎の精霊,36.293725,138.765432,2,2026/07/20
XM567723,大地の精霊,36.332015,138.628258,1,2026/08/02
XM567724,大地の精霊,36.344774,138.600823,1,2026/06/20
XM567725,風の精霊,36.357531,138.573388,1,2026/06/22
XM567727,大地の精霊,36.357531,138.628258,1,2026/07/26
XM567731,風の精霊,36.293725,138.820302,1,2026/08/04
XM567733,風の精霊,36.293725,138.875171,1,2026/05/26
XM567735,大地の精霊,36.319254,138.820302,1,2026/07/16
XM567735,風の精霊,36.319254,138.820302,1,2026/05/24
XM567738,風の精霊,36.332015,138.847737,2,2026/07/08
XM567740,水の精霊,36.319254,138.765432,1,2026/07/10
XM567743,大地の精霊,36.332015,138.792867,2,2026/06/19
XM567743,水の精霊,36.332015,138.792867,1,2026/06/26
XM567760,大地の精霊,36.319254,138.930041,1,2026/07/23
XM567760,風の精霊,36.319254,138.930041,1,2026/08/08
XM567761,風の精霊,36.332015,138.902606,2,2026/06/28
XM567763,水の精霊,36.332015,138.957476,1,2026/05/17
XM567763,炎の精霊,36.332015,138.957476,1,2026/07/14
XM567763,風の精霊,36.332015,138.957476,1,2026/07/01
XM567764,水の精霊,36.344774,138.930041,1,2026/07/25
XM567770,水の精霊,36.357531,138.847737,1,2026/05/07
XM567770,風の精霊,36.357531,138.847737,2,2026/06/29
XM567788,水の精霊,36.446773,138.765432,1,2026/07/28
XM567788,炎の精霊,36.446773,138.765432,1,2026/08/07
XM567788,風の精霊,36.446773,138.765432,1,2026/06/30
XM567814,炎の精霊,36.421286,138.436214,1,2026/05/20
XM567821,水の精霊,36.446773,138.326475,1,2026/06/09
XM567821,炎の精霊,36.446773,138.326475,1,2026/07/23
XM567870,水の精霊,36.472252,138.600823,2,2026/04/30
XM567871,大地の精霊,36.484988,138.573388,1,2026/08/02
XM568034,風の精霊,36.306490,137.860082,1,2026/06/05
XM568037,水の精霊,36.319254,137.887517,2,2026/07/09
XM568037,風の精霊,36.319254,137.887517,4,2026/07/05
XM568038,水の精霊,36.332015,137.860082,1,2026/07/10
XM568038,風の精霊,36.332015,137.860082,1,2026/06/22
XM568060,大地の精霊,36.319254,137.942387,1,2026/05/10
XM568061,風の精霊,36.332015,137.914952,1,2026/06/16
XM568068,風の精霊,36.370286,137.942387,2,2026/07/08
XM568070,炎の精霊,36.357531,137.860082,1,2026/07/18
XM568070,風の精霊,36.357531,137.860082,1,2026/05/15
XM568074,風の精霊,36.383039,137.860082,1,2026/07/13
XM568077,大地の精霊,36.395790,137.887517,1,2026/08/06
XM568078,風の精霊,36.408539,137.860082,1,2026/04/28
XM568218,風の精霊,36.561361,137.201646,1,2026/07/12
XM568220,炎の精霊,36.548637,137.119342,1,2026/06/12
XM568223,水の精霊,36.561361,137.146776,1,2026/04/21
XM568223,風の精霊,36.561361,137.146776,1,2026/04/29
XM568225,大地の精霊,36.586802,137.091907,2,2026/08/01
XM568225,炎の精霊,36.586802,137.091907,1,2026/08/01
XM568225,風の精霊,36.586802,137.091907,3,2026/07/17
XM568227,大地の精霊,36.586802,137.146776,1,2026/07/24
XM568227,炎の精霊,36.586802,137.146776,1,2026/06/24
XM568227,風の精霊,36.586802,137.146776,2,2026/06/10
XM568228,炎の精霊,36.599519,137.119342,1,2026/04/23
XM568228,風の精霊,36.599519,137.119342,1,2026/04/15
XM568245,炎の精霊,36.586802,137.256516,1,2026/05/14
XM568248,炎の精霊,36.599519,137.283951,1,2026/07/03
XM568248,風の精霊,36.599519,137.283951,2,2026/08/08
XM568250,大地の精霊,36.586802,137.201646,1,2026/05/19
XM568250,水の精霊,36.586802,137.201646,1,2026/04/15
XM568250,風の精霊,36.586802,137.201646,1,2026/06/14
XM568253,炎の精霊,36.599519,137.229081,1,2026/04/12
XM568254,大地の精霊,36.612235,137.201646,1,2026/04/30
XM568254,炎の精霊,36.612235,137.201646,1,2026/04/30
XM568255,水の精霊,36.624948,137.174211,1,2026/04/14
XM568257,風の精霊,36.624948,137.229081,1,2026/05/23
XM568270,炎の精霊,36.586802,137.366255,1,2026/04/12
XM568280,炎の精霊,36.624948,137.283951,1,2026/05/15
XM568280,風の精霊,36.624948,137.283951,3,2026/07/09
XM568281,大地の精霊,36.637659,137.256516,1,2026/05/28
XM568281,風の精霊,36.637659,137.256516,1,2026/08/08
XM568284,大地の精霊,36.650368,137.283951,2,2026/07/03
XM568284,炎の精霊,36.650368,137.283951,3,2026/07/28
XM568284,風の精霊,36.650368,137.283951,1,2026/07/05
XM568285,炎の精霊,36.663075,137.256516,1,2026/06/28
XM568287,水の精霊,36.663075,137.311385,1,2026/07/13
XM568288,大地の精霊,36.675780,137.283951,1,2026/07/27
XM568288,炎の精霊,36.675780,137.283951,1,2026/05/03
XM568300,水の精霊,36.357531,138.024691,1,2026/07/29
XM568305,風の精霊,36.395790,137.997257,1,2026/04/30
XM568314,炎の精霊,36.421286,137.942387,1,2026/06/17
XM568320,炎の精霊,36.434030,137.860082,1,2026/05/14
XM568324,大地の精霊,36.459513,137.860082,2,2026/06/17
XM568324,炎の精霊,36.459513,137.860082,2,2026/07/28
XM568324,風の精霊,36.459513,137.860082,1,2026/04/30
XM568325,炎の精霊,36.472252,137.832647,1,2026/07/24
XM568328,大地の精霊,36.484988,137.860082,1,2026/07/23
XM568340,水の精霊,36.434030,138.024691,1,2026/05/09
XM568360,大地の精霊,36.434030,138.189300,1,2026/07/27
XM568364,水の精霊,36.459513,138.189300,1,2026/05/30
XM568365,風の精霊,36.472252,138.161866,1,2026/06/18
XM568373,大地の精霊,36.484988,138.134431,1,2026/05/25
XM568373,風の精霊,36.484988,138.134431,1,2026/04/13
XM568374,水の精霊,36.497722,138.106996,1,2026/07/20
XM568375,大地の精霊,36.510454,138.079561,1,2026/08/02
XM568381,風の精霊,36.523184,137.997257,1,2026/06/14
XM568407,水の精霊,36.510454,137.805213,1,2026/05/18
XM568430,炎の精霊,36.510454,137.860082,1,2026/07/22
XM568433,水の精霊,36.523184,137.887517,1,2026/05/01
XM568473,大地の精霊,36.599519,137.887517,1,2026/06/05
XM568474,水の精霊,36.612235,137.860082,1,2026/04/19
XM568521,大地の精霊,36.675780,137.338820,1,2026/04/30
XM568521,風の精霊,36.675780,137.338820,1,2026/04/28
XM568524,大地の精霊,36.688482,137.366255,1,2026/06/20
XM568524,風の精霊,36.688482,137.366255,1,2026/07/16
XM568527,炎の精霊,36.701183,137.393690,1,2026/07/05
XM568611,大地の精霊,36.523184,138.161866,1,2026/04/18
XM568611,水の精霊,36.523184,138.161866,1,2026/05/12
XM568615,大地の精霊,36.548637,138.161866,1,2026/08/05
XM568615,水の精霊,36.548637,138.161866,1,2026/07/21
XM568615,炎の精霊,36.548637,138.161866,1,2026/08/08
XM568618,大地の精霊,36.561361,138.189300,1,2026/06/28
XM568618,水の精霊,36.561361,138.189300,2,2026/04/24
XM568618,風の精霊,36.561361,138.189300,1,2026/06/02
XM568620,大地の精霊,36.548637,138.106996,1,2026/05/29
XM568620,炎の精霊,36.548637,138.106996,2,2026/07/09
XM568623,水の精霊,36.561361,138.134431,1,2026/05/04
XM568623,風の精霊,36.561361,138.134431,1,2026/08/01
XM568624,風の精霊,36.574083,138.106996,1,2026/07/18
XM568627,炎の精霊,36.586802,138.134431,2,2026/07/28
XM568627,風の精霊,36.586802,138.134431,2,2026/06/21
XM568641,風の精霊,36.561361,138.244170,1,2026/04/13
XM568645,大地の精霊,36.586802,138.244170,1,2026/08/07
XM568645,風の精霊,36.586802,138.244170,2,2026/06/15
XM568650,風の精霊,36.586802,138.189300,1,2026/07/13
XM568651,大地の精霊,36.599519,138.161866,1,2026/04/13
XM568651,炎の精霊,36.599519,138.161866,2,2026/05/11
XM568651,風の精霊,36.599519,138.161866,1,2026/06/15
XM568654,水の精霊,36.612235,138.189300,1,2026/06/25
XM568654,風の精霊,36.612235,138.189300,2,2026/08/06
XM568655,風の精霊,36.624948,138.161866,1,2026/06/05
XM568658,大地の精霊,36.637659,138.189300,1,2026/06/16
XM568658,炎の精霊,36.637659,138.189300,1,2026/07/17
XM568674,水の精霊,36.612235,138.353909,1,2026/05/01
XM568675,大地の精霊,36.624948,138.326475,1,2026/08/08
XM568675,炎の精霊,36.624948,138.326475,1,2026/05/17
XM568675,風の精霊,36.624948,138.326475,2,2026/07/05
XM568678,風の精霊,36.637659,138.353909,1,2026/07/02
XM568680,水の精霊,36.624948,138.271605,1,2026/04/16
XM568680,風の精霊,36.624948,138.271605,1,2026/04/18
XM568681,大地の精霊,36.637659,138.244170,2,2026/05/15
XM568681,風の精霊,36.637659,138.244170,2,2026/07/13
XM568683,風の精霊,36.637659,138.299040,1,2026/05/13
XM568684,炎の精霊,36.650368,138.271605,1,2026/06/06
XM568685,風の精霊,36.663075,138.244170,2,2026/06/15
XM568687,大地の精霊,36.663075,138.299040,3,2026/08/03
XM568720,風の精霊,36.663075,137.860082,1,2026/04/15
XM568724,水の精霊,36.688482,137.860082,1,2026/05/05
XM568728,大地の精霊,36.713881,137.860082,1,2026/06/01
XM568728,水の精霊,36.713881,137.860082,1,2026/07/13
XM568760,水の精霊,36.663075,138.189300,1,2026/07/25
XM568760,風の精霊,36.663075,138.189300,1,2026/07/03
XM568763,水の精霊,36.675780,138.216735,1,2026/05/24
XM568764,水の精霊,36.688482,138.189300,2,2026/07/11
XM568764,風の精霊,36.688482,138.189300,2,2026/07/23
XM568777,風の精霊,36.739272,138.134431,1,2026/07/12
XM568825,水の精霊,36.815394,137.585734,1,2026/06/03
XM570630,風の精霊,36.165955,136.131687,1,2026/06/17
XM570634,炎の精霊,36.191526,136.131687,1,2026/06/09
XM570634,風の精霊,36.191526,136.131687,1,2026/05/23
XM570637,大地の精霊,36.204308,136.159122,1,2026/06/25
XM570637,炎の精霊,36.204308,136.159122,1,2026/07/03
XM570637,風の精霊,36.204308,136.159122,1,2026/07/29
XM570660,炎の精霊,36.204308,136.213992,1,2026/04/23
XM570661,風の精霊,36.217088,136.186557,1,2026/06/07
XM570663,大地の精霊,36.217088,136.241427,2,2026/06/24
XM570664,大地の精霊,36.229866,136.213992,1,2026/05/13
XM570664,風の精霊,36.229866,136.213992,1,2026/06/27
XM570665,水の精霊,36.242642,136.186557,1,2026/06/02
XM570667,水の精霊,36.242642,136.241427,2,2026/06/26
XM570668,大地の精霊,36.255416,136.213992,1,2026/07/10
XM570670,大地の精霊,36.242642,136.131687,1,2026/06/11
XM570670,水の精霊,36.242642,136.131687,3,2026/07/27
XM573004,大地の精霊,36.268188,136.296296,1,2026/04/22
XM573004,水の精霊,36.268188,136.296296,1,2026/05/15
XM573007,水の精霊,36.280957,136.323731,3,2026/07/25
XM573007,風の精霊,36.280957,136.323731,1,2026/08/02
XM573008,大地の精霊,36.293725,136.296296,1,2026/05/22
XM573008,水の精霊,36.293725,136.296296,1,2026/05/16
XM573008,炎の精霊,36.293725,136.296296,1,2026/07/12
XM573008,風の精霊,36.293725,136.296296,1,2026/06/09
XM573013,炎の精霊,36.293725,136.241427,1,2026/06/07
XM573013,風の精霊,36.293725,136.241427,1,2026/08/08
XM573031,大地の精霊,36.293725,136.351166,1,2026/04/14
XM573031,水の精霊,36.293725,136.351166,1,2026/08/04
XM573031,炎の精霊,36.293725,136.351166,1,2026/04/14
XM573031,風の精霊,36.293725,136.351166,1,2026/06/18
XM573035,風の精霊,36.319254,136.351166,1,2026/05/27
XM573037,水の精霊,36.319254,136.406036,1,2026/07/01
XM573037,風の精霊,36.319254,136.406036,2,2026/07/08
XM573038,炎の精霊,36.332015,136.378601,1,2026/07/15
XM573038,風の精霊,36.332015,136.378601,1,2026/07/16
XM573040,風の精霊,36.319254,136.296296,1,2026/04/30
XM573043,水の精霊,36.332015,136.323731,1,2026/07/22
XM573043,炎の精霊,36.332015,136.323731,2,2026/05/30
XM573047,水の精霊,36.357531,136.323731,1,2026/04/15
XM573047,炎の精霊,36.357531,136.323731,1,2026/08/07
XM573047,風の精霊,36.357531,136.323731,1,2026/07/02
XM573060,風の精霊,36.319254,136.460905,1,2026/06/27
XM573061,水の精霊,36.332015,136.433471,1,2026/07/25
XM573061,炎の精霊,36.332015,136.433471,1,2026/04/29
XM573061,風の精霊,36.332015,136.433471,2,2026/07/11
XM573067,炎の精霊,36.357531,136.488340,1,2026/04/12
XM573068,大地の精霊,36.370286,136.460905,1,2026/08/03
XM573070,水の精霊,36.357531,136.378601,2,2026/06/30
XM573070,風の精霊,36.357531,136.378601,1,2026/04/19
XM573074,炎の精霊,36.383039,136.378601,1,2026/06/05
XM573304,大地の精霊,36.383039,136.543210,1,2026/04/16
XM573304,風の精霊,36.383039,136.543210,1,2026/05/25
XM573305,大地の精霊,36.395790,136.515775,1,2026/07/20
XM573305,水の精霊,36.395790,136.515775,1,2026/07/11
XM573305,炎の精霊,36.395790,136.515775,1,2026/05/27
XM573305,風の精霊,36.395790,136.515775,1,2026/07/16
XM573308,大地の精霊,36.408539,136.543210,1,2026/05/07
XM573311,大地の精霊,36.408539,136.433471,1,2026/05/06
XM573311,風の精霊,36.408539,136.433471,1,2026/07/23
XM573313,風の精霊,36.408539,136.488340,1,2026/05/03
XM573314,大地の精霊,36.421286,136.460905,1,2026/06/29
XM573314,風の精霊,36.421286,136.460905,1,2026/04/20
XM573315,大地の精霊,36.434030,136.433471,1,2026/04/25
XM573315,炎の精霊,36.434030,136.433471,1,2026/04/25
XM573317,大地の精霊,36.434030,136.488340,2,2026/08/06
XM573317,炎の精霊,36.434030,136.488340,1,2026/06/11
XM573318,水の精霊,36.446773,136.460905,1,2026/06/23
XM573318,風の精霊,36.446773,136.460905,2,2026/06/17
XM573330,炎の精霊,36.395790,136.625514,1,2026/07/14
XM573333,風の精霊,36.408539,136.652949,1,2026/05/01
XM573334,炎の精霊,36.421286,136.625514,1,2026/07/17
XM573335,大地の精霊,36.434030,136.598080,1,2026/05/20
XM573335,炎の精霊,36.434030,136.598080,1,2026/05/12
XM573338,大地の精霊,36.446773,136.625514,2,2026/07/27
XM573338,炎の精霊,36.446773,136.625514,1,2026/07/27
XM573338,風の精霊,36.446773,136.625514,1,2026/06/04
XM573340,大地の精霊,36.434030,136.543210,1,2026/05/05
XM573340,炎の精霊,36.434030,136.543210,1,2026/07/18
XM573340,風の精霊,36.434030,136.543210,1,2026/04/22
XM573341,風の精霊,36.446773,136.515775,1,2026/05/15
XM573343,風の精霊,36.446773,136.570645,1,2026/08/04
XM573347,水の精霊,36.472252,136.570645,1,2026/04/20
XM573347,風の精霊,36.472252,136.570645,1,2026/06/06
XM573348,風の精霊,36.484988,136.543210,2,2026/07/31
XM573353,大地の精霊,36.484988,136.488340,3,2026/08/01
XM573353,水の精霊,36.484988,136.488340,2,2026/06/16
XM573353,炎の精霊,36.484988,136.488340,1,2026/07/28
XM573353,風の精霊,36.484988,136.488340,1,2026/06/07
XM573375,水の精霊,36.510454,136.598080,1,2026/06/03
XM573375,炎の精霊,36.510454,136.598080,1,2026/06/11
XM573378,水の精霊,36.523184,136.625514,2,2026/06/26
XM573378,風の精霊,36.523184,136.625514,2,2026/06/09
XM573380,大地の精霊,36.510454,136.543210,1,2026/04/21
XM573380,水の精霊,36.510454,136.543210,1,2026/07/10
XM573380,炎の精霊,36.510454,136.543210,2,2026/04/21
XM573380,風の精霊,36.510454,136.543210,1,2026/06/15
XM573383,大地の精霊,36.523184,136.570645,1,2026/06/17
XM573387,炎の精霊,36.548637,136.570645,1,2026/08/06
XM573610,炎の精霊,36.510454,136.707819,1,2026/05/07
XM573610,風の精霊,36.510454,136.707819,1,2026/06/28
XM573611,水の精霊,36.523184,136.680384,1,2026/07/22
XM573614,炎の精霊,36.535912,136.707819,1,2026/08/03
XM573614,風の精霊,36.535912,136.707819,1,2026/07/16
XM573620,大地の精霊,36.548637,136.625514,1,2026/07/14
XM573621,炎の精霊,36.561361,136.598080,2,2026/07/15
XM573624,大地の精霊,36.574083,136.625514,1,2026/06/18
XM573625,風の精霊,36.586802,136.598080,1,2026/07/23
XM573628,水の精霊,36.599519,136.625514,1,2026/07/02
XM573628,風の精霊,36.599519,136.625514,1,2026/07/04
XM573633,水の精霊,36.523184,136.899863,1,2026/04/12
XM573634,大地の精霊,36.535912,136.872428,1,2026/07/10
XM573635,風の精霊,36.548637,136.844993,1,2026/06/24
XM573637,風の精霊,36.548637,136.899863,1,2026/07/30
XM573638,風の精霊,36.561361,136.872428,1,2026/07/19
XM573647,風の精霊,36.586802,136.817558,1,2026/05/08
XM573651,水の精霊,36.599519,136.680384,2,2026/07/31
XM573651,風の精霊,36.599519,136.680384,1,2026/06/04
XM573654,風の精霊,36.612235,136.707819,1,2026/05/27
XM573655,大地の精霊,36.624948,136.680384,2,2026/08/04
XM573658,大地の精霊,36.637659,136.707819,1,2026/05/11
XM573658,風の精霊,36.637659,136.707819,1,2026/07/30
XM573664,大地の精霊,36.574083,136.954733,1,2026/05/16
XM573664,炎の精霊,36.574083,136.954733,1,2026/04/14
XM573665,水の精霊,36.586802,136.927298,1,2026/08/08
XM573667,水の精霊,36.586802,136.982167,2,2026/06/26
XM573667,炎の精霊,36.586802,136.982167,2,2026/07/28
XM573668,大地の精霊,36.599519,136.954733,1,2026/05/06
XM573668,水の精霊,36.599519,136.954733,2,2026/07/06
XM573668,風の精霊,36.599519,136.954733,2,2026/07/07
XM573670,大地の精霊,36.586802,136.872428,1,2026/06/04
XM573670,炎の精霊,36.586802,136.872428,2,2026/07/25
XM573673,炎の精霊,36.599519,136.899863,1,2026/05/22
XM573675,炎の精霊,36.624948,136.844993,1,2026/08/06
XM573675,風の精霊,36.624948,136.844993,2,2026/07/27
XM573677,水の精霊,36.624948,136.899863,1,2026/07/13
XM573677,風の精霊,36.624948,136.899863,1,2026/07/04
XM573685,水の精霊,36.663075,136.762689,1,2026/06/26
XM573687,大地の精霊,36.663075,136.817558,1,2026/05/06
XM573687,風の精霊,36.663075,136.817558,1,2026/05/31
XM573688,炎の精霊,36.675780,136.790123,2,2026/05/05
XM573688,風の精霊,36.675780,136.790123,2,2026/06/07
XM573730,水の精霊,36.624948,136.625514,1,2026/05/30
XM573730,風の精霊,36.624948,136.625514,1,2026/07/01
XM573737,水の精霊,36.663075,136.652949,1,2026/05/28
XM573737,風の精霊,36.663075,136.652949,1,2026/05/13
XM573760,大地の精霊,36.663075,136.707819,1,2026/07/20
XM573760,水の精霊,36.663075,136.707819,3,2026/08/06
XM573760,風の精霊,36.663075,136.707819,1,2026/05/22
XM573763,風の精霊,36.675780,136.735254,1,2026/07/03
XM573764,風の精霊,36.688482,136.707819,2,2026/06/06
XM573765,炎の精霊,36.701183,136.680384,1,2026/07/11
XM573765,風の精霊,36.701183,136.680384,1,2026/07/08
XM573767,大地の精霊,36.701183,136.735254,1,2026/05/09
XM573767,炎の精霊,36.701183,136.735254,1,2026/08/02
XM573767,風の精霊,36.701183,136.735254,1,2026/04/19
XM573768,大地の精霊,36.713881,136.707819,1,2026/06/30
XM576003,風の精霊,36.599519,137.064472,1,2026/05/08
XM576004,水の精霊,36.612235,137.037037,1,2026/05/07
XM576005,大地の精霊,36.624948,137.009602,1,2026/06/12
XM576008,大地の精霊,36.637659,137.037037,1,2026/05/26
XM576008,炎の精霊,36.637659,137.037037,1,2026/05/28
XM576008,風の精霊,36.637659,137.037037,4,2026/08/01
XM576010,炎の精霊,36.624948,136.954733,2,2026/07/01
XM576011,炎の精霊,36.637659,136.927298,1,2026/08/02
XM576013,水の精霊,36.637659,136.982167,1,2026/06/29
XM576018,大地の精霊,36.675780,136.954733,2,2026/06/14
XM576018,炎の精霊,36.675780,136.954733,1,2026/06/10
XM576018,風の精霊,36.675780,136.954733,1,2026/04/30
XM576020,大地の精霊,36.663075,136.872428,1,2026/06/23
XM576020,水の精霊,36.663075,136.872428,1,2026/06/08
XM576020,風の精霊,36.663075,136.872428,1,2026/06/06
XM576021,水の精霊,36.675780,136.844993,1,2026/04/24
XM576023,炎の精霊,36.675780,136.899863,1,2026/04/17
XM576030,風の精霊,36.624948,137.119342,1,2026/07/11
XM576031,炎の精霊,36.637659,137.091907,1,2026/05/05
XM576033,水の精霊,36.637659,137.146776,1,2026/06/25
XM576034,炎の精霊,36.650368,137.119342,1,2026/07/31
XM576034,風の精霊,36.650368,137.119342,1,2026/06/04
XM576037,大地の精霊,36.663075,137.146776,1,2026/05/27
XM576037,水の精霊,36.663075,137.146776,1,2026/06/03
XM576038,大地の精霊,36.675780,137.119342,1,2026/07/29
XM576038,水の精霊,36.675780,137.119342,1,2026/06/08
XM576041,大地の精霊,36.675780,137.009602,1,2026/06/16
XM576043,風の精霊,36.675780,137.064472,1,2026/07/11
XM576044,風の精霊,36.688482,137.037037,2,2026/07/14
XM576045,炎の精霊,36.701183,137.009602,1,2026/06/24
XM576045,風の精霊,36.701183,137.009602,2,2026/07/30
XM576048,大地の精霊,36.713881,137.037037,1,2026/05/14
XM576051,風の精霊,36.713881,136.927298,1,2026/05/09
XM576053,風の精霊,36.713881,136.982167,3,2026/05/23
XM576058,大地の精霊,36.751964,136.954733,1,2026/05/17
XM576060,大地の精霊,36.663075,137.201646,1,2026/06/01
XM576060,水の精霊,36.663075,137.201646,2,2026/07/02
XM576060,風の精霊,36.663075,137.201646,1,2026/04/24
XM576061,大地の精霊,36.675780,137.174211,2,2026/07/14
XM576061,炎の精霊,36.675780,137.174211,1,2026/04/16
XM576067,炎の精霊,36.701183,137.229081,1,2026/07/18
XM576067,風の精霊,36.701183,137.229081,1,2026/04/23
XM576068,水の精霊,36.713881,137.201646,1,2026/06/02
XM576068,風の精霊,36.713881,137.201646,1,2026/05/21
XM576070,水の精霊,36.701183,137.119342,2,2026/05/22
XM576070,風の精霊,36.701183,137.119342,2,2026/06/29
XM576073,炎の精霊,36.713881,137.146776,1,2026/06/24
XM576074,炎の精霊,36.726578,137.119342,1,2026/07/10
XM576078,大地の精霊,36.751964,137.119342,2,2026/07/22
XM576078,風の精霊,36.751964,137.119342,1,2026/07/25
XM576080,風の精霊,36.739272,137.037037,1,2026/08/04
XM576084,大地の精霊,36.764654,137.037037,1,2026/05/30
XM576084,風の精霊,36.764654,137.037037,1,2026/06/24
XM576085,炎の精霊,36.777342,137.009602,1,2026/07/11
XM576088,大地の精霊,36.790028,137.037037,1,2026/06/17
XM576108,炎の精霊,36.751964,136.790123,1,2026/05/05
XM576110,風の精霊,36.739272,136.707819,1,2026/05/09
XM576113,風の精霊,36.751964,136.735254,1,2026/08/02
XM576114,水の精霊,36.764654,136.707819,1,2026/07/13
XM576117,風の精霊,36.777342,136.735254,1,2026/05/27
XM576137,大地の精霊,36.777342,136.899863,1,2026/04/18
XM576141,大地の精霊,36.790028,136.762689,1,2026/04/26
XM576141,水の精霊,36.790028,136.762689,1,2026/06/03
XM576141,炎の精霊,36.790028,136.762689,1,2026/04/26
XM576141,風の精霊,36.790028,136.762689,3,2026/07/16
XM576145,水の精霊,36.815394,136.762689,1,2026/07/02
XM576145,風の精霊,36.815394,136.762689,1,2026/07/01
XM576167,水の精霊,36.815394,136.982167,1,2026/07/29
XM576168,大地の精霊,36.828073,136.954733,1,2026/08/05
XM576177,大地の精霊,36.853426,136.899863,1,2026/07/07
XM576177,炎の精霊,36.853426,136.899863,1,2026/07/22
XM576177,風の精霊,36.853426,136.899863,1,2026/06/18
XM576180,風の精霊,36.853426,136.790123,1,2026/04/24
XM576181,大地の精霊,36.866100,136.762689,1,2026/08/01
XM576183,大地の精霊,36.866100,136.817558,1,2026/05/18
XM576183,炎の精霊,36.866100,136.817558,1,2026/05/04
XM576184,大地の精霊,36.878771,136.790123,2,2026/07/14
XM576184,水の精霊,36.878771,136.790123,1,2026/07/26
XM576184,炎の精霊,36.878771,136.790123,1,2026/08/08
XM576185,大地の精霊,36.891440,136.762689,1,2026/06/14
XM576185,水の精霊,36.891440,136.762689,1,2026/04/30
XM576185,風の精霊,36.891440,136.762689,1,2026/07/17
XM576300,風の精霊,36.701183,137.283951,2,2026/05/20
XM576301,大地の精霊,36.713881,137.256516,1,2026/04/17
XM576301,風の精霊,36.713881,137.256516,1,2026/06/06
XM576304,炎の精霊,36.726578,137.283951,1,2026/05/13
XM576305,炎の精霊,36.739272,137.256516,2,2026/07/24
XM576307,炎の精霊,36.739272,137.311385,1,2026/06/17
XM576307,風の精霊,36.739272,137.311385,4,2026/06/30
XM576310,大地の精霊,36.739272,137.201646,2,2026/08/01
XM576311,水の精霊,36.751964,137.174211,1,2026/07/15
XM576311,炎の精霊,36.751964,137.174211,1,2026/05/16
XM576311,風の精霊,36.751964,137.174211,1,2026/04/13
XM576313,大地の精霊,36.751964,137.229081,1,2026/07/04
XM576313,風の精霊,36.751964,137.229081,2,2026/07/26
XM576320,大地の精霊,36.777342,137.119342,1,2026/06/14
XM576320,水の精霊,36.777342,137.119342,1,2026/07/13
XM576320,炎の精霊,36.777342,137.119342,2,2026/07/27
XM576320,風の精霊,36.777342,137.119342,3,2026/07/16
XM576330,水の精霊,36.739272,137.366255,1,2026/07/06
XM576330,炎の精霊,36.739272,137.366255,1,2026/06/01
XM576334,風の精霊,36.764654,137.366255,1,2026/06/30
XM576337,風の精霊,36.777342,137.393690,1,2026/04/16
XM576338,大地の精霊,36.790028,137.366255,1,2026/04/17
XM576338,炎の精霊,36.790028,137.366255,1,2026/04/17
XM576365,水の精霊,36.815394,137.421125,1,2026/07/29
XM576368,大地の精霊,36.828073,137.448560,1,2026/06/05
XM576373,大地の精霊,36.828073,137.393690,1,2026/07/27
XM576373,炎の精霊,36.828073,137.393690,3,2026/07/27
XM576373,風の精霊,36.828073,137.393690,2,2026/08/06
XM576400,炎の精霊,36.815394,137.037037,1,2026/05/04
XM576400,風の精霊,36.815394,137.037037,3,2026/06/12
XM576401,水の精霊,36.828073,137.009602,1,2026/05/23
XM576401,風の精霊,36.828073,137.009602,1,2026/07/06
XM576410,大地の精霊,36.853426,136.954733,1,2026/07/08
XM576413,炎の精霊,36.866100,136.982167,2,2026/08/07
XM576415,水の精霊,36.891440,136.927298,1,2026/05/24
XM576415,風の精霊,36.891440,136.927298,1,2026/07/31
XM576417,炎の精霊,36.891440,136.982167,2,2026/06/30
XM576418,炎の精霊,36.904107,136.954733,1,2026/08/01
XM576425,風の精霊,36.929434,136.844993,1,2026/07/12
XM576428,水の精霊,36.942095,136.872428,2,2026/06/25
XM576428,炎の精霊,36.942095,136.872428,1,2026/08/06
XM576441,大地の精霊,36.904107,137.009602,1,2026/06/19
XM576441,水の精霊,36.904107,137.009602,1,2026/06/08
XM576441,炎の精霊,36.904107,137.009602,2,2026/06/13
XM576441,風の精霊,36.904107,137.009602,2,2026/07/22
XM576455,大地の精霊,36.967410,136.927298,1,2026/05/21
XM576455,水の精霊,36.967410,136.927298,3,2026/07/06
XM576455,風の精霊,36.967410,136.927298,2,2026/07/02
XM576500,炎の精霊,36.929434,136.790123,1,2026/05/20
XM576501,炎の精霊,36.942095,136.762689,1,2026/08/01
XM576503,大地の精霊,36.942095,136.817558,1,2026/07/24
XM576530,炎の精霊,36.967410,136.872428,1,2026/08/02
XM576530,風の精霊,36.967410,136.872428,1,2026/06/18
XM576531,炎の精霊,36.980065,136.844993,1,2026/06/17
XM576531,風の精霊,36.980065,136.844993,1,2026/05/16
XM576533,水の精霊,36.980065,136.899863,1,2026/05/27
XM576541,大地の精霊,37.018015,136.762689,1,2026/05/11
XM576544,大地の精霊,37.030661,136.790123,2,2026/07/01
XM576544,風の精霊,37.030661,136.790123,1,2026/07/05
XM576545,水の精霊,37.043305,136.762689,2,2026/04/25
XM576553,炎の精霊,37.055947,136.735254,1,2026/05/19
XM576557,水の精霊,37.081224,136.735254,1,2026/04/18
XM576561,風の精霊,37.018015,136.927298,1,2026/06/23
XM576563,風の精霊,37.018015,136.982167,1,2026/07/31
XM576564,大地の精霊,37.030661,136.954733,1,2026/08/05
XM576568,水の精霊,37.055947,136.954733,1,2026/07/26
XM576568,風の精霊,37.055947,136.954733,2,2026/07/19
XM576571,炎の精霊,37.055947,136.844993,1,2026/05/31
XM576574,大地の精霊,37.068586,136.872428,1,2026/07/23
XM576574,水の精霊,37.068586,136.872428,2,2026/07/13
XM576575,風の精霊,37.081224,136.844993,1,2026/06/22
XM576577,風の精霊,37.081224,136.899863,1,2026/04/29
XM576581,大地の精霊,37.093859,136.762689,1,2026/06/05
XM576607,水の精霊,36.853426,137.558299,1,2026/06/12
XM576610,風の精霊,36.853426,137.448560,2,2026/05/31
XM576611,炎の精霊,36.866100,137.421125,1,2026/04/17
XM576611,風の精霊,36.866100,137.421125,1,2026/06/08
XM576613,風の精霊,36.866100,137.475995,1,2026/07/30
XM576614,大地の精霊,36.878771,137.448560,1,2026/05/17
XM576614,水の精霊,36.878771,137.448560,1,2026/04/27
XM576615,大地の精霊,36.891440,137.421125,1,2026/04/14
XM576615,風の精霊,36.891440,137.421125,1,2026/05/28
XM576617,水の精霊,36.891440,137.475995,1,2026/05/21
XM576617,炎の精霊,36.891440,137.475995,1,2026/05/15
XM576617,風の精霊,36.891440,137.475995,1,2026/07/09
XM576618,水の精霊,36.904107,137.448560,1,2026/07/25
XM576618,風の精霊,36.904107,137.448560,1,2026/07/06
XM576631,炎の精霊,36.866100,137.585734,1,2026/05/16
XM576644,水の精霊,36.916772,137.530864,1,2026/05/12
XM576644,風の精霊,36.916772,137.530864,1,2026/04/25
XM576647,大地の精霊,36.929434,137.558299,1,2026/04/12
XM576650,炎の精霊,36.929434,137.448560,1,2026/06/11
XM576653,大地の精霊,36.942095,137.475995,1,2026/06/10
XM576653,風の精霊,36.942095,137.475995,1,2026/06/18
XM576801,大地の精霊,37.055947,137.009602,1,2026/06/12
XM576801,水の精霊,37.055947,137.009602,2,2026/07/13
XM576801,炎の精霊,37.055947,137.009602,1,2026/07/23
XM576801,風の精霊,37.055947,137.009602,2,2026/06/28
XM576804,大地の精霊,37.068586,137.037037,1,2026/04/19
XM576808,炎の精霊,37.093859,137.037037,1,2026/05/05
XM576808,風の精霊,37.093859,137.037037,1,2026/05/14
XM576823,風の精霊,37.131753,136.899863,1,2026/05/08
XM576824,大地の精霊,37.144380,136.872428,2,2026/07/06
XM576824,水の精霊,37.144380,136.872428,2,2026/08/08
XM577367,風の精霊,37.157005,136.735254,1,2026/05/05
XM577618,大地の精霊,37.245320,136.707819,1,2026/05/10
XM577637,水の精霊,37.232710,136.899863,1,2026/06/08
XM577637,炎の精霊,37.232710,136.899863,2,2026/07/17
XM577677,水の精霊,37.308339,136.899863,1,2026/05/28
XM577677,風の精霊,37.308339,136.899863,1,2026/07/11
XM722021,大地の精霊,35.639921,140.548697,1,2026/07/13
XM722021,水の精霊,35.639921,140.548697,1,2026/06/15
XM722021,炎の精霊,35.639921,140.548697,1,2026/06/12
XM722021,風の精霊,35.639921,140.548697,1,2026/04/26
XM722024,大地の精霊,35.652793,140.576132,1,2026/06/27
XM722055,大地の精霊,35.704259,140.631001,1,2026/07/20
XM722077,大地の精霊,35.704259,140.850480,1,2026/06/06
XM722077,水の精霊,35.704259,140.850480,1,2026/06/29
XM722077,風の精霊,35.704259,140.850480,2,2026/07/09
XM722078,大地の精霊,35.717120,140.823045,1,2026/05/29
XM722078,水の精霊,35.717120,140.823045,1,2026/05/30
XM722078,風の精霊,35.717120,140.823045,1,2026/04/18
XM722081,水の精霊,35.717120,140.713306,1,2026/05/12
XM722081,風の精霊,35.717120,140.713306,1,2026/06/26
XM722083,水の精霊,35.717120,140.768176,1,2026/05/13
XM722083,風の精霊,35.717120,140.768176,1,2026/05/08
XM722088,水の精霊,35.755691,140.740741,1,2026/06/25
XM722101,大地の精霊,35.678530,140.466392,1,2026/07/17
XM722103,風の精霊,35.678530,140.521262,1,2026/06/18
XM722110,大地の精霊,35.704259,140.411523,1,2026/04/25
XM722110,風の精霊,35.704259,140.411523,2,2026/04/16
XM722111,水の精霊,35.717120,140.384088,1,2026/05/24
XM722111,風の精霊,35.717120,140.384088,2,2026/07/29
XM722115,大地の精霊,35.742836,140.384088,2,2026/07/22
XM722115,炎の精霊,35.742836,140.384088,1,2026/04/17
XM722120,大地の精霊,35.742836,140.329218,1,2026/07/18
XM722127,大地の精霊,35.781395,140.356653,1,2026/07/21
XM722127,水の精霊,35.781395,140.356653,1,2026/06/08
XM722130,炎の精霊,35.704259,140.576132,1,2026/06/06
XM722138,風の精霊,35.755691,140.576132,2,2026/05/10
XM722150,水の精霊,35.781395,140.411523,1,2026/05/21
XM722153,水の精霊,35.794244,140.438957,1,2026/06/03
XM722154,大地の精霊,35.807091,140.411523,1,2026/06/04
XM722155,風の精霊,35.819935,140.384088,1,2026/07/01
XM722157,炎の精霊,35.819935,140.438957,1,2026/06/16
XM722160,水の精霊,35.742836,140.658436,1,2026/06/08
XM722167,水の精霊,35.781395,140.685871,1,2026/06/27
XM722168,炎の精霊,35.794244,140.658436,1,2026/07/29
XM722181,炎の精霊,35.832778,140.466392,1,2026/04/26
XM722184,風の精霊,35.845619,140.493827,1,2026/05/08
XM722185,大地の精霊,35.858457,140.466392,2,2026/06/13
XM722185,水の精霊,35.858457,140.466392,1,2026/06/05
XM722185,炎の精霊,35.858457,140.466392,2,2026/05/15
XM722187,風の精霊,35.858457,140.521262,1,2026/07/25
XM722188,大地の精霊,35.871293,140.493827,1,2026/05/02
XM722188,炎の精霊,35.871293,140.493827,1,2026/07/23
XM722200,水の精霊,35.781395,140.246914,1,2026/05/09
XM722201,水の精霊,35.794244,140.219479,1,2026/06/09
XM722201,風の精霊,35.794244,140.219479,1,2026/07/01
XM722203,風の精霊,35.794244,140.274348,1,2026/05/31
XM722207,大地の精霊,35.819935,140.274348,1,2026/07/25
XM722211,大地の精霊,35.832778,140.137174,1,2026/06/23
XM722214,大地の精霊,35.845619,140.164609,1,2026/05/10
XM722215,水の精霊,35.858457,140.137174,1,2026/07/30
XM722215,風の精霊,35.858457,140.137174,1,2026/07/27
XM722217,炎の精霊,35.858457,140.192044,1,2026/05/03
XM722217,風の精霊,35.858457,140.192044,2,2026/07/06
XM722218,水の精霊,35.871293,140.164609,1,2026/05/25
XM722218,風の精霊,35.871293,140.164609,2,2026/05/30
XM722221,大地の精霊,35.871293,140.054870,1,2026/06/17
XM722221,風の精霊,35.871293,140.054870,2,2026/04/20
XM722223,大地の精霊,35.871293,140.109739,1,2026/07/07
XM722223,水の精霊,35.871293,140.109739,1,2026/05/22
XM722223,風の精霊,35.871293,140.109739,1,2026/05/07
XM722224,炎の精霊,35.884128,140.082305,1,2026/07/09
XM722228,水の精霊,35.909790,140.082305,1,2026/06/27
XM722228,炎の精霊,35.909790,140.082305,1,2026/06/06
XM722231,風の精霊,35.832778,140.301783,1,2026/04/12
XM722233,大地の精霊,35.832778,140.356653,1,2026/05/07
XM722233,炎の精霊,35.832778,140.356653,1,2026/05/07
XM722238,水の精霊,35.871293,140.329218,1,2026/04/26
XM722240,風の精霊,35.858457,140.246914,1,2026/07/04
XM722244,大地の精霊,35.884128,140.246914,1,2026/06/03
XM722244,水の精霊,35.884128,140.246914,2,2026/07/14
XM722244,風の精霊,35.884128,140.246914,1,2026/07/13
XM722245,大地の精霊,35.896960,140.219479,1,2026/08/02
XM722245,風の精霊,35.896960,140.219479,1,2026/04/30
XM722250,炎の精霊,35.896960,140.164609,2,2026/07/23
XM722251,風の精霊,35.909790,140.137174,1,2026/08/02
XM722253,水の精霊,35.909790,140.192044,1,2026/07/02
XM722253,炎の精霊,35.909790,140.192044,1,2026/05/01
XM722253,風の精霊,35.909790,140.192044,2,2026/07/28
XM722255,大地の精霊,35.935444,140.137174,1,2026/08/01
XM722255,炎の精霊,35.935444,140.137174,1,2026/08/01
XM722257,風の精霊,35.935444,140.192044,2,2026/07/10
XM722258,炎の精霊,35.948268,140.164609,2,2026/06/12
XM722258,風の精霊,35.948268,140.164609,2,2026/07/08
XM722260,大地の精霊,35.858457,140.411523,1,2026/07/09
XM722260,風の精霊,35.858457,140.411523,1,2026/06/04
XM722263,風の精霊,35.871293,140.438957,1,2026/06/24
XM722267,風の精霊,35.896960,140.438957,1,2026/05/06
XM722268,水の精霊,35.909790,140.411523,1,2026/04/15
XM722268,風の精霊,35.909790,140.411523,1,2026/04/28
XM722270,風の精霊,35.896960,140.329218,1,2026/07/07
XM722274,風の精霊,35.922618,140.329218,1,2026/07/07
XM722278,大地の精霊,35.948268,140.329218,1,2026/06/16
XM722278,炎の精霊,35.948268,140.329218,1,2026/05/27
XM722278,風の精霊,35.948268,140.329218,1,2026/07/28
XM722285,大地の精霊,35.973909,140.219479,2,2026/06/29
XM722285,水の精霊,35.973909,140.219479,1,2026/04/24
XM722285,炎の精霊,35.973909,140.219479,2,2026/07/08
XM722285,風の精霊,35.973909,140.219479,1,2026/06/28
XM722288,炎の精霊,35.986727,140.246914,1,2026/05/11
XM722320,大地の精霊,35.742836,140.823045,1,2026/08/04
XM722320,水の精霊,35.742836,140.823045,1,2026/07/14
XM722325,水の精霊,35.781395,140.795610,1,2026/05/22
XM722401,水の精霊,35.794244,140.713306,2,2026/06/05
XM722401,風の精霊,35.794244,140.713306,1,2026/04/16
XM722404,大地の精霊,35.807091,140.740741,1,2026/07/26
XM722404,炎の精霊,35.807091,140.740741,1,2026/08/08
XM722405,大地の精霊,35.819935,140.713306,1,2026/06/04
XM722407,大地の精霊,35.819935,140.768176,1,2026/05/02
XM722407,炎の精霊,35.819935,140.768176,1,2026/05/11
XM722407,風の精霊,35.819935,140.768176,1,2026/08/03
XM722408,大地の精霊,35.832778,140.740741,1,2026/06/01
XM722408,炎の精霊,35.832778,140.740741,1,2026/06/17
XM722410,水の精霊,35.819935,140.658436,1,2026/04/26
XM722411,炎の精霊,35.832778,140.631001,1,2026/07/09
XM722413,炎の精霊,35.832778,140.685871,1,2026/05/24
XM722413,風の精霊,35.832778,140.685871,1,2026/05/09
XM722414,大地の精霊,35.845619,140.658436,1,2026/05/28
XM722414,風の精霊,35.845619,140.658436,1,2026/07/28
XM722417,大地の精霊,35.858457,140.685871,1,2026/07/10
XM722418,炎の精霊,35.871293,140.658436,1,2026/07/27
XM722418,風の精霊,35.871293,140.658436,1,2026/06/23
XM722420,大地の精霊,35.858457,140.576132,1,2026/05/17
XM722423,水の精霊,35.871293,140.603567,1,2026/05/15
XM722424,炎の精霊,35.884128,140.576132,1,2026/07/29
XM722425,風の精霊,35.896960,140.548697,1,2026/04/30
XM722428,水の精霊,35.909790,140.576132,1,2026/05/28
XM722428,炎の精霊,35.909790,140.576132,1,2026/06/01
XM722440,大地の精霊,35.858457,140.740741,1,2026/05/30
XM722440,水の精霊,35.858457,140.740741,1,2026/07/18
XM722440,炎の精霊,35.858457,140.740741,1,2026/06/11
XM722441,水の精霊,35.871293,140.713306,1,2026/04/24
XM722441,炎の精霊,35.871293,140.713306,1,2026/06/29
XM722441,風の精霊,35.871293,140.713306,1,2026/07/13
XM722445,大地の精霊,35.896960,140.713306,1,2026/05/16
XM722445,炎の精霊,35.896960,140.713306,1,2026/05/27
XM722451,風の精霊,35.909790,140.631001,1,2026/07/04
XM722453,大地の精霊,35.909790,140.685871,1,2026/07/07
XM722453,風の精霊,35.909790,140.685871,1,2026/05/13
XM722454,大地の精霊,35.922618,140.658436,2,2026/05/22
XM722454,風の精霊,35.922618,140.658436,1,2026/05/07
XM722458,大地の精霊,35.948268,140.658436,1,2026/04/17
XM722500,炎の精霊,35.896960,140.493827,2,2026/05/11
XM722500,風の精霊,35.896960,140.493827,1,2026/07/30
XM722501,風の精霊,35.909790,140.466392,1,2026/05/24
XM722503,大地の精霊,35.909790,140.521262,1,2026/06/14
XM722504,大地の精霊,35.922618,140.493827,1,2026/04/14
XM722505,水の精霊,35.935444,140.466392,2,2026/05/01
XM722505,風の精霊,35.935444,140.466392,1,2026/05/12
XM722507,炎の精霊,35.935444,140.521262,1,2026/05/10
XM722508,水の精霊,35.948268,140.493827,3,2026/06/06
XM722511,水の精霊,35.948268,140.384088,1,2026/04/27
XM722513,風の精霊,35.948268,140.438957,1,2026/04/21
XM722514,水の精霊,35.961090,140.411523,1,2026/06/27
XM722520,水の精霊,35.973909,140.329218,1,2026/04/25
XM722520,炎の精霊,35.973909,140.329218,2,2026/06/02
XM722521,風の精霊,35.986727,140.301783,2,2026/06/23
XM722527,風の精霊,36.012356,140.356653,1,2026/05/30
XM722528,炎の精霊,36.025167,140.329218,1,2026/05/16
XM722531,大地の精霊,35.948268,140.548697,1,2026/05/02
XM722531,風の精霊,35.948268,140.548697,2,2026/07/21
XM722534,水の精霊,35.961090,140.576132,1,2026/05/30
XM722534,風の精霊,35.961090,140.576132,1,2026/07/11
XM722535,風の精霊,35.973909,140.548697,1,2026/07/16
XM722537,水の精霊,35.973909,140.603567,1,2026/06/21
XM722537,風の精霊,35.973909,140.603567,2,2026/06/20
XM722543,大地の精霊,35.986727,140.521262,2,2026/08/06
XM722544,炎の精霊,35.999542,140.493827,1,2026/06/05
XM722547,風の精霊,36.012356,140.521262,1,2026/06/22
XM722557,炎の精霊,36.050784,140.438957,1,2026/04/25
XM722561,大地の精霊,35.986727,140.631001,1,2026/05/31
XM722564,大地の精霊,35.999542,140.658436,1,2026/06/11
XM722564,水の精霊,35.999542,140.658436,2,2026/06/27
XM722565,風の精霊,36.012356,140.631001,1,2026/07/09
XM722573,風の精霊,36.025167,140.603567,1,2026/04/24
XM722574,炎の精霊,36.037977,140.576132,2,2026/05/19
XM722577,大地の精霊,36.050784,140.603567,1,2026/08/07
XM722578,風の精霊,36.063589,140.576132,1,2026/07/23
XM722581,炎の精霊,36.063589,140.466392,1,2026/05/22
XM722583,水の精霊,36.063589,140.521262,1,2026/05/10
XM722588,水の精霊,36.101992,140.493827,1,2026/06/07
XM722828,大地の精霊,36.140376,140.576132,1,2026/05/23
XM722828,炎の精霊,36.140376,140.576132,1,2026/05/24
XM722828,風の精霊,36.140376,140.576132,1,2026/07/29
XM800001,大地の精霊,35.909790,139.972565,1,2026/07/24
XM800003,炎の精霊,35.909790,140.027435,1,2026/05/31
XM800003,風の精霊,35.909790,140.027435,1,2026/05/18
XM800005,大地の精霊,35.935444,139.972565,1,2026/06/22
XM800014,大地の精霊,35.961090,139.917695,1,2026/07/23
XM800014,水の精霊,35.961090,139.917695,1,2026/08/02
XM800014,風の精霊,35.961090,139.917695,1,2026/07/19
XM800015,水の精霊,35.973909,139.890261,1,2026/05/01
XM800017,水の精霊,35.973909,139.945130,1,2026/05/03
XM800020,炎の精霊,35.973909,139.835391,1,2026/07/03
XM800025,風の精霊,36.012356,139.807956,1,2026/04/19
XM800027,大地の精霊,36.012356,139.862826,1,2026/05/18
XM800027,水の精霊,36.012356,139.862826,1,2026/05/20
XM800027,炎の精霊,36.012356,139.862826,1,2026/06/12
XM800027,風の精霊,36.012356,139.862826,1,2026/05/29
XM800028,風の精霊,36.025167,139.835391,1,2026/06/11
XM800030,大地の精霊,35.935444,140.082305,1,2026/06/08
XM800031,風の精霊,35.948268,140.054870,2,2026/06/07
XM800034,大地の精霊,35.961090,140.082305,1,2026/07/16
XM800034,水の精霊,35.961090,140.082305,1,2026/08/03
XM800035,大地の精霊,35.973909,140.054870,1,2026/06/09
XM800035,炎の精霊,35.973909,140.054870,3,2026/08/07
XM800040,炎の精霊,35.973909,140.000000,1,2026/04/15
XM800041,大地の精霊,35.986727,139.972565,1,2026/07/15
XM800041,風の精霊,35.986727,139.972565,3,2026/07/27
XM800043,大地の精霊,35.986727,140.027435,1,2026/05/19
XM800044,炎の精霊,35.999542,140.000000,1,2026/07/20
XM800044,風の精霊,35.999542,140.000000,2,2026/06/09
XM800048,炎の精霊,36.025167,140.000000,1,2026/07/02
XM800048,風の精霊,36.025167,140.000000,1,2026/07/28
XM800050,風の精霊,36.012356,139.917695,1,2026/04/14
XM800053,水の精霊,36.025167,139.945130,1,2026/05/22
XM800054,炎の精霊,36.037977,139.917695,1,2026/07/22
XM800055,水の精霊,36.050784,139.890261,1,2026/06/21
XM800055,炎の精霊,36.050784,139.890261,1,2026/04/18
XM800055,風の精霊,36.050784,139.890261,1,2026/07/07
XM800057,大地の精霊,36.050784,139.945130,1,2026/05/07
XM800057,水の精霊,36.050784,139.945130,1,2026/05/02
XM800057,炎の精霊,36.050784,139.945130,1,2026/05/07
XM800060,水の精霊,35.973909,140.164609,1,2026/07/20
XM800060,炎の精霊,35.973909,140.164609,1,2026/06/22
XM800061,風の精霊,35.986727,140.137174,1,2026/07/09
XM800064,大地の精霊,35.999542,140.164609,1,2026/07/25
XM800064,水の精霊,35.999542,140.164609,1,2026/04/27
XM800064,風の精霊,35.999542,140.164609,1,2026/06/07
XM800067,風の精霊,36.012356,140.192044,1,2026/04/20
XM800068,大地の精霊,36.025167,140.164609,1,2026/04/21
XM800068,炎の精霊,36.025167,140.164609,1,2026/07/26
XM800068,風の精霊,36.025167,140.164609,1,2026/05/08
XM800070,水の精霊,36.012356,140.082305,1,2026/04/16
XM800070,炎の精霊,36.012356,140.082305,3,2026/06/29
XM800074,水の精霊,36.037977,140.082305,2,2026/06/15
XM800074,風の精霊,36.037977,140.082305,1,2026/07/06
XM800075,大地の精霊,36.050784,140.054870,1,2026/06/13
XM800077,大地の精霊,36.050784,140.109739,2,2026/08/03
XM800080,大地の精霊,36.050784,140.000000,1,2026/04/23
XM800080,炎の精霊,36.050784,140.000000,1,2026/06/05
XM800081,水の精霊,36.063589,139.972565,1,2026/07/21
XM800081,炎の精霊,36.063589,139.972565,2,2026/07/05
XM800081,風の精霊,36.063589,139.972565,2,2026/06/22
XM800083,大地の精霊,36.063589,140.027435,1,2026/04/13
XM800083,炎の精霊,36.063589,140.027435,1,2026/04/13
XM800085,大地の精霊,36.089193,139.972565,1,2026/05/16
XM800085,水の精霊,36.089193,139.972565,1,2026/04/27
XM800087,大地の精霊,36.089193,140.027435,1,2026/04/21
XM800087,水の精霊,36.089193,140.027435,1,2026/04/12
XM800100,炎の精霊,36.012356,139.753086,1,2026/07/11
XM800100,風の精霊,36.012356,139.753086,1,2026/07/25
XM800101,風の精霊,36.025167,139.725652,1,2026/05/31
XM800103,炎の精霊,36.025167,139.780521,1,2026/07/10
XM800104,大地の精霊,36.037977,139.753086,1,2026/07/12
XM800104,水の精霊,36.037977,139.753086,1,2026/05/30
XM800105,水の精霊,36.050784,139.725652,1,2026/07/05
XM800105,風の精霊,36.050784,139.725652,1,2026/07/31
XM800107,炎の精霊,36.050784,139.780521,2,2026/04/15
XM800108,水の精霊,36.063589,139.753086,1,2026/05/22
XM800108,風の精霊,36.063589,139.753086,2,2026/04/29
XM800110,風の精霊,36.050784,139.670782,2,2026/04/24
XM800114,炎の精霊,36.076392,139.670782,1,2026/05/16
XM800115,炎の精霊,36.089193,139.643347,1,2026/06/12
XM800115,風の精霊,36.089193,139.643347,2,2026/07/04
XM800118,水の精霊,36.101992,139.670782,1,2026/05/21
XM800120,大地の精霊,36.089193,139.588477,1,2026/05/30
XM800120,水の精霊,36.089193,139.588477,2,2026/07/19
XM800121,風の精霊,36.101992,139.561043,1,2026/06/21
XM800124,大地の精霊,36.114789,139.588477,1,2026/05/13
XM800125,炎の精霊,36.127583,139.561043,1,2026/07/21
XM800125,風の精霊,36.127583,139.561043,1,2026/08/03
XM800127,大地の精霊,36.127583,139.615912,1,2026/08/06
XM800131,風の精霊,36.063589,139.807956,1,2026/05/14
XM800133,大地の精霊,36.063589,139.862826,1,2026/04/28
XM800134,大地の精霊,36.076392,139.835391,1,2026/05/26
XM800134,風の精霊,36.076392,139.835391,1,2026/06/26
XM800137,炎の精霊,36.089193,139.862826,1,2026/07/10
XM800137,風の精霊,36.089193,139.862826,2,2026/06/06
XM800138,大地の精霊,36.101992,139.835391,2,2026/07/14
XM800138,水の精霊,36.101992,139.835391,1,2026/06/03
XM800140,水の精霊,36.089193,139.753086,1,2026/07/30
XM800141,炎の精霊,36.101992,139.725652,2,2026/04/22
XM800144,大地の精霊,36.114789,139.753086,1,2026/07/23
XM800144,炎の精霊,36.114789,139.753086,1,2026/05/14
XM800144,風の精霊,36.114789,139.753086,1,2026/05/27
XM800145,大地の精霊,36.127583,139.725652,3,2026/07/25
XM800145,炎の精霊,36.127583,139.725652,1,2026/06/16
XM800145,風の精霊,36.127583,139.725652,1,2026/06/07
XM800147,風の精霊,36.127583,139.780521,2,2026/07/27
XM800148,大地の精霊,36.140376,139.753086,1,2026/07/16
XM800150,大地の精霊,36.127583,139.670782,1,2026/04/26
XM800150,風の精霊,36.127583,139.670782,1,2026/07/22
XM800151,風の精霊,36.140376,139.643347,1,2026/06/18
XM800153,水の精霊,36.140376,139.698217,1,2026/06/19
XM800153,風の精霊,36.140376,139.698217,1,2026/05/04
XM800154,水の精霊,36.153167,139.670782,1,2026/06/12
XM800154,風の精霊,36.153167,139.670782,1,2026/05/07
XM800155,風の精霊,36.165955,139.643347,1,2026/06/29
XM800160,風の精霊,36.089193,139.917695,2,2026/07/11
XM800163,風の精霊,36.101992,139.945130,1,2026/04/29
XM800164,風の精霊,36.114789,139.917695,1,2026/04/16
XM800165,風の精霊,36.127583,139.890261,1,2026/07/06
XM800167,水の精霊,36.127583,139.945130,1,2026/04/24
XM800170,大地の精霊,36.127583,139.835391,1,2026/04/28
XM800170,炎の精霊,36.127583,139.835391,1,2026/04/20
XM800170,風の精霊,36.127583,139.835391,1,2026/08/06
XM800173,水の精霊,36.140376,139.862826,1,2026/05/28
XM800173,風の精霊,36.140376,139.862826,1,2026/05/03
XM800175,大地の精霊,36.165955,139.807956,1,2026/05/19
XM800183,大地の精霊,36.178741,139.780521,1,2026/04/15
XM800183,水の精霊,36.178741,139.780521,1,2026/07/02
XM800183,炎の精霊,36.178741,139.780521,1,2026/04/15
XM800183,風の精霊,36.178741,139.780521,2,2026/07/19
XM800184,大地の精霊,36.191526,139.753086,1,2026/05/24
XM800184,風の精霊,36.191526,139.753086,1,2026/07/07
XM800187,風の精霊,36.204308,139.780521,1,2026/07/09
XM800188,風の精霊,36.217088,139.753086,1,2026/07/17
XM800200,炎の精霊,36.127583,139.506173,1,2026/06/19
XM800200,風の精霊,36.127583,139.506173,1,2026/05/06
XM800204,大地の精霊,36.153167,139.506173,1,2026/07/20
XM800204,風の精霊,36.153167,139.506173,1,2026/05/08
XM800205,大地の精霊,36.165955,139.478738,1,2026/05/19
XM800205,風の精霊,36.165955,139.478738,1,2026/05/27
XM800207,大地の精霊,36.165955,139.533608,1,2026/07/10
XM800208,炎の精霊,36.178741,139.506173,1,2026/08/07
XM800208,風の精霊,36.178741,139.506173,2,2026/06/02
XM800210,水の精霊,36.165955,139.423868,1,2026/04/16
XM800211,炎の精霊,36.178741,139.396433,1,2026/04/21
XM800211,風の精霊,36.178741,139.396433,1,2026/07/04
XM800213,水の精霊,36.178741,139.451303,1,2026/06/13
XM800214,大地の精霊,36.191526,139.423868,1,2026/04/19
XM800214,風の精霊,36.191526,139.423868,1,2026/07/13
XM800215,炎の精霊,36.204308,139.396433,1,2026/07/23
XM800215,風の精霊,36.204308,139.396433,1,2026/07/08
XM800217,大地の精霊,36.204308,139.451303,1,2026/05/24
XM800217,水の精霊,36.204308,139.451303,1,2026/06/18
XM800218,炎の精霊,36.217088,139.423868,1,2026/08/01
XM800220,大地の精霊,36.204308,139.341564,1,2026/07/16
XM800220,炎の精霊,36.204308,139.341564,1,2026/07/16
XM800221,大地の精霊,36.217088,139.314129,1,2026/05/10
XM800221,水の精霊,36.217088,139.314129,1,2026/07/20
XM800223,風の精霊,36.217088,139.368999,3,2026/06/03
XM800224,風の精霊,36.229866,139.341564,1,2026/04/19
XM800225,大地の精霊,36.242642,139.314129,2,2026/06/28
XM800227,水の精霊,36.242642,139.368999,1,2026/05/21
XM800228,水の精霊,36.255416,139.341564,1,2026/04/20
XM800228,炎の精霊,36.255416,139.341564,1,2026/05/18
XM800231,風の精霊,36.178741,139.561043,1,2026/04/26
XM800235,風の精霊,36.204308,139.561043,1,2026/04/24
XM800238,大地の精霊,36.217088,139.588477,1,2026/05/14
XM800238,水の精霊,36.217088,139.588477,1,2026/07/05
XM800240,水の精霊,36.204308,139.506173,2,2026/06/03
XM800240,炎の精霊,36.204308,139.506173,1,2026/06/08
XM800241,大地の精霊,36.217088,139.478738,1,2026/07/14
XM800241,風の精霊,36.217088,139.478738,2,2026/07/01
XM800243,風の精霊,36.217088,139.533608,1,2026/05/17
XM800244,風の精霊,36.229866,139.506173,1,2026/06/26
XM800245,風の精霊,36.242642,139.478738,1,2026/08/02
XM800247,水の精霊,36.242642,139.533608,1,2026/04/27
XM800247,炎の精霊,36.242642,139.533608,1,2026/04/14
XM800248,風の精霊,36.255416,139.506173,1,2026/05/04
XM800250,水の精霊,36.242642,139.423868,1,2026/04/28
XM800250,風の精霊,36.242642,139.423868,1,2026/08/01
XM800251,風の精霊,36.255416,139.396433,2,2026/05/22
XM800254,大地の精霊,36.268188,139.423868,2,2026/08/05
XM800254,炎の精霊,36.268188,139.423868,1,2026/06/01
XM800254,風の精霊,36.268188,139.423868,1,2026/04/14
XM800257,水の精霊,36.280957,139.451303,2,2026/05/24
XM800257,風の精霊,36.280957,139.451303,1,2026/06/27
XM800258,大地の精霊,36.293725,139.423868,2,2026/06/04
XM800258,炎の精霊,36.293725,139.423868,1,2026/07/21
XM800260,水の精霊,36.204308,139.670782,1,2026/06/22
XM800270,大地の精霊,36.242642,139.588477,2,2026/05/13
XM800270,風の精霊,36.242642,139.588477,1,2026/07/08
XM800271,大地の精霊,36.255416,139.561043,1,2026/07/15
XM800271,水の精霊,36.255416,139.561043,1,2026/07/23
XM800271,風の精霊,36.255416,139.561043,1,2026/06/28
XM800273,大地の精霊,36.255416,139.615912,1,2026/05/20
XM800275,水の精霊,36.280957,139.561043,1,2026/06/25
XM800280,風の精霊,36.280957,139.506173,2,2026/07/20
XM800283,大地の精霊,36.293725,139.533608,1,2026/07/06
XM800284,風の精霊,36.306490,139.506173,1,2026/04/23
XM800285,水の精霊,36.319254,139.478738,1,2026/04/12
XM800285,風の精霊,36.319254,139.478738,3,2026/06/11
XM800287,風の精霊,36.319254,139.533608,1,2026/05/27
XM800300,大地の精霊,36.012356,140.246914,1,2026/05/17
XM800301,大地の精霊,36.025167,140.219479,1,2026/06/02
XM800301,水の精霊,36.025167,140.219479,1,2026/06/23
XM800301,炎の精霊,36.025167,140.219479,1,2026/06/05
XM800303,水の精霊,36.025167,140.274348,1,2026/04/19
XM800303,炎の精霊,36.025167,140.274348,1,2026/05/27
XM800303,風の精霊,36.025167,140.274348,1,2026/06/24
XM800304,大地の精霊,36.037977,140.246914,1,2026/04/22
XM800304,炎の精霊,36.037977,140.246914,1,2026/07/23
XM800305,大地の精霊,36.050784,140.219479,3,2026/06/14
XM800305,水の精霊,36.050784,140.219479,1,2026/07/07
XM800305,炎の精霊,36.050784,140.219479,1,2026/07/14
XM800305,風の精霊,36.050784,140.219479,1,2026/08/02
XM800310,炎の精霊,36.050784,140.164609,1,2026/05/23
XM800311,大地の精霊,36.063589,140.137174,1,2026/08/07
XM800311,風の精霊,36.063589,140.137174,1,2026/06/30
XM800313,風の精霊,36.063589,140.192044,1,2026/05/01
XM800314,大地の精霊,36.076392,140.164609,1,2026/05/19
XM800315,炎の精霊,36.089193,140.137174,2,2026/08/01
XM800317,風の精霊,36.089193,140.192044,1,2026/07/28
XM800318,風の精霊,36.101992,140.164609,2,2026/08/04
XM800320,風の精霊,36.089193,140.082305,2,2026/07/24
XM800321,大地の精霊,36.101992,140.054870,1,2026/07/27
XM800321,風の精霊,36.101992,140.054870,2,2026/07/31
XM800323,炎の精霊,36.101992,140.109739,1,2026/07/15
XM800324,風の精霊,36.114789,140.082305,1,2026/07/17
XM800327,水の精霊,36.127583,140.109739,1,2026/06/09
XM800328,風の精霊,36.140376,140.082305,2,2026/05/14
XM800334,大地の精霊,36.076392,140.329218,1,2026/07/11
XM800334,水の精霊,36.076392,140.329218,1,2026/04/21
XM800334,炎の精霊,36.076392,140.329218,1,2026/04/15
XM800338,風の精霊,36.101992,140.329218,1,2026/06/06
XM800340,大地の精霊,36.089193,140.246914,1,2026/05/29
XM800343,大地の精霊,36.101992,140.274348,1,2026/07/03
XM800343,風の精霊,36.101992,140.274348,1,2026/07/18
XM800344,水の精霊,36.114789,140.246914,1,2026/07/02
XM800347,大地の精霊,36.127583,140.274348,1,2026/04/25
XM800347,炎の精霊,36.127583,140.274348,1,2026/04/25
XM800348,風の精霊,36.140376,140.246914,1,2026/05/13
XM800350,炎の精霊,36.127583,140.164609,1,2026/06/06
XM800353,大地の精霊,36.140376,140.192044,1,2026/06/01
XM800353,炎の精霊,36.140376,140.192044,1,2026/06/19
XM800354,水の精霊,36.153167,140.164609,1,2026/06/10
XM800363,風の精霊,36.101992,140.438957,1,2026/05/05
XM800375,水の精霊,36.165955,140.301783,1,2026/07/04
XM800377,大地の精霊,36.165955,140.356653,1,2026/08/05
XM800377,水の精霊,36.165955,140.356653,1,2026/05/21
XM800378,大地の精霊,36.178741,140.329218,1,2026/07/23
XM800380,大地の精霊,36.165955,140.246914,1,2026/07/22
XM800380,風の精霊,36.165955,140.246914,1,2026/08/03
XM800381,風の精霊,36.178741,140.219479,1,2026/07/13
XM800384,大地の精霊,36.191526,140.246914,1,2026/05/15
XM800385,風の精霊,36.204308,140.219479,1,2026/07/24
XM800388,大地の精霊,36.217088,140.246914,1,2026/06/09
XM800400,風の精霊,36.127583,140.000000,1,2026/06/20
XM800404,水の精霊,36.153167,140.000000,1,2026/05/25
XM800405,炎の精霊,36.165955,139.972565,1,2026/08/05
XM800405,風の精霊,36.165955,139.972565,1,2026/06/02
XM800408,大地の精霊,36.178741,140.000000,1,2026/07/26
XM800411,水の精霊,36.178741,139.890261,1,2026/06/24
XM800411,風の精霊,36.178741,139.890261,2,2026/08/06
XM800413,風の精霊,36.178741,139.945130,1,2026/07/10
XM800414,大地の精霊,36.191526,139.917695,1,2026/07/12
XM800414,水の精霊,36.191526,139.917695,1,2026/05/18
XM800415,炎の精霊,36.204308,139.890261,1,2026/07/15
XM800420,炎の精霊,36.204308,139.835391,1,2026/06/01
XM800420,風の精霊,36.204308,139.835391,2,2026/07/18
XM800421,風の精霊,36.217088,139.807956,1,2026/04/25
XM800425,大地の精霊,36.242642,139.807956,1,2026/08/01
XM800427,水の精霊,36.242642,139.862826,1,2026/05/20
XM800428,風の精霊,36.255416,139.835391,1,2026/05/05
XM800430,大地の精霊,36.165955,140.082305,1,2026/06/19
XM800430,水の精霊,36.165955,140.082305,1,2026/04/16
XM800430,風の精霊,36.165955,140.082305,2,2026/06/04
XM800431,水の精霊,36.178741,140.054870,1,2026/06/25
XM800438,大地の精霊,36.217088,140.082305,1,2026/04/29
XM800438,水の精霊,36.217088,140.082305,1,2026/04/29
XM800438,風の精霊,36.217088,140.082305,3,2026/05/19
XM800441,風の精霊,36.217088,139.972565,1,2026/07/07
XM800444,大地の精霊,36.229866,140.000000,1,2026/05/11
XM800444,炎の精霊,36.229866,140.000000,1,2026/05/28
XM800444,風の精霊,36.229866,140.000000,1,2026/08/08
XM800445,炎の精霊,36.242642,139.972565,1,2026/04/22
XM800445,風の精霊,36.242642,139.972565,1,2026/05/03
XM800447,水の精霊,36.242642,140.027435,1,2026/06/21
XM800448,水の精霊,36.255416,140.000000,1,2026/06/15
XM800448,風の精霊,36.255416,140.000000,1,2026/07/04
XM800450,大地の精霊,36.242642,139.917695,1,2026/07/05
XM800450,水の精霊,36.242642,139.917695,1,2026/07/02
XM800450,炎の精霊,36.242642,139.917695,2,2026/06/05
XM800451,大地の精霊,36.255416,139.890261,1,2026/04/15
XM800451,炎の精霊,36.255416,139.890261,1,2026/07/22
XM800453,風の精霊,36.255416,139.945130,1,2026/06/23
XM800454,大地の精霊,36.268188,139.917695,1,2026/06/14
XM800454,風の精霊,36.268188,139.917695,1,2026/07/29
XM800455,大地の精霊,36.280957,139.890261,1,2026/05/31
XM800455,水の精霊,36.280957,139.890261,1,2026/06/08
XM800455,風の精霊,36.280957,139.890261,2,2026/07/01
XM800457,風の精霊,36.280957,139.945130,1,2026/06/10
XM800464,水の精霊,36.229866,140.164609,1,2026/06/27
XM800468,炎の精霊,36.255416,140.164609,1,2026/06/04
XM800471,炎の精霊,36.255416,140.054870,2,2026/07/17
XM800474,水の精霊,36.268188,140.082305,1,2026/06/18
XM800475,水の精霊,36.280957,140.054870,1,2026/05/16
XM800477,風の精霊,36.280957,140.109739,1,2026/06/30
XM800480,大地の精霊,36.280957,140.000000,1,2026/06/29
XM800480,風の精霊,36.280957,140.000000,1,2026/06/17
XM800483,炎の精霊,36.293725,140.027435,1,2026/04/13
XM800484,風の精霊,36.306490,140.000000,1,2026/08/02
XM800485,水の精霊,36.319254,139.972565,1,2026/06/03
XM800485,炎の精霊,36.319254,139.972565,2,2026/04/12
XM800501,大地の精霊,36.255416,139.725652,3,2026/06/24
XM800502,炎の精霊,36.268188,139.698217,1,2026/04/17
XM800504,水の精霊,36.268188,139.753086,1,2026/07/06
XM800505,風の精霊,36.280957,139.725652,1,2026/06/02
XM800507,風の精霊,36.280957,139.780521,1,2026/07/03
XM800508,大地の精霊,36.293725,139.753086,1,2026/05/16
XM800508,風の精霊,36.293725,139.753086,2,2026/07/24
XM800511,水の精霊,36.293725,139.643347,1,2026/07/14
XM800511,風の精霊,36.293725,139.643347,2,2026/04/24
XM800513,風の精霊,36.293725,139.698217,1,2026/05/06
XM800515,水の精霊,36.319254,139.643347,1,2026/06/29
XM800518,大地の精霊,36.332015,139.670782,1,2026/07/05
XM800520,大地の精霊,36.319254,139.588477,1,2026/05/09
XM800521,大地の精霊,36.332015,139.561043,1,2026/08/07
XM800523,風の精霊,36.332015,139.615912,1,2026/07/11
XM800524,大地の精霊,36.344774,139.588477,1,2026/07/27
XM800525,大地の精霊,36.357531,139.561043,1,2026/07/22
XM800525,炎の精霊,36.357531,139.561043,1,2026/07/22
XM800528,水の精霊,36.370286,139.588477,1,2026/06/13
XM800530,風の精霊,36.280957,139.835391,2,2026/06/06
XM800531,大地の精霊,36.293725,139.807956,1,2026/05/09
XM800533,水の精霊,36.293725,139.862826,2,2026/06/10
XM800534,水の精霊,36.306490,139.835391,1,2026/06/11
XM800534,風の精霊,36.306490,139.835391,1,2026/04/30
XM800535,風の精霊,36.319254,139.807956,1,2026/06/16
XM800538,大地の精霊,36.332015,139.835391,1,2026/04/26
XM800540,炎の精霊,36.319254,139.753086,1,2026/05/15
XM800540,風の精霊,36.319254,139.753086,1,2026/06/27
XM800541,水の精霊,36.332015,139.725652,1,2026/07/01
XM800543,風の精霊,36.332015,139.780521,1,2026/07/29
XM800548,大地の精霊,36.370286,139.753086,1,2026/05/01
XM800548,風の精霊,36.370286,139.753086,2,2026/07/08
XM800553,大地の精霊,36.370286,139.698217,1,2026/06/16
XM800553,水の精霊,36.370286,139.698217,1,2026/06/30
XM800553,風の精霊,36.370286,139.698217,2,2026/06/05
XM800555,水の精霊,36.395790,139.643347,1,2026/05/04
XM800557,大地の精霊,36.395790,139.698217,1,2026/05/30
XM800557,水の精霊,36.395790,139.698217,1,2026/05/26
XM800560,水の精霊,36.319254,139.917695,1,2026/04/12
XM800560,炎の精霊,36.319254,139.917695,1,2026/05/18
XM800561,風の精霊,36.332015,139.890261,1,2026/07/25
XM800563,炎の精霊,36.332015,139.945130,1,2026/08/07
XM800564,大地の精霊,36.344774,139.917695,2,2026/06/14
XM800564,水の精霊,36.344774,139.917695,2,2026/06/18
XM800564,炎の精霊,36.344774,139.917695,1,2026/08/05
XM800565,炎の精霊,36.357531,139.890261,1,2026/05/14
XM800565,風の精霊,36.357531,139.890261,1,2026/07/09
XM800567,風の精霊,36.357531,139.945130,1,2026/05/24
XM800568,風の精霊,36.370286,139.917695,1,2026/04/25
XM800570,風の精霊,36.357531,139.835391,1,2026/05/12
XM800571,水の精霊,36.370286,139.807956,1,2026/06/15
XM800577,炎の精霊,36.395790,139.862826,1,2026/07/16
XM800578,大地の精霊,36.408539,139.835391,1,2026/06/17
XM800578,風の精霊,36.408539,139.835391,4,2026/07/07
XM800581,大地の精霊,36.408539,139.725652,2,2026/08/04
XM800581,水の精霊,36.408539,139.725652,1,2026/07/15
XM800581,風の精霊,36.408539,139.725652,1,2026/07/27
XM800583,炎の精霊,36.408539,139.780521,1,2026/06/28
XM800587,大地の精霊,36.434030,139.780521,1,2026/05/11
XM800587,炎の精霊,36.434030,139.780521,1,2026/05/04
XM800587,風の精霊,36.434030,139.780521,1,2026/04/23
XM800588,水の精霊,36.446773,139.753086,1,2026/05/21
XM800600,風の精霊,36.127583,140.493827,1,2026/07/03
XM800603,水の精霊,36.140376,140.521262,1,2026/06/18
XM800604,風の精霊,36.153167,140.493827,1,2026/07/12
XM800611,大地の精霊,36.178741,140.384088,1,2026/04/26
XM800615,水の精霊,36.204308,140.384088,1,2026/06/09
XM800618,大地の精霊,36.217088,140.411523,1,2026/05/30
XM800620,水の精霊,36.204308,140.329218,2,2026/05/16
XM800621,風の精霊,36.217088,140.301783,1,2026/06/20
XM800623,水の精霊,36.217088,140.356653,1,2026/06/18
XM800623,炎の精霊,36.217088,140.356653,1,2026/04/25
XM800624,大地の精霊,36.229866,140.329218,1,2026/04/14
XM800625,炎の精霊,36.242642,140.301783,1,2026/07/21
XM800627,炎の精霊,36.242642,140.356653,1,2026/06/02
XM800628,大地の精霊,36.255416,140.329218,1,2026/05/19
XM800628,風の精霊,36.255416,140.329218,2,2026/06/07
XM800630,大地の精霊,36.165955,140.576132,1,2026/05/27
XM800631,大地の精霊,36.178741,140.548697,2,2026/05/29
XM800635,炎の精霊,36.204308,140.548697,1,2026/08/08
XM800643,炎の精霊,36.217088,140.521262,1,2026/06/06
XM800647,風の精霊,36.242642,140.521262,1,2026/08/06
XM800648,炎の精霊,36.255416,140.493827,1,2026/04/25
XM800650,炎の精霊,36.242642,140.411523,1,2026/04/30
XM800653,水の精霊,36.255416,140.438957,1,2026/07/17
XM800654,風の精霊,36.268188,140.411523,1,2026/06/20
XM800657,炎の精霊,36.280957,140.438957,2,2026/06/21
XM800657,風の精霊,36.280957,140.438957,1,2026/04/15
XM800658,炎の精霊,36.293725,140.411523,1,2026/08/05
XM800658,風の精霊,36.293725,140.411523,1,2026/04/19
XM800671,大地の精霊,36.255416,140.548697,1,2026/07/10
XM800671,水の精霊,36.255416,140.548697,1,2026/06/27
XM800671,風の精霊,36.255416,140.548697,1,2026/06/23
XM800675,炎の精霊,36.280957,140.548697,1,2026/04/16
XM800681,風の精霊,36.293725,140.466392,1,2026/07/25
XM800683,大地の精霊,36.293725,140.521262,1,2026/04/23
XM800683,風の精霊,36.293725,140.521262,1,2026/06/10
XM800685,大地の精霊,36.319254,140.466392,1,2026/08/08
XM800685,炎の精霊,36.319254,140.466392,1,2026/05/23
XM800685,風の精霊,36.319254,140.466392,1,2026/06/12
XM800688,大地の精霊,36.332015,140.493827,1,2026/04/18
XM800688,風の精霊,36.332015,140.493827,1,2026/06/22
XM800700,風の精霊,36.242642,140.246914,1,2026/08/08
XM800701,炎の精霊,36.255416,140.219479,1,2026/07/29
XM800703,大地の精霊,36.255416,140.274348,2,2026/06/06
XM800703,炎の精霊,36.255416,140.274348,1,2026/05/23
XM800703,風の精霊,36.255416,140.274348,1,2026/06/12
XM800705,炎の精霊,36.280957,140.219479,2,2026/06/30
XM800707,大地の精霊,36.280957,140.274348,1,2026/06/16
XM800707,水の精霊,36.280957,140.274348,1,2026/07/23
XM800707,風の精霊,36.280957,140.274348,1,2026/05/13
XM800721,炎の精霊,36.332015,140.054870,1,2026/05/03
XM800723,大地の精霊,36.332015,140.109739,1,2026/04/20
XM800723,風の精霊,36.332015,140.109739,1,2026/05/06
XM800724,水の精霊,36.344774,140.082305,1,2026/05/04
XM800725,大地の精霊,36.357531,140.054870,1,2026/07/22
XM800727,炎の精霊,36.357531,140.109739,1,2026/05/02
XM800727,風の精霊,36.357531,140.109739,1,2026/07/28
XM800730,大地の精霊,36.280957,140.329218,1,2026/05/14
XM800730,炎の精霊,36.280957,140.329218,1,2026/08/05
XM800730,風の精霊,36.280957,140.329218,2,2026/06/28
XM800731,大地の精霊,36.293725,140.301783,1,2026/07/10
XM800731,風の精霊,36.293725,140.301783,1,2026/07/01
XM800733,水の精霊,36.293725,140.356653,1,2026/06/15
XM800734,大地の精霊,36.306490,140.329218,1,2026/04/20
XM800735,炎の精霊,36.319254,140.301783,1,2026/08/07
XM800737,炎の精霊,36.319254,140.356653,1,2026/04/26
XM800738,炎の精霊,36.332015,140.329218,1,2026/08/07
XM800741,炎の精霊,36.332015,140.219479,1,2026/05/10
XM800743,風の精霊,36.332015,140.274348,1,2026/07/06
XM800744,炎の精霊,36.344774,140.246914,1,2026/08/05
XM800745,水の精霊,36.357531,140.219479,1,2026/05/25
XM800745,炎の精霊,36.357531,140.219479,1,2026/05/17
XM800745,風の精霊,36.357531,140.219479,1,2026/05/28
XM800747,水の精霊,36.357531,140.274348,1,2026/06/23
XM800747,風の精霊,36.357531,140.274348,1,2026/07/16
XM800751,水の精霊,36.370286,140.137174,1,2026/06/21
XM800764,水の精霊,36.344774,140.411523,2,2026/07/02
XM800764,風の精霊,36.344774,140.411523,1,2026/08/02
XM800765,大地の精霊,36.357531,140.384088,1,2026/05/14
XM800765,風の精霊,36.357531,140.384088,1,2026/05/06
XM800767,風の精霊,36.357531,140.438957,1,2026/07/08
XM800768,炎の精霊,36.370286,140.411523,1,2026/05/24
XM800770,風の精霊,36.357531,140.329218,1,2026/08/06
XM800771,大地の精霊,36.370286,140.301783,1,2026/05/31
XM800771,水の精霊,36.370286,140.301783,1,2026/06/09
XM800771,炎の精霊,36.370286,140.301783,1,2026/05/29
XM800773,大地の精霊,36.370286,140.356653,1,2026/06/01
XM800773,炎の精霊,36.370286,140.356653,2,2026/05/30
XM800777,炎の精霊,36.395790,140.356653,1,2026/07/26
XM800780,炎の精霊,36.395790,140.246914,2,2026/07/14
XM800780,風の精霊,36.395790,140.246914,1,2026/07/01
XM800783,風の精霊,36.408539,140.274348,1,2026/07/13
XM800784,大地の精霊,36.421286,140.246914,1,2026/04/14
XM800800,風の精霊,36.357531,140.000000,1,2026/07/09
XM800801,炎の精霊,36.370286,139.972565,1,2026/05/24
XM800804,風の精霊,36.383039,140.000000,2,2026/06/24
XM800807,水の精霊,36.395790,140.027435,1,2026/04/17
XM800808,風の精霊,36.408539,140.000000,1,2026/08/06
XM800810,大地の精霊,36.395790,139.917695,1,2026/05/20
XM800810,炎の精霊,36.395790,139.917695,1,2026/07/22
XM800811,大地の精霊,36.408539,139.890261,1,2026/06/01
XM800817,水の精霊,36.434030,139.945130,1,2026/06/26
XM800818,大地の精霊,36.446773,139.917695,1,2026/05/22
XM800818,水の精霊,36.446773,139.917695,1,2026/05/31
XM800818,風の精霊,36.446773,139.917695,1,2026/07/18
XM800823,炎の精霊,36.446773,139.862826,1,2026/06/19
XM800827,水の精霊,36.472252,139.862826,1,2026/07/02
XM800828,水の精霊,36.484988,139.835391,1,2026/05/19
XM800831,大地の精霊,36.408539,140.054870,1,2026/04/14
XM800834,水の精霊,36.421286,140.082305,2,2026/07/11
XM800834,炎の精霊,36.421286,140.082305,1,2026/06/01
XM800835,大地の精霊,36.434030,140.054870,2,2026/07/02
XM800838,大地の精霊,36.446773,140.082305,1,2026/05/31
XM800840,風の精霊,36.434030,140.000000,1,2026/06/30
XM800841,水の精霊,36.446773,139.972565,1,2026/06/18
XM800841,炎の精霊,36.446773,139.972565,1,2026/05/11
XM800843,炎の精霊,36.446773,140.027435,1,2026/05/20
XM800845,風の精霊,36.472252,139.972565,1,2026/06/22
XM800847,風の精霊,36.472252,140.027435,2,2026/08/02
XM800848,炎の精霊,36.484988,140.000000,1,2026/04/26
XM800848,風の精霊,36.484988,140.000000,1,2026/05/13
XM800850,大地の精霊,36.472252,139.917695,1,2026/08/02
XM800850,炎の精霊,36.472252,139.917695,1,2026/08/02
XM800853,水の精霊,36.484988,139.945130,1,2026/06/04
XM800853,風の精霊,36.484988,139.945130,1,2026/04/15
XM800854,風の精霊,36.497722,139.917695,2,2026/07/09
XM800857,水の精霊,36.510454,139.945130,1,2026/06/19
XM800870,大地の精霊,36.472252,140.082305,1,2026/06/13
XM800870,風の精霊,36.472252,140.082305,1,2026/05/23
XM800871,水の精霊,36.484988,140.054870,2,2026/06/03
XM800873,炎の精霊,36.484988,140.109739,1,2026/04/12
XM800873,風の精霊,36.484988,140.109739,1,2026/07/05
XM800874,水の精霊,36.497722,140.082305,1,2026/07/12
XM800875,風の精霊,36.510454,140.054870,1,2026/05/14
XM800877,風の精霊,36.510454,140.109739,1,2026/07/13
XM800880,炎の精霊,36.510454,140.000000,1,2026/04/21
XM800880,風の精霊,36.510454,140.000000,1,2026/04/14
XM800881,炎の精霊,36.523184,139.972565,1,2026/05/27
XM800881,風の精霊,36.523184,139.972565,2,2026/06/07
XM800883,風の精霊,36.523184,140.027435,1,2026/07/18
XM800885,大地の精霊,36.548637,139.972565,1,2026/05/07
XM800885,風の精霊,36.548637,139.972565,1,2026/06/06
XM800887,炎の精霊,36.548637,140.027435,2,2026/05/16
XM801001,風の精霊,36.255416,139.231824,1,2026/04/12
XM801003,風の精霊,36.255416,139.286694,1,2026/07/28
XM801004,風の精霊,36.268188,139.259259,1,2026/07/17
XM801005,風の精霊,36.280957,139.231824,1,2026/04/18
XM801008,大地の精霊,36.293725,139.259259,1,2026/08/07
XM801008,水の精霊,36.293725,139.259259,1,2026/07/22
XM801011,風の精霊,36.293725,139.149520,3,2026/06/06
XM801013,風の精霊,36.293725,139.204390,2,2026/07/09
XM801014,水の精霊,36.306490,139.176955,1,2026/07/16
XM801014,炎の精霊,36.306490,139.176955,1,2026/07/20
XM801014,風の精霊,36.306490,139.176955,1,2026/06/07
XM801015,大地の精霊,36.319254,139.149520,3,2026/07/28
XM801020,大地の精霊,36.319254,139.094650,1,2026/04/19
XM801021,風の精霊,36.332015,139.067215,2,2026/07/08
XM801024,炎の精霊,36.344774,139.094650,1,2026/05/02
XM801024,風の精霊,36.344774,139.094650,2,2026/08/06
XM801025,風の精霊,36.357531,139.067215,1,2026/04/21
XM801027,水の精霊,36.357531,139.122085,1,2026/06/03
XM801028,風の精霊,36.370286,139.094650,1,2026/05/20
XM801030,大地の精霊,36.280957,139.341564,1,2026/06/07
XM801030,風の精霊,36.280957,139.341564,1,2026/06/06
XM801031,炎の精霊,36.293725,139.314129,1,2026/05/13
XM801031,風の精霊,36.293725,139.314129,1,2026/04/29
XM801033,大地の精霊,36.293725,139.368999,1,2026/07/14
XM801033,水の精霊,36.293725,139.368999,1,2026/06/09
XM801035,風の精霊,36.319254,139.314129,1,2026/06/24
XM801037,風の精霊,36.319254,139.368999,3,2026/05/17
XM801038,風の精霊,36.332015,139.341564,1,2026/07/31
XM801040,炎の精霊,36.319254,139.259259,2,2026/07/01
XM801041,大地の精霊,36.332015,139.231824,1,2026/05/19
XM801044,風の精霊,36.344774,139.259259,2,2026/08/03
XM801048,炎の精霊,36.370286,139.259259,2,2026/07/25
XM801050,大地の精霊,36.357531,139.176955,1,2026/06/19
XM801054,風の精霊,36.383039,139.176955,1,2026/06/07
XM801057,風の精霊,36.395790,139.204390,1,2026/05/06
XM801060,大地の精霊,36.319254,139.423868,1,2026/06/19
XM801060,水の精霊,36.319254,139.423868,1,2026/06/02
XM801060,炎の精霊,36.319254,139.423868,2,2026/07/30
XM801061,風の精霊,36.332015,139.396433,1,2026/08/06
XM801063,大地の精霊,36.332015,139.451303,1,2026/04/13
XM801063,水の精霊,36.332015,139.451303,1,2026/04/25
XM801063,炎の精霊,36.332015,139.451303,1,2026/04/25
XM801063,風の精霊,36.332015,139.451303,1,2026/04/13
XM801064,水の精霊,36.344774,139.423868,1,2026/07/26
XM801064,炎の精霊,36.344774,139.423868,1,2026/06/16
XM801064,風の精霊,36.344774,139.423868,1,2026/06/25
XM801065,風の精霊,36.357531,139.396433,1,2026/07/04
XM801067,風の精霊,36.357531,139.451303,1,2026/04/26
XM801068,水の精霊,36.370286,139.423868,1,2026/07/13
XM801071,大地の精霊,36.370286,139.314129,1,2026/08/02
XM801071,水の精霊,36.370286,139.314129,1,2026/06/08
XM801071,風の精霊,36.370286,139.314129,1,2026/06/30
XM801074,炎の精霊,36.383039,139.341564,1,2026/07/10
XM801074,風の精霊,36.383039,139.341564,1,2026/07/11
XM801075,風の精霊,36.395790,139.314129,1,2026/05/27
XM801077,風の精霊,36.395790,139.368999,1,2026/05/03
XM801078,水の精霊,36.408539,139.341564,1,2026/06/29
XM801080,大地の精霊,36.395790,139.259259,2,2026/07/26
XM801084,炎の精霊,36.421286,139.259259,1,2026/06/03
XM801084,風の精霊,36.421286,139.259259,1,2026/06/23
XM801085,大地の精霊,36.434030,139.231824,2,2026/07/30
XM801085,水の精霊,36.434030,139.231824,1,2026/05/14
XM801085,風の精霊,36.434030,139.231824,1,2026/07/06
XM801087,水の精霊,36.434030,139.286694,1,2026/05/21
XM801100,水の精霊,36.357531,139.012346,1,2026/06/26
XM801104,風の精霊,36.383039,139.012346,2,2026/08/03
XM801107,水の精霊,36.395790,139.039781,1,2026/05/01
XM801107,炎の精霊,36.395790,139.039781,2,2026/06/04
XM801107,風の精霊,36.395790,139.039781,1,2026/04/13
XM801110,水の精霊,36.395790,138.930041,1,2026/07/07
XM801110,炎の精霊,36.395790,138.930041,1,2026/06/05
XM801110,風の精霊,36.395790,138.930041,1,2026/05/03
XM801114,炎の精霊,36.421286,138.930041,1,2026/05/15
XM801117,水の精霊,36.434030,138.957476,1,2026/06/16
XM801117,炎の精霊,36.434030,138.957476,1,2026/06/03
XM801130,風の精霊,36.395790,139.094650,1,2026/06/21
XM801131,大地の精霊,36.408539,139.067215,3,2026/06/12
XM801131,炎の精霊,36.408539,139.067215,1,2026/05/25
XM801133,炎の精霊,36.408539,139.122085,1,2026/05/12
XM801133,風の精霊,36.408539,139.122085,1,2026/08/01
XM801134,大地の精霊,36.421286,139.094650,2,2026/06/17
XM801134,水の精霊,36.421286,139.094650,1,2026/08/04
XM801135,水の精霊,36.434030,139.067215,1,2026/06/09
XM801137,水の精霊,36.434030,139.122085,2,2026/08/04
XM801137,炎の精霊,36.434030,139.122085,1,2026/06/13
XM801138,風の精霊,36.446773,139.094650,1,2026/05/07
XM801143,水の精霊,36.446773,139.039781,1,2026/07/10
XM801145,大地の精霊,36.472252,138.984911,1,2026/06/19
XM801145,風の精霊,36.472252,138.984911,1,2026/04/15
XM801148,水の精霊,36.484988,139.012346,1,2026/04/30
XM801148,風の精霊,36.484988,139.012346,2,2026/05/31
XM801157,炎の精霊,36.510454,138.957476,1,2026/07/21
XM801157,風の精霊,36.510454,138.957476,1,2026/06/22
XM801158,風の精霊,36.523184,138.930041,2,2026/06/07
XM801161,風の精霊,36.446773,139.149520,1,2026/07/03
XM801163,炎の精霊,36.446773,139.204390,2,2026/07/17
XM801165,大地の精霊,36.472252,139.149520,1,2026/05/02
XM801165,炎の精霊,36.472252,139.149520,1,2026/05/02
XM801165,風の精霊,36.472252,139.149520,1,2026/07/04
XM801167,水の精霊,36.472252,139.204390,1,2026/07/16
XM801168,大地の精霊,36.484988,139.176955,1,2026/04/29
XM801168,風の精霊,36.484988,139.176955,1,2026/07/24
XM801170,大地の精霊,36.472252,139.094650,1,2026/04/20
XM801170,水の精霊,36.472252,139.094650,1,2026/07/29
XM801173,風の精霊,36.484988,139.122085,1,2026/05/03
XM801180,風の精霊,36.510454,139.012346,1,2026/04/26
XM801220,大地の精霊,36.548637,138.600823,1,2026/08/01
XM801237,風の精霊,36.548637,138.875171,1,2026/04/28
XM801238,風の精霊,36.561361,138.847737,1,2026/04/18
XM801261,水の精霊,36.561361,138.902606,1,2026/06/04
XM801270,水の精霊,36.586802,138.847737,2,2026/06/26
XM801270,風の精霊,36.586802,138.847737,1,2026/07/28
XM801273,炎の精霊,36.599519,138.875171,1,2026/05/10
XM801273,風の精霊,36.599519,138.875171,1,2026/06/23
XM801320,風の精霊,36.434030,139.341564,2,2026/04/14
XM801321,大地の精霊,36.446773,139.314129,1,2026/08/06
XM801321,炎の精霊,36.446773,139.314129,1,2026/05/13
XM801323,大地の精霊,36.446773,139.368999,1,2026/07/16
XM801323,炎の精霊,36.446773,139.368999,1,2026/07/16
XM801330,風の精霊,36.395790,139.588477,1,2026/05/29
XM801331,大地の精霊,36.408539,139.561043,1,2026/04/26
XM801337,風の精霊,36.434030,139.615912,1,2026/06/07
XM801364,大地の精霊,36.459513,139.670782,1,2026/05/17
XM801400,大地の精霊,36.472252,139.259259,1,2026/07/08
XM801407,大地の精霊,36.510454,139.286694,1,2026/07/12
XM801421,水の精霊,36.561361,139.067215,1,2026/06/22
XM801425,大地の精霊,36.586802,139.067215,1,2026/07/20
XM801425,炎の精霊,36.586802,139.067215,2,2026/07/21
XM801425,風の精霊,36.586802,139.067215,1,2026/06/29
XM801431,風の精霊,36.523184,139.314129,1,2026/04/20
XM801504,風の精霊,36.612235,139.012346,1,2026/05/01
XM801505,水の精霊,36.624948,138.984911,1,2026/05/17
XM801507,炎の精霊,36.624948,139.039781,1,2026/05/20
XM801507,風の精霊,36.624948,139.039781,2,2026/06/19
XM801508,水の精霊,36.637659,139.012346,2,2026/06/15
XM801508,炎の精霊,36.637659,139.012346,1,2026/06/25
XM801531,風の精霊,36.637659,139.067215,1,2026/06/08
XM801533,風の精霊,36.637659,139.122085,1,2026/05/12
XM801540,大地の精霊,36.663075,139.012346,1,2026/06/11
XM801540,風の精霊,36.663075,139.012346,1,2026/05/10
XM801541,風の精霊,36.675780,138.984911,2,2026/08/06
XM801543,風の精霊,36.675780,139.039781,1,2026/06/07
XM801545,水の精霊,36.701183,138.984911,1,2026/06/03
XM801547,風の精霊,36.701183,139.039781,1,2026/04/24
XM801571,風の精霊,36.713881,139.067215,1,2026/05/09
XM801581,風の精霊,36.751964,138.984911,1,2026/07/15
XM801600,風の精霊,36.472252,139.753086,1,2026/06/07
XM801604,水の精霊,36.497722,139.753086,1,2026/04/17
XM801604,風の精霊,36.497722,139.753086,1,2026/05/27
XM801607,水の精霊,36.510454,139.780521,1,2026/05/31
XM801610,炎の精霊,36.510454,139.670782,1,2026/06/13
XM801610,風の精霊,36.510454,139.670782,4,2026/07/28
XM801613,炎の精霊,36.523184,139.698217,1,2026/04/19
XM801630,大地の精霊,36.510454,139.835391,1,2026/07/27
XM801630,風の精霊,36.510454,139.835391,1,2026/07/04
XM801631,水の精霊,36.523184,139.807956,1,2026/06/09
XM801634,大地の精霊,36.535912,139.835391,1,2026/05/18
XM801634,炎の精霊,36.535912,139.835391,1,2026/07/10
XM801634,風の精霊,36.535912,139.835391,2,2026/05/12
XM801635,風の精霊,36.548637,139.807956,1,2026/06/13
XM801637,風の精霊,36.548637,139.862826,1,2026/08/04
XM801638,炎の精霊,36.561361,139.835391,1,2026/04/17
XM801638,風の精霊,36.561361,139.835391,2,2026/04/13
XM801640,風の精霊,36.548637,139.753086,2,2026/07/29
XM801641,大地の精霊,36.561361,139.725652,2,2026/07/25
XM801645,炎の精霊,36.586802,139.725652,1,2026/07/06
XM801648,大地の精霊,36.599519,139.753086,1,2026/06/29
XM801648,水の精霊,36.599519,139.753086,1,2026/04/26
XM801664,炎の精霊,36.574083,139.917695,1,2026/05/25
XM801665,大地の精霊,36.586802,139.890261,1,2026/07/21
XM801665,水の精霊,36.586802,139.890261,1,2026/08/06
XM801667,水の精霊,36.586802,139.945130,1,2026/05/14
XM801667,炎の精霊,36.586802,139.945130,1,2026/08/08
XM801667,風の精霊,36.586802,139.945130,1,2026/07/02
XM801668,大地の精霊,36.599519,139.917695,1,2026/07/24
XM801668,炎の精霊,36.599519,139.917695,1,2026/06/12
XM801670,大地の精霊,36.586802,139.835391,1,2026/06/17
XM801670,水の精霊,36.586802,139.835391,2,2026/07/28
XM801671,水の精霊,36.599519,139.807956,1,2026/06/29
XM801674,大地の精霊,36.612235,139.835391,1,2026/07/17
XM801674,水の精霊,36.612235,139.835391,2,2026/06/26
XM801674,炎の精霊,36.612235,139.835391,1,2026/06/01
XM801674,風の精霊,36.612235,139.835391,1,2026/07/13
XM801675,炎の精霊,36.624948,139.807956,1,2026/05/21
XM801678,大地の精霊,36.637659,139.835391,1,2026/04/25
XM801688,炎の精霊,36.675780,139.753086,1,2026/04/26
XM801713,風の精霊,36.637659,139.451303,1,2026/07/08
XM801763,炎の精霊,36.675780,139.698217,1,2026/06/29
XM801775,風の精霊,36.739272,139.561043,1,2026/06/10
XM801778,炎の精霊,36.751964,139.588477,1,2026/06/16
XM801780,風の精霊,36.739272,139.506173,1,2026/05/02
XM802018,風の精霊,36.675780,138.436214,1,2026/04/15
XM802020,大地の精霊,36.663075,138.353909,1,2026/06/23
XM802021,炎の精霊,36.675780,138.326475,1,2026/07/23
XM802023,水の精霊,36.675780,138.381344,1,2026/06/26
XM802024,大地の精霊,36.688482,138.353909,1,2026/06/16
XM802024,水の精霊,36.688482,138.353909,1,2026/06/09
XM802025,風の精霊,36.701183,138.326475,1,2026/06/21
XM802028,風の精霊,36.713881,138.353909,2,2026/07/28
XM802030,大地の精霊,36.624948,138.600823,1,2026/07/22
XM802030,水の精霊,36.624948,138.600823,1,2026/06/19
XM802030,炎の精霊,36.624948,138.600823,1,2026/08/01
XM802030,風の精霊,36.624948,138.600823,1,2026/04/15
XM802034,大地の精霊,36.650368,138.600823,1,2026/05/25
XM802034,炎の精霊,36.650368,138.600823,1,2026/06/13
XM802054,大地の精霊,36.726578,138.436214,1,2026/07/14
XM802055,大地の精霊,36.739272,138.408779,1,2026/06/19
XM802055,風の精霊,36.739272,138.408779,1,2026/06/22
XM802080,水の精霊,36.739272,138.518519,1,2026/07/29
XM802100,大地の精霊,36.701183,138.271605,1,2026/07/06
XM802100,風の精霊,36.701183,138.271605,2,2026/07/22
XM802103,炎の精霊,36.713881,138.299040,2,2026/07/30
XM802103,風の精霊,36.713881,138.299040,2,2026/08/04
XM802105,水の精霊,36.739272,138.244170,2,2026/05/12
XM802108,水の精霊,36.751964,138.271605,1,2026/05/07
XM802108,炎の精霊,36.751964,138.271605,1,2026/05/06
XM802108,風の精霊,36.751964,138.271605,1,2026/05/07
XM802110,炎の精霊,36.739272,138.189300,1,2026/05/07
XM802133,大地の精霊,36.751964,138.381344,2,2026/05/21
XM802133,炎の精霊,36.751964,138.381344,1,2026/05/05
XM802134,炎の精霊,36.764654,138.353909,1,2026/07/26
XM802134,風の精霊,36.764654,138.353909,1,2026/04/21
XM802135,水の精霊,36.777342,138.326475,1,2026/05/16
XM802143,水の精霊,36.790028,138.299040,1,2026/08/07
XM802143,炎の精霊,36.790028,138.299040,1,2026/07/21
XM802143,風の精霊,36.790028,138.299040,2,2026/07/22
XM802150,風の精霊,36.815394,138.189300,1,2026/05/31
XM802151,水の精霊,36.828073,138.161866,1,2026/07/02
XM802151,風の精霊,36.828073,138.161866,1,2026/06/06
XM802154,風の精霊,36.840751,138.189300,1,2026/06/19
XM802155,大地の精霊,36.853426,138.161866,1,2026/05/11
XM802155,炎の精霊,36.853426,138.161866,1,2026/05/05
XM802170,水の精霊,36.815394,138.353909,1,2026/06/17
XM802170,炎の精霊,36.815394,138.353909,1,2026/07/14
XM802170,風の精霊,36.815394,138.353909,1,2026/05/12
XM802174,大地の精霊,36.840751,138.353909,1,2026/07/17
XM802174,風の精霊,36.840751,138.353909,2,2026/07/31
XM802175,水の精霊,36.853426,138.326475,1,2026/05/10
XM802177,大地の精霊,36.853426,138.381344,2,2026/07/22
XM802177,風の精霊,36.853426,138.381344,1,2026/05/08
XM802178,風の精霊,36.866100,138.353909,1,2026/08/06
XM802260,炎の精霊,36.891440,138.189300,1,2026/07/28
XM802260,風の精霊,36.891440,138.189300,2,2026/06/18
XM802263,水の精霊,36.904107,138.216735,1,2026/07/24
XM802263,炎の精霊,36.904107,138.216735,1,2026/05/10
XM802267,風の精霊,36.929434,138.216735,3,2026/07/31
XM802363,風の精霊,36.790028,138.957476,1,2026/06/02
XM802485,風の精霊,37.005367,138.491084,1,2026/06/27
XM802501,風の精霊,36.942095,138.244170,1,2026/06/08
XM802508,水の精霊,36.980065,138.271605,1,2026/06/28
XM802508,風の精霊,36.980065,138.271605,1,2026/05/16
XM802513,大地の精霊,36.980065,138.216735,1,2026/05/13
XM802513,炎の精霊,36.980065,138.216735,1,2026/07/20
XM802513,風の精霊,36.980065,138.216735,1,2026/06/18
XM802517,大地の精霊,37.005367,138.216735,1,2026/07/08
XM802517,水の精霊,37.005367,138.216735,1,2026/04/30
XM802517,風の精霊,37.005367,138.216735,1,2026/05/28
XM802540,炎の精霊,37.005367,138.271605,1,2026/06/14
XM802544,大地の精霊,37.030661,138.271605,1,2026/07/17
XM802545,風の精霊,37.043305,138.244170,2,2026/06/17
XM802548,水の精霊,37.055947,138.271605,2,2026/08/03
XM802548,炎の精霊,37.055947,138.271605,2,2026/05/30
XM802557,水の精霊,37.081224,138.216735,1,2026/04/14
XM802558,風の精霊,37.093859,138.189300,1,2026/05/06
XM802575,風の精霊,37.081224,138.326475,1,2026/06/25
XM802580,大地の精霊,37.081224,138.271605,1,2026/06/19
XM802581,水の精霊,37.093859,138.244170,1,2026/04/24
XM802583,風の精霊,37.093859,138.299040,2,2026/07/03
XM802585,炎の精霊,37.119124,138.244170,1,2026/05/29
XM802602,水の精霊,36.840751,138.957476,1,2026/06/29
XM802625,炎の精霊,36.929434,138.820302,1,2026/05/17
XM802707,大地の精霊,36.967410,138.792867,1,2026/07/14
XM802707,炎の精霊,36.967410,138.792867,1,2026/05/05
XM802707,風の精霊,36.967410,138.792867,1,2026/08/04
XM802728,風の精霊,37.055947,138.600823,2,2026/06/02
XM802750,風の精霊,37.043305,138.683128,3,2026/07/18
XM802770,風の精霊,37.043305,138.847737,1,2026/05/28
XM802771,水の精霊,37.055947,138.820302,1,2026/05/05
XM802777,大地の精霊,37.081224,138.875171,1,2026/07/11
XM802777,炎の精霊,37.081224,138.875171,1,2026/05/23
XM802777,風の精霊,37.081224,138.875171,2,2026/06/28
XM802785,水の精霊,37.119124,138.737997,1,2026/04/21
XM802788,炎の精霊,37.131753,138.765432,1,2026/04/14
XM802820,大地の精霊,37.119124,138.353909,1,2026/07/09
XM802825,炎の精霊,37.157005,138.326475,1,2026/06/16
XM802827,水の精霊,37.157005,138.381344,1,2026/06/06
XM802827,炎の精霊,37.157005,138.381344,2,2026/05/23
XM802828,風の精霊,37.169627,138.353909,1,2026/04/30
XM802833,水の精霊,37.093859,138.628258,1,2026/05/22
XM802834,風の精霊,37.106492,138.600823,2,2026/06/29
XM802843,風の精霊,37.131753,138.545953,1,2026/06/25
XM802850,大地の精霊,37.157005,138.436214,1,2026/05/30
XM802850,水の精霊,37.157005,138.436214,1,2026/07/16
XM802854,水の精霊,37.182248,138.436214,1,2026/05/03
XM802854,風の精霊,37.182248,138.436214,2,2026/07/14
XM802858,水の精霊,37.207483,138.436214,1,2026/05/03
XM802864,炎の精霊,37.144380,138.683128,1,2026/05/10
XM803020,炎の精霊,36.319254,140.576132,1,2026/04/17
XM803021,大地の精霊,36.332015,140.548697,1,2026/05/29
XM803021,水の精霊,36.332015,140.548697,1,2026/07/31
XM803024,水の精霊,36.344774,140.576132,1,2026/06/25
XM803024,炎の精霊,36.344774,140.576132,1,2026/04/13
XM803025,大地の精霊,36.357531,140.548697,1,2026/07/20
XM803025,水の精霊,36.357531,140.548697,1,2026/08/01
XM803025,風の精霊,36.357531,140.548697,1,2026/07/28
XM803027,水の精霊,36.357531,140.603567,2,2026/06/30
XM803028,大地の精霊,36.370286,140.576132,1,2026/07/14
XM803028,水の精霊,36.370286,140.576132,1,2026/06/26
XM803100,風の精霊,36.357531,140.493827,2,2026/07/18
XM803101,風の精霊,36.370286,140.466392,1,2026/06/07
XM803103,大地の精霊,36.370286,140.521262,1,2026/06/29
XM803103,風の精霊,36.370286,140.521262,1,2026/05/13
XM803104,大地の精霊,36.383039,140.493827,1,2026/06/05
XM803104,風の精霊,36.383039,140.493827,1,2026/06/04
XM803105,大地の精霊,36.395790,140.466392,1,2026/05/16
XM803105,水の精霊,36.395790,140.466392,1,2026/05/21
XM803108,水の精霊,36.408539,140.493827,1,2026/06/02
XM803108,風の精霊,36.408539,140.493827,1,2026/05/05
XM803110,炎の精霊,36.395790,140.411523,2,2026/08/04
XM803111,大地の精霊,36.408539,140.384088,1,2026/05/06
XM803111,水の精霊,36.408539,140.384088,1,2026/05/09
XM803113,水の精霊,36.408539,140.438957,1,2026/05/01
XM803114,風の精霊,36.421286,140.411523,1,2026/07/17
XM803115,風の精霊,36.434030,140.384088,1,2026/05/19
XM803118,大地の精霊,36.446773,140.411523,1,2026/04/25
XM803118,炎の精霊,36.446773,140.411523,1,2026/04/25
XM803127,水の精霊,36.472252,140.356653,1,2026/06/26
XM803130,炎の精霊,36.395790,140.576132,1,2026/06/29
XM803130,風の精霊,36.395790,140.576132,1,2026/07/25
XM803131,大地の精霊,36.408539,140.548697,1,2026/07/30
XM803134,炎の精霊,36.421286,140.576132,1,2026/05/30
XM803137,風の精霊,36.434030,140.603567,1,2026/06/16
XM803138,炎の精霊,36.446773,140.576132,1,2026/07/18
XM803141,大地の精霊,36.446773,140.466392,1,2026/04/17
XM803141,炎の精霊,36.446773,140.466392,1,2026/04/17
XM803143,大地の精霊,36.446773,140.521262,1,2026/05/14
XM803143,水の精霊,36.446773,140.521262,1,2026/06/25
XM803143,風の精霊,36.446773,140.521262,1,2026/05/13
XM803144,風の精霊,36.459513,140.493827,1,2026/07/31
XM803145,大地の精霊,36.472252,140.466392,1,2026/05/19
XM803145,炎の精霊,36.472252,140.466392,1,2026/05/19
XM803147,大地の精霊,36.472252,140.521262,2,2026/06/24
XM803147,水の精霊,36.472252,140.521262,1,2026/05/02
XM803148,風の精霊,36.484988,140.493827,1,2026/06/10
XM803150,水の精霊,36.472252,140.411523,1,2026/07/11
XM803151,水の精霊,36.484988,140.384088,1,2026/05/28
XM803153,大地の精霊,36.484988,140.438957,1,2026/06/16
XM803155,大地の精霊,36.510454,140.384088,1,2026/04/18
XM803157,水の精霊,36.510454,140.438957,1,2026/05/11
XM803157,風の精霊,36.510454,140.438957,1,2026/08/05
XM803170,風の精霊,36.472252,140.576132,1,2026/07/08
XM803171,炎の精霊,36.484988,140.548697,1,2026/05/23
XM803171,風の精霊,36.484988,140.548697,1,2026/06/07
XM803174,炎の精霊,36.497722,140.576132,2,2026/04/29
XM803175,水の精霊,36.510454,140.548697,1,2026/06/26
XM803175,風の精霊,36.510454,140.548697,2,2026/06/30
XM803178,水の精霊,36.523184,140.576132,2,2026/07/05
XM803178,風の精霊,36.523184,140.576132,1,2026/04/24
XM803180,大地の精霊,36.510454,140.493827,1,2026/06/06
XM803180,炎の精霊,36.510454,140.493827,1,2026/05/15
XM803180,風の精霊,36.510454,140.493827,2,2026/08/02
XM803181,大地の精霊,36.523184,140.466392,1,2026/05/24
XM803181,炎の精霊,36.523184,140.466392,1,2026/08/04
XM803184,炎の精霊,36.535912,140.493827,1,2026/05/18
XM803187,炎の精霊,36.548637,140.521262,1,2026/05/21
XM803187,風の精霊,36.548637,140.521262,1,2026/04/12
XM803188,炎の精霊,36.561361,140.493827,1,2026/05/05
XM803204,風の精霊,36.497722,140.246914,1,2026/05/23
XM803220,大地の精霊,36.548637,140.082305,1,2026/08/02
XM803221,炎の精霊,36.561361,140.054870,1,2026/07/23
XM803237,炎の精霊,36.548637,140.356653,3,2026/05/20
XM803237,風の精霊,36.548637,140.356653,1,2026/06/23
XM803244,炎の精霊,36.574083,140.246914,1,2026/06/19
XM803260,水の精霊,36.548637,140.411523,1,2026/06/27
XM803260,風の精霊,36.548637,140.411523,1,2026/07/25
XM803261,大地の精霊,36.561361,140.384088,1,2026/06/16
XM803261,水の精霊,36.561361,140.384088,1,2026/06/21
XM803261,風の精霊,36.561361,140.384088,1,2026/05/31
XM803264,大地の精霊,36.574083,140.411523,1,2026/06/02
XM803264,炎の精霊,36.574083,140.411523,1,2026/08/05
XM803264,風の精霊,36.574083,140.411523,1,2026/06/10
XM803267,風の精霊,36.586802,140.438957,2,2026/07/13
XM803268,水の精霊,36.599519,140.411523,1,2026/05/01
XM803268,炎の精霊,36.599519,140.411523,1,2026/05/10
XM803273,風の精霊,36.599519,140.356653,1,2026/05/05
XM803411,大地の精霊,36.523184,140.631001,3,2026/06/19
XM803411,水の精霊,36.523184,140.631001,1,2026/07/14
XM803411,風の精霊,36.523184,140.631001,2,2026/07/16
XM803415,炎の精霊,36.548637,140.631001,1,2026/05/17
XM803421,大地の精霊,36.561361,140.548697,2,2026/06/01
XM803421,炎の精霊,36.561361,140.548697,2,2026/07/10
XM803421,風の精霊,36.561361,140.548697,1,2026/07/04
XM803427,風の精霊,36.586802,140.603567,1,2026/05/06
XM803450,水の精霊,36.586802,140.658436,1,2026/06/20
XM803450,炎の精霊,36.586802,140.658436,1,2026/06/08
XM803454,炎の精霊,36.612235,140.658436,1,2026/04/19
XM803454,風の精霊,36.612235,140.658436,1,2026/07/11
XM803457,大地の精霊,36.624948,140.685871,1,2026/07/21
XM803457,水の精霊,36.624948,140.685871,2,2026/07/19
XM803457,炎の精霊,36.624948,140.685871,1,2026/05/08
XM803458,風の精霊,36.637659,140.658436,1,2026/05/19
XM803485,大地の精霊,36.663075,140.713306,5,2026/07/30
XM803485,水の精霊,36.663075,140.713306,1,2026/06/18
XM803531,大地の精霊,36.637659,140.548697,1,2026/07/07
XM803531,水の精霊,36.637659,140.548697,1,2026/07/31
XM803531,炎の精霊,36.637659,140.548697,1,2026/06/11
XM803543,水の精霊,36.675780,140.521262,1,2026/07/22
XM803563,大地の精霊,36.675780,140.685871,2,2026/07/14
XM803563,炎の精霊,36.675780,140.685871,1,2026/07/23
XM803563,風の精霊,36.675780,140.685871,2,2026/06/07
XM803564,水の精霊,36.688482,140.658436,2,2026/07/04
XM803564,炎の精霊,36.688482,140.658436,3,2026/07/22
XM803564,風の精霊,36.688482,140.658436,1,2026/06/12
XM803567,炎の精霊,36.701183,140.685871,1,2026/04/28
XM803568,炎の精霊,36.713881,140.658436,1,2026/04/30
XM803801,大地の精霊,36.713881,140.713306,1,2026/05/18
XM803801,風の精霊,36.713881,140.713306,1,2026/07/16
XM803805,大地の精霊,36.739272,140.713306,2,2026/06/13
XM803805,水の精霊,36.739272,140.713306,1,2026/06/29
XM803805,炎の精霊,36.739272,140.713306,2,2026/08/04
XM803817,大地の精霊,36.777342,140.685871,1,2026/05/24
XM803817,炎の精霊,36.777342,140.685871,2,2026/05/25
XM803817,風の精霊,36.777342,140.685871,1,2026/06/22
XM803840,水の精霊,36.777342,140.740741,1,2026/04/15
XM803840,炎の精霊,36.777342,140.740741,1,2026/04/25
XM803840,風の精霊,36.777342,140.740741,1,2026/07/06
XM803841,大地の精霊,36.790028,140.713306,1,2026/06/18
XM803845,水の精霊,36.815394,140.713306,1,2026/04/15
XM803848,風の精霊,36.828073,140.740741,1,2026/04/18
XM803871,炎の精霊,36.828073,140.795610,1,2026/07/09
XM803875,炎の精霊,36.853426,140.795610,2,2026/07/26
XM803875,風の精霊,36.853426,140.795610,1,2026/07/19
XM803883,水の精霊,36.866100,140.768176,1,2026/05/04
XM803883,風の精霊,36.866100,140.768176,1,2026/08/03
XM803888,炎の精霊,36.904107,140.740741,1,2026/05/30
XM803888,風の精霊,36.904107,140.740741,1,2026/05/29
XM804005,水の精霊,36.624948,139.972565,1,2026/07/06
XM804007,炎の精霊,36.624948,140.027435,1,2026/07/31
XM804008,風の精霊,36.637659,140.000000,1,2026/04/29
XM804010,水の精霊,36.624948,139.917695,1,2026/05/22
XM804010,炎の精霊,36.624948,139.917695,1,2026/05/02
XM804010,風の精霊,36.624948,139.917695,2,2026/05/08
XM804013,水の精霊,36.637659,139.945130,2,2026/06/30
XM804013,風の精霊,36.637659,139.945130,1,2026/04/23
XM804014,風の精霊,36.650368,139.917695,2,2026/07/19
XM804015,炎の精霊,36.663075,139.890261,1,2026/06/14
XM804017,炎の精霊,36.663075,139.945130,1,2026/04/22
XM804017,風の精霊,36.663075,139.945130,1,2026/04/18
XM804018,水の精霊,36.675780,139.917695,1,2026/05/03
XM804020,風の精霊,36.663075,139.835391,2,2026/07/05
XM804025,水の精霊,36.701183,139.807956,1,2026/06/25
XM804043,炎の精霊,36.675780,140.027435,1,2026/05/20
XM804043,風の精霊,36.675780,140.027435,1,2026/05/29
XM804047,風の精霊,36.701183,140.027435,1,2026/04/28
XM804051,炎の精霊,36.713881,139.890261,1,2026/07/08
XM804051,風の精霊,36.713881,139.890261,1,2026/05/03
XM804053,水の精霊,36.713881,139.945130,1,2026/05/28
XM804055,大地の精霊,36.739272,139.890261,1,2026/05/11
XM804058,炎の精霊,36.751964,139.917695,2,2026/06/22
XM804058,風の精霊,36.751964,139.917695,1,2026/04/23
XM804065,水の精霊,36.701183,140.137174,1,2026/08/08
XM804070,風の精霊,36.701183,140.082305,1,2026/04/20
XM804074,大地の精霊,36.726578,140.082305,1,2026/05/15
XM804074,炎の精霊,36.726578,140.082305,1,2026/05/17
XM804080,水の精霊,36.739272,140.000000,1,2026/04/18
XM804081,大地の精霊,36.751964,139.972565,2,2026/08/03
XM804083,風の精霊,36.751964,140.027435,1,2026/06/05
XM804084,炎の精霊,36.764654,140.000000,1,2026/08/07
XM804087,水の精霊,36.777342,140.027435,1,2026/04/25
XM804088,風の精霊,36.790028,140.000000,2,2026/06/24
XM804100,水の精霊,36.701183,139.753086,1,2026/05/04
XM804100,風の精霊,36.701183,139.753086,1,2026/06/01
XM804101,風の精霊,36.713881,139.725652,2,2026/06/02
XM804103,大地の精霊,36.713881,139.780521,1,2026/04/22
XM804103,風の精霊,36.713881,139.780521,1,2026/07/22
XM804104,風の精霊,36.726578,139.753086,1,2026/05/27
XM804105,風の精霊,36.739272,139.725652,2,2026/06/17
XM804107,風の精霊,36.739272,139.780521,1,2026/05/24
XM804110,炎の精霊,36.739272,139.670782,2,2026/07/14
XM804110,風の精霊,36.739272,139.670782,1,2026/06/16
XM804111,大地の精霊,36.751964,139.643347,1,2026/08/03
XM804111,炎の精霊,36.751964,139.643347,2,2026/08/03
XM804114,炎の精霊,36.764654,139.670782,1,2026/07/15
XM804117,風の精霊,36.777342,139.698217,2,2026/04/24
XM804131,大地の精霊,36.751964,139.807956,1,2026/07/25
XM804131,風の精霊,36.751964,139.807956,1,2026/06/20
XM804134,水の精霊,36.764654,139.835391,1,2026/06/08
XM804135,水の精霊,36.777342,139.807956,1,2026/07/26
XM804135,炎の精霊,36.777342,139.807956,1,2026/04/25
XM804137,炎の精霊,36.777342,139.862826,1,2026/06/28
XM804143,水の精霊,36.790028,139.780521,2,2026/07/30
XM804143,風の精霊,36.790028,139.780521,1,2026/07/17
XM804161,風の精霊,36.790028,139.890261,2,2026/05/06
XM804163,風の精霊,36.790028,139.945130,1,2026/07/05
XM804164,風の精霊,36.802712,139.917695,1,2026/05/26
XM804167,大地の精霊,36.815394,139.945130,1,2026/08/02
XM804167,炎の精霊,36.815394,139.945130,1,2026/08/08
XM804305,風の精霊,36.739272,140.219479,1,2026/06/11
XM804311,水の精霊,36.751964,140.137174,1,2026/07/07
XM804315,風の精霊,36.777342,140.137174,2,2026/07/31
XM804320,炎の精霊,36.777342,140.082305,1,2026/06/18
XM804327,風の精霊,36.815394,140.109739,1,2026/07/17
XM804334,大地の精霊,36.764654,140.329218,1,2026/05/02
XM804337,炎の精霊,36.777342,140.356653,1,2026/08/08
XM804340,風の精霊,36.777342,140.246914,1,2026/07/12
XM804351,大地の精霊,36.828073,140.137174,1,2026/07/06
XM804351,炎の精霊,36.828073,140.137174,2,2026/07/06
XM804354,炎の精霊,36.840751,140.164609,1,2026/05/05
XM804358,水の精霊,36.866100,140.164609,1,2026/04/27
XM804365,風の精霊,36.815394,140.384088,1,2026/05/03
XM804400,水の精霊,36.815394,140.000000,1,2026/06/30
XM804400,炎の精霊,36.815394,140.000000,1,2026/06/16
XM804400,風の精霊,36.815394,140.000000,1,2026/04/16
XM804401,風の精霊,36.828073,139.972565,1,2026/07/22
XM804407,風の精霊,36.853426,140.027435,2,2026/08/05
XM804408,風の精霊,36.866100,140.000000,1,2026/07/11
XM804410,大地の精霊,36.853426,139.917695,1,2026/04/13
XM804410,炎の精霊,36.853426,139.917695,1,2026/04/13
XM804413,大地の精霊,36.866100,139.945130,2,2026/08/05
XM804413,炎の精霊,36.866100,139.945130,1,2026/07/23
XM804413,風の精霊,36.866100,139.945130,1,2026/05/08
XM804414,大地の精霊,36.878771,139.917695,1,2026/05/16
XM804414,水の精霊,36.878771,139.917695,1,2026/07/02
XM804417,水の精霊,36.891440,139.945130,1,2026/07/22
XM804430,大地の精霊,36.853426,140.082305,1,2026/04/19
XM804430,風の精霊,36.853426,140.082305,1,2026/05/31
XM804431,炎の精霊,36.866100,140.054870,1,2026/06/01
XM804431,風の精霊,36.866100,140.054870,1,2026/05/12
XM804433,水の精霊,36.866100,140.109739,1,2026/06/29
XM804434,水の精霊,36.878771,140.082305,1,2026/05/01
XM804435,大地の精霊,36.891440,140.054870,1,2026/07/05
XM804435,風の精霊,36.891440,140.054870,1,2026/06/06
XM804438,水の精霊,36.904107,140.082305,1,2026/05/21
XM804438,炎の精霊,36.904107,140.082305,1,2026/07/14
XM804438,風の精霊,36.904107,140.082305,1,2026/08/03
XM804444,大地の精霊,36.916772,140.000000,2,2026/07/03
XM804457,水の精霊,36.967410,139.945130,1,2026/06/13
XM804461,水の精霊,36.904107,140.137174,1,2026/05/20
XM804461,炎の精霊,36.904107,140.137174,1,2026/06/13
XM804461,風の精霊,36.904107,140.137174,1,2026/04/29
XM804464,炎の精霊,36.916772,140.164609,1,2026/06/08
XM804465,風の精霊,36.929434,140.137174,1,2026/08/06
XM804468,水の精霊,36.942095,140.164609,1,2026/06/21
XM804468,風の精霊,36.942095,140.164609,1,2026/08/04
XM804470,風の精霊,36.929434,140.082305,3,2026/06/02
XM804473,炎の精霊,36.942095,140.109739,2,2026/06/28
XM804474,大地の精霊,36.954754,140.082305,2,2026/06/07
XM804474,風の精霊,36.954754,140.082305,1,2026/06/20
XM804475,炎の精霊,36.967410,140.054870,1,2026/05/08
XM804475,風の精霊,36.967410,140.054870,1,2026/06/27
XM804477,水の精霊,36.967410,140.109739,1,2026/05/14
XM804477,炎の精霊,36.967410,140.109739,1,2026/06/17
XM804478,大地の精霊,36.980065,140.082305,1,2026/06/04
XM804480,水の精霊,36.967410,140.000000,1,2026/04/27
XM804481,風の精霊,36.980065,139.972565,1,2026/07/13
XM804483,大地の精霊,36.980065,140.027435,1,2026/08/05
XM804483,水の精霊,36.980065,140.027435,1,2026/07/27
XM804483,炎の精霊,36.980065,140.027435,1,2026/07/30
XM804484,大地の精霊,36.992717,140.000000,1,2026/05/18
XM804487,炎の精霊,37.005367,140.027435,1,2026/07/07
XM804488,風の精霊,37.018015,140.000000,1,2026/05/24
XM804567,大地の精霊,37.043305,139.945130,2,2026/06/14
XM804567,水の精霊,37.043305,139.945130,1,2026/07/11
XM804567,風の精霊,37.043305,139.945130,1,2026/07/07
XM804710,風の精霊,36.967410,140.164609,2,2026/05/07
XM804713,大地の精霊,36.980065,140.192044,1,2026/06/12
XM804714,水の精霊,36.992717,140.164609,1,2026/06/26
XM804715,水の精霊,37.005367,140.137174,2,2026/05/19
XM804721,水の精霊,37.018015,140.054870,1,2026/05/06
XM804754,大地の精霊,37.068586,140.164609,1,2026/07/25
XM804754,風の精霊,37.068586,140.164609,2,2026/07/25
XM804757,水の精霊,37.081224,140.192044,1,2026/07/13
XM804757,炎の精霊,37.081224,140.192044,2,2026/08/03
XM804761,水の精霊,37.018015,140.384088,1,2026/06/18
XM804761,炎の精霊,37.018015,140.384088,1,2026/07/10
XM804765,風の精霊,37.043305,140.384088,1,2026/06/20
XM804770,大地の精霊,37.043305,140.329218,1,2026/05/18
XM804770,風の精霊,37.043305,140.329218,1,2026/06/16
XM804775,炎の精霊,37.081224,140.301783,2,2026/04/28
XM804778,炎の精霊,37.093859,140.329218,1,2026/07/09
XM804778,風の精霊,37.093859,140.329218,1,2026/07/23
XM804781,水の精霊,37.093859,140.219479,4,2026/08/01
XM804781,炎の精霊,37.093859,140.219479,2,2026/07/28
XM804783,大地の精霊,37.093859,140.274348,1,2026/07/21
XM804783,水の精霊,37.093859,140.274348,2,2026/06/24
XM804783,炎の精霊,37.093859,140.274348,2,2026/07/21
XM804783,風の精霊,37.093859,140.274348,2,2026/06/21
XM804805,水の精霊,37.081224,139.972565,1,2026/05/02
XM804813,大地の精霊,37.093859,139.945130,1,2026/04/17
XM804833,風の精霊,37.093859,140.109739,1,2026/05/03
XM804837,風の精霊,37.119124,140.109739,1,2026/05/15
XM804840,水の精霊,37.119124,140.000000,1,2026/05/27
XM804840,炎の精霊,37.119124,140.000000,1,2026/06/12
XM804840,風の精霊,37.119124,140.000000,2,2026/06/15
XM804860,炎の精霊,37.119124,140.164609,1,2026/05/25
XM804861,風の精霊,37.131753,140.137174,1,2026/04/23
XM804863,大地の精霊,37.131753,140.192044,1,2026/04/28
XM804863,炎の精霊,37.131753,140.192044,2,2026/08/04
XM804873,水の精霊,37.169627,140.109739,1,2026/05/06
XM805113,炎の精霊,37.093859,138.957476,1,2026/07/11
XM805114,風の精霊,37.106492,138.930041,2,2026/07/08
XM805115,水の精霊,37.119124,138.902606,1,2026/07/26
XM805115,炎の精霊,37.119124,138.902606,1,2026/07/29
XM805115,風の精霊,37.119124,138.902606,1,2026/07/12
XM805118,大地の精霊,37.131753,138.930041,1,2026/07/01
XM805150,風の精霊,37.157005,138.930041,1,2026/05/27
XM805153,風の精霊,37.169627,138.957476,2,2026/06/27
XM805154,風の精霊,37.182248,138.930041,2,2026/07/18
XM805155,炎の精霊,37.194867,138.902606,1,2026/04/29
XM805157,水の精霊,37.194867,138.957476,2,2026/07/24
XM805157,炎の精霊,37.194867,138.957476,2,2026/04/25
XM805184,風の精霊,37.220097,139.012346,2,2026/07/23
XM805185,大地の精霊,37.232710,138.984911,1,2026/05/22
XM805185,炎の精霊,37.232710,138.984911,1,2026/07/10
XM805201,風の精霊,37.169627,138.737997,1,2026/04/13
XM805205,大地の精霊,37.194867,138.737997,1,2026/05/12
XM805210,大地の精霊,37.194867,138.683128,1,2026/05/23
XM805210,風の精霊,37.194867,138.683128,2,2026/07/04
XM805211,大地の精霊,37.207483,138.655693,1,2026/06/19
XM805211,水の精霊,37.207483,138.655693,1,2026/07/24
XM805211,炎の精霊,37.207483,138.655693,1,2026/06/01
XM805211,風の精霊,37.207483,138.655693,2,2026/07/23
XM805227,大地の精霊,37.270534,138.628258,1,2026/07/08
XM805227,水の精霊,37.270534,138.628258,1,2026/07/18
XM805227,風の精霊,37.270534,138.628258,1,2026/06/04
XM805235,大地の精霊,37.232710,138.820302,1,2026/04/17
XM805243,風の精霊,37.245320,138.792867,1,2026/06/21
XM805247,大地の精霊,37.270534,138.792867,2,2026/07/01
XM805247,水の精霊,37.270534,138.792867,1,2026/07/25
XM805247,炎の精霊,37.270534,138.792867,1,2026/05/30
XM805253,大地の精霊,37.283137,138.710562,1,2026/05/16
XM805254,水の精霊,37.295739,138.683128,1,2026/04/18
XM805254,風の精霊,37.295739,138.683128,1,2026/04/16
XM805257,風の精霊,37.308339,138.710562,1,2026/07/16
XM805260,大地の精霊,37.232710,138.930041,1,2026/06/24
XM805260,水の精霊,37.232710,138.930041,1,2026/07/04
XM805260,炎の精霊,37.232710,138.930041,2,2026/08/08
XM805260,風の精霊,37.232710,138.930041,4,2026/07/19
XM805263,大地の精霊,37.245320,138.957476,1,2026/07/27
XM805263,炎の精霊,37.245320,138.957476,1,2026/08/05
XM805263,風の精霊,37.245320,138.957476,2,2026/06/20
XM805264,水の精霊,37.257928,138.930041,1,2026/04/21
XM805267,炎の精霊,37.270534,138.957476,1,2026/05/09
XM805270,水の精霊,37.270534,138.847737,1,2026/06/19
XM805270,炎の精霊,37.270534,138.847737,1,2026/06/01
XM805271,大地の精霊,37.283137,138.820302,1,2026/05/02
XM805274,大地の精霊,37.295739,138.847737,2,2026/04/19
XM805275,大地の精霊,37.308339,138.820302,1,2026/06/25
XM805278,風の精霊,37.320936,138.847737,1,2026/05/12
XM805283,水の精霊,37.320936,138.792867,1,2026/05/17
XM805283,風の精霊,37.320936,138.792867,1,2026/06/07
XM805284,炎の精霊,37.333532,138.765432,1,2026/04/22
XM805287,水の精霊,37.346125,138.792867,1,2026/05/01
XM805287,炎の精霊,37.346125,138.792867,1,2026/06/28
XM805501,風の精霊,37.283137,138.984911,1,2026/05/27
XM805521,水の精霊,37.358716,138.820302,2,2026/07/28
XM805521,炎の精霊,37.358716,138.820302,1,2026/07/22
XM805521,風の精霊,37.358716,138.820302,1,2026/07/08
XM805528,大地の精霊,37.396477,138.847737,1,2026/07/15
XM805588,水の精霊,37.471941,139.012346,1,2026/06/09
XM805588,炎の精霊,37.471941,139.012346,1,2026/08/06
XM805588,風の精霊,37.471941,139.012346,1,2026/06/11
XM805661,風の精霊,37.245320,139.890261,1,2026/06/11
XM805738,炎の精霊,37.358716,139.588477,1,2026/04/17
XM806224,大地の精霊,36.916772,140.823045,1,2026/05/16
XM806225,水の精霊,36.929434,140.795610,2,2026/06/21
XM806228,大地の精霊,36.942095,140.823045,1,2026/06/13
XM806251,炎の精霊,36.942095,140.877915,1,2026/05/23
XM806254,炎の精霊,36.954754,140.905350,1,2026/07/15
XM806255,風の精霊,36.967410,140.877915,2,2026/05/06
XM806258,炎の精霊,36.980065,140.905350,1,2026/04/25
XM807000,風の精霊,36.929434,140.740741,1,2026/06/11
XM807003,大地の精霊,36.942095,140.768176,1,2026/04/17
XM807003,炎の精霊,36.942095,140.768176,1,2026/04/17
XM807031,大地の精霊,36.980065,140.795610,1,2026/05/08
XM807033,水の精霊,36.980065,140.850480,1,2026/05/19
XM807034,炎の精霊,36.992717,140.823045,1,2026/05/21
XM807034,風の精霊,36.992717,140.823045,1,2026/07/25
XM807035,水の精霊,37.005367,140.795610,1,2026/06/11
XM807035,風の精霊,37.005367,140.795610,1,2026/07/27
XM807037,炎の精霊,37.005367,140.850480,1,2026/06/19
XM807038,大地の精霊,37.018015,140.823045,1,2026/06/24
XM807038,水の精霊,37.018015,140.823045,1,2026/04/27
XM807043,風の精霊,37.018015,140.768176,1,2026/04/21
XM807060,水の精霊,37.005367,140.905350,1,2026/07/30
XM807060,風の精霊,37.005367,140.905350,1,2026/05/17
XM807061,大地の精霊,37.018015,140.877915,1,2026/07/06
XM807061,炎の精霊,37.018015,140.877915,1,2026/05/15
XM807061,風の精霊,37.018015,140.877915,1,2026/05/22
XM807063,水の精霊,37.018015,140.932785,1,2026/05/04
XM807065,炎の精霊,37.043305,140.877915,1,2026/06/21
XM807067,炎の精霊,37.043305,140.932785,1,2026/05/07
XM807068,風の精霊,37.055947,140.905350,1,2026/06/04
XM807073,炎の精霊,37.055947,140.850480,1,2026/06/05
XM807073,風の精霊,37.055947,140.850480,2,2026/07/18
XM807110,炎の精霊,37.081224,140.411523,2,2026/07/08
XM807111,水の精霊,37.093859,140.384088,1,2026/07/29
XM807114,炎の精霊,37.106492,140.411523,1,2026/04/12
XM807121,炎の精霊,37.131753,140.301783,1,2026/06/16
XM807121,風の精霊,37.131753,140.301783,1,2026/08/01
XM807124,水の精霊,37.144380,140.329218,1,2026/07/26
XM807127,風の精霊,37.157005,140.356653,1,2026/07/18
XM807154,風の精霊,37.182248,140.411523,1,2026/06/22
XM807155,炎の精霊,37.194867,140.384088,1,2026/06/12
XM807158,大地の精霊,37.207483,140.411523,2,2026/05/31
XM807158,炎の精霊,37.207483,140.411523,1,2026/04/24
XM807158,風の精霊,37.207483,140.411523,2,2026/06/28
XM807181,風の精霊,37.207483,140.466392,2,2026/07/09
XM807201,風の精霊,37.169627,140.219479,2,2026/06/28
XM807203,水の精霊,37.169627,140.274348,1,2026/06/09
XM807207,風の精霊,37.194867,140.274348,1,2026/05/27
XM807208,風の精霊,37.207483,140.246914,1,2026/04/18
XM807233,炎の精霊,37.207483,140.356653,1,2026/07/10
XM807237,水の精霊,37.232710,140.356653,1,2026/05/24
XM807237,風の精霊,37.232710,140.356653,2,2026/07/16
XM807238,大地の精霊,37.245320,140.329218,1,2026/04/19
XM807238,炎の精霊,37.245320,140.329218,1,2026/04/26
XM807238,風の精霊,37.245320,140.329218,1,2026/05/23
XM807241,大地の精霊,37.245320,140.219479,1,2026/05/09
XM807244,水の精霊,37.257928,140.246914,1,2026/05/23
XM807253,風の精霊,37.283137,140.192044,1,2026/06/20
XM807260,大地の精霊,37.232710,140.411523,1,2026/04/17
XM807261,水の精霊,37.245320,140.384088,1,2026/05/22
XM807261,炎の精霊,37.245320,140.384088,1,2026/07/04
XM807261,風の精霊,37.245320,140.384088,2,2026/06/30
XM807270,風の精霊,37.270534,140.329218,1,2026/06/13
XM807271,風の精霊,37.283137,140.301783,1,2026/05/28
XM807273,大地の精霊,37.283137,140.356653,1,2026/06/30
XM807274,大地の精霊,37.295739,140.329218,1,2026/04/22
XM807277,水の精霊,37.308339,140.356653,1,2026/07/03
XM807278,風の精霊,37.320936,140.329218,1,2026/04/19
XM807280,炎の精霊,37.308339,140.246914,1,2026/05/04
XM807280,風の精霊,37.308339,140.246914,1,2026/06/04
XM807281,大地の精霊,37.320936,140.219479,1,2026/07/09
XM807305,大地の精霊,37.081224,140.960219,1,2026/05/04
XM807305,水の精霊,37.081224,140.960219,1,2026/06/03
XM807305,風の精霊,37.081224,140.960219,1,2026/06/05
XM807308,水の精霊,37.093859,140.987654,1,2026/07/06
XM807310,風の精霊,37.081224,140.905350,1,2026/05/28
XM807311,大地の精霊,37.093859,140.877915,1,2026/04/28
XM807313,炎の精霊,37.093859,140.932785,1,2026/06/13
XM807314,炎の精霊,37.106492,140.905350,1,2026/05/09
XM807341,風の精霊,37.131753,140.960219,1,2026/04/21
XM807344,大地の精霊,37.144380,140.987654,1,2026/04/26
XM807344,炎の精霊,37.144380,140.987654,1,2026/07/18
XM807344,風の精霊,37.144380,140.987654,1,2026/07/25
XM807388,水の精霊,37.245320,140.987654,1,2026/07/19
XM807388,炎の精霊,37.245320,140.987654,1,2026/07/18
XM807451,大地の精霊,37.283137,140.631001,2,2026/08/08
XM807451,炎の精霊,37.283137,140.631001,3,2026/07/07
XM807451,風の精霊,37.283137,140.631001,2,2026/07/27
XM807458,炎の精霊,37.320936,140.658436,1,2026/07/04
XM807510,風の精霊,37.308339,140.411523,1,2026/07/27
XM807511,風の精霊,37.320936,140.384088,1,2026/07/24
XM807514,水の精霊,37.333532,140.411523,1,2026/07/11
XM807514,風の精霊,37.333532,140.411523,2,2026/06/20
XM807515,水の精霊,37.346125,140.384088,1,2026/05/22
XM807515,炎の精霊,37.346125,140.384088,2,2026/06/28
XM807517,水の精霊,37.346125,140.438957,1,2026/07/12
XM807518,水の精霊,37.358716,140.411523,1,2026/04/29
XM807518,風の精霊,37.358716,140.411523,1,2026/08/04
XM807520,炎の精霊,37.346125,140.329218,1,2026/05/21
XM807520,風の精霊,37.346125,140.329218,1,2026/05/18
XM807521,水の精霊,37.358716,140.301783,1,2026/07/04
XM807521,風の精霊,37.358716,140.301783,1,2026/04/20
XM807523,風の精霊,37.358716,140.356653,2,2026/07/12
XM807524,風の精霊,37.371305,140.329218,2,2026/07/28
XM807527,水の精霊,37.383892,140.356653,1,2026/05/16
XM807528,大地の精霊,37.396477,140.329218,1,2026/08/02
XM807528,風の精霊,37.396477,140.329218,1,2026/06/25
XM807548,大地の精霊,37.396477,140.493827,1,2026/06/06
XM807550,風の精霊,37.383892,140.411523,1,2026/07/30
XM807553,炎の精霊,37.396477,140.438957,1,2026/05/11
XM807555,炎の精霊,37.421640,140.384088,1,2026/07/29
XM807557,水の精霊,37.421640,140.438957,1,2026/05/07
XM807581,風の精霊,37.434218,140.466392,1,2026/07/25
XM807583,炎の精霊,37.434218,140.521262,1,2026/05/27
XM807587,炎の精霊,37.459369,140.521262,1,2026/06/13
XM807587,風の精霊,37.459369,140.521262,1,2026/05/28
XM807588,大地の精霊,37.471941,140.493827,2,2026/07/09
XM807588,水の精霊,37.471941,140.493827,1,2026/06/18
XM807700,大地の精霊,37.270534,140.987654,1,2026/05/13
XM807705,風の精霊,37.308339,140.960219,1,2026/04/30
XM807741,大地の精霊,37.358716,140.960219,1,2026/04/14
XM807745,水の精霊,37.383892,140.960219,1,2026/07/01
XM807748,大地の精霊,37.396477,140.987654,2,2026/05/05
XM807783,大地の精霊,37.434218,141.015089,1,2026/07/10
XM807824,風の精霊,37.484511,140.576132,1,2026/07/10
XM807850,風の精霊,37.497079,140.658436,1,2026/05/31
XM808010,風の精霊,37.308339,139.917695,1,2026/06/06
XM808014,風の精霊,37.333532,139.917695,1,2026/05/06
XM808058,炎の精霊,37.434218,139.917695,1,2026/05/30
XM808131,風の精霊,37.434218,139.807956,2,2026/06/26
XM808133,炎の精霊,37.434218,139.862826,1,2026/07/07
XM808134,大地の精霊,37.446795,139.835391,1,2026/07/10
XM808137,炎の精霊,37.459369,139.862826,1,2026/05/16
XM808137,風の精霊,37.459369,139.862826,2,2026/07/18
XM808138,風の精霊,37.471941,139.835391,1,2026/08/06
XM808160,風の精霊,37.459369,139.917695,1,2026/04/13
XM808161,水の精霊,37.471941,139.890261,1,2026/07/16
XM808164,風の精霊,37.484511,139.917695,1,2026/06/24
XM808165,大地の精霊,37.497079,139.890261,2,2026/05/14
XM808168,大地の精霊,37.509645,139.917695,1,2026/04/19
XM808171,炎の精霊,37.509645,139.807956,1,2026/05/10
XM808173,炎の精霊,37.509645,139.862826,1,2026/07/20
XM808173,風の精霊,37.509645,139.862826,2,2026/06/28
XM808177,風の精霊,37.534770,139.862826,1,2026/07/31
XM808187,炎の精霊,37.572442,139.780521,1,2026/04/17
XM808261,風の精霊,37.584995,139.643347,1,2026/04/16
XM808281,炎の精霊,37.660269,139.478738,1,2026/07/03
XM808283,風の精霊,37.660269,139.533608,1,2026/04/19
XM808303,炎の精霊,37.396477,140.274348,1,2026/05/07
XM808307,大地の精霊,37.421640,140.274348,1,2026/04/26
XM808330,大地の精霊,37.421640,140.329218,3,2026/08/03
XM808330,水の精霊,37.421640,140.329218,1,2026/07/16
XM808330,風の精霊,37.421640,140.329218,1,2026/07/11
XM808331,水の精霊,37.434218,140.301783,2,2026/07/06
XM808333,炎の精霊,37.434218,140.356653,1,2026/07/09
XM808334,水の精霊,37.446795,140.329218,2,2026/07/20
XM808334,炎の精霊,37.446795,140.329218,2,2026/05/20
XM808334,風の精霊,37.446795,140.329218,1,2026/07/22
XM808337,大地の精霊,37.459369,140.356653,1,2026/05/06
XM808337,水の精霊,37.459369,140.356653,2,2026/05/04
XM808337,風の精霊,37.459369,140.356653,3,2026/08/02
XM808338,大地の精霊,37.471941,140.329218,1,2026/05/19
XM808340,水の精霊,37.459369,140.246914,1,2026/05/09
XM808343,風の精霊,37.471941,140.274348,1,2026/05/07
XM808351,大地の精霊,37.509645,140.137174,1,2026/08/08
XM808351,炎の精霊,37.509645,140.137174,1,2026/08/08
XM808351,風の精霊,37.509645,140.137174,2,2026/06/15
XM808361,風の精霊,37.471941,140.384088,3,2026/06/19
XM808363,風の精霊,37.471941,140.438957,1,2026/06/07
XM808364,風の精霊,37.484511,140.411523,1,2026/08/06
XM808368,炎の精霊,37.509645,140.411523,1,2026/04/21
XM808400,風の精霊,37.497079,140.000000,1,2026/06/11
XM808401,大地の精霊,37.509645,139.972565,1,2026/04/16
XM808413,水の精霊,37.547329,139.945130,1,2026/06/12
XM808420,炎の精霊,37.572442,139.835391,1,2026/05/05
XM808421,風の精霊,37.584995,139.807956,1,2026/05/29
XM808428,風の精霊,37.622641,139.835391,2,2026/06/22
XM808430,水の精霊,37.534770,140.082305,1,2026/07/02
XM808430,風の精霊,37.534770,140.082305,2,2026/07/20
XM808431,水の精霊,37.547329,140.054870,1,2026/04/27
XM808431,風の精霊,37.547329,140.054870,1,2026/07/22
XM808433,水の精霊,37.547329,140.109739,1,2026/07/23
XM808433,風の精霊,37.547329,140.109739,2,2026/06/13
XM808434,水の精霊,37.559886,140.082305,2,2026/05/03
XM808437,大地の精霊,37.572442,140.109739,3,2026/06/07
XM808443,大地の精霊,37.584995,140.027435,1,2026/06/02
XM808451,大地の精霊,37.622641,139.890261,1,2026/04/22
XM808458,炎の精霊,37.660269,139.917695,1,2026/05/14
XM808465,大地の精霊,37.610095,140.137174,1,2026/05/04
XM808468,風の精霊,37.622641,140.164609,1,2026/06/23
XM808478,炎の精霊,37.660269,140.082305,1,2026/07/08
XM808501,風の精霊,37.622641,139.725652,1,2026/05/02
XM808503,風の精霊,37.622641,139.780521,1,2026/05/06
XM808533,大地の精霊,37.660269,139.862826,1,2026/06/08
XM808533,炎の精霊,37.660269,139.862826,1,2026/06/01
XM808537,水の精霊,37.685343,139.862826,1,2026/06/09
XM808537,炎の精霊,37.685343,139.862826,1,2026/05/30
XM808614,水の精霊,37.559886,140.411523,1,2026/07/03
XM808614,炎の精霊,37.559886,140.411523,1,2026/07/08
XM808617,風の精霊,37.572442,140.438957,3,2026/08/01
XM808618,大地の精霊,37.584995,140.411523,1,2026/07/10
XM808618,風の精霊,37.584995,140.411523,1,2026/04/23
XM808627,炎の精霊,37.610095,140.356653,1,2026/05/12
XM808627,風の精霊,37.610095,140.356653,1,2026/05/31
XM808637,風の精霊,37.572442,140.603567,1,2026/05/03
XM808640,風の精霊,37.572442,140.493827,1,2026/06/09
XM808644,風の精霊,37.597546,140.493827,1,2026/06/28
XM808651,風の精霊,37.622641,140.384088,1,2026/04/23
XM808657,大地の精霊,37.647728,140.438957,2,2026/06/14
XM808657,水の精霊,37.647728,140.438957,1,2026/06/09
XM808675,風の精霊,37.647728,140.548697,1,2026/04/25
XM808680,水の精霊,37.647728,140.493827,1,2026/05/09
XM808680,炎の精霊,37.647728,140.493827,1,2026/06/24
XM808681,炎の精霊,37.660269,140.466392,2,2026/05/21
XM808685,大地の精霊,37.685343,140.466392,1,2026/05/20
XM808687,水の精霊,37.685343,140.521262,1,2026/06/17
XM808688,炎の精霊,37.697877,140.493827,1,2026/07/03
XM808710,大地の精霊,37.647728,140.164609,1,2026/05/07
XM808720,炎の精霊,37.685343,140.082305,1,2026/06/25
XM808720,風の精霊,37.685343,140.082305,2,2026/05/31
XM808763,大地の精霊,37.697877,140.438957,1,2026/07/10
XM808763,水の精霊,37.697877,140.438957,2,2026/08/04
XM808763,風の精霊,37.697877,140.438957,2,2026/05/27
XM808764,炎の精霊,37.710409,140.411523,1,2026/04/15
XM808764,風の精霊,37.710409,140.411523,3,2026/04/19
XM808765,風の精霊,37.722939,140.384088,2,2026/06/07
XM808767,水の精霊,37.722939,140.438957,1,2026/06/03
XM808767,風の精霊,37.722939,140.438957,1,2026/04/21
XM808768,風の精霊,37.735466,140.411523,1,2026/07/28
XM808773,水の精霊,37.735466,140.356653,1,2026/05/24
XM808773,風の精霊,37.735466,140.356653,1,2026/07/30
XM808774,水の精霊,37.747992,140.329218,1,2026/04/27
XM808777,水の精霊,37.760515,140.356653,2,2026/07/12
XM808777,炎の精霊,37.760515,140.356653,1,2026/07/20
XM808777,風の精霊,37.760515,140.356653,2,2026/06/20
XM808870,風の精霊,37.835611,140.082305,1,2026/07/08
XM808877,大地の精霊,37.873131,140.109739,1,2026/06/01
XM808877,水の精霊,37.873131,140.109739,1,2026/07/26
XM808877,炎の精霊,37.873131,140.109739,2,2026/05/17
XM808877,風の精霊,37.873131,140.109739,1,2026/07/04
XM810034,炎の精霊,36.992717,137.860082,1,2026/05/06
XM810038,炎の精霊,37.018015,137.860082,1,2026/06/17
XM810038,風の精霊,37.018015,137.860082,1,2026/06/29
XM810065,水の精霊,37.043305,137.914952,1,2026/08/08
XM810065,炎の精霊,37.043305,137.914952,2,2026/05/28
XM810070,風の精霊,37.043305,137.860082,2,2026/07/26
XM810073,炎の精霊,37.055947,137.887517,1,2026/07/18
XM810225,水の精霊,37.270534,137.091907,1,2026/07/28
XM810225,風の精霊,37.270534,137.091907,1,2026/06/22
XM810305,炎の精霊,37.081224,137.997257,3,2026/07/25
XM810313,大地の精霊,37.093859,137.969822,1,2026/07/20
XM810340,大地の精霊,37.119124,138.024691,1,2026/04/24
XM810343,大地の精霊,37.131753,138.052126,1,2026/07/20
XM810343,炎の精霊,37.131753,138.052126,1,2026/06/09
XM810343,風の精霊,37.131753,138.052126,4,2026/07/12
XM810363,風の精霊,37.131753,138.216735,2,2026/06/15
XM810364,大地の精霊,37.144380,138.189300,1,2026/04/14
XM810364,炎の精霊,37.144380,138.189300,1,2026/04/14
XM810367,水の精霊,37.157005,138.216735,1,2026/05/22
XM810368,大地の精霊,37.169627,138.189300,1,2026/06/13
XM810368,炎の精霊,37.169627,138.189300,1,2026/05/25
XM810604,水の精霊,37.182248,138.271605,1,2026/07/18
XM810604,風の精霊,37.182248,138.271605,1,2026/04/28
XM810630,風の精霊,37.194867,138.353909,2,2026/07/04
XM810631,水の精霊,37.207483,138.326475,1,2026/05/04
XM810634,風の精霊,37.220097,138.353909,1,2026/05/12
XM810635,水の精霊,37.232710,138.326475,1,2026/07/25
XM810664,大地の精霊,37.257928,138.436214,1,2026/05/13
XM811023,風の精霊,37.358716,136.899863,3,2026/07/08
XM811024,水の精霊,37.371305,136.872428,1,2026/05/12
XM811024,炎の精霊,37.371305,136.872428,1,2026/06/13
XM811035,風の精霊,37.346125,137.091907,3,2026/06/06
XM811041,水の精霊,37.358716,137.009602,1,2026/04/15
XM811044,大地の精霊,37.371305,137.037037,1,2026/05/16
XM811044,風の精霊,37.371305,137.037037,1,2026/05/14
XM811051,水の精霊,37.396477,136.927298,1,2026/07/26
XM811051,風の精霊,37.396477,136.927298,2,2026/07/08
XM811063,風の精霊,37.358716,137.229081,1,2026/06/27
XM811064,炎の精霊,37.371305,137.201646,1,2026/06/17
XM811067,水の精霊,37.383892,137.229081,1,2026/07/06
XM811067,風の精霊,37.383892,137.229081,1,2026/04/23
XM811071,大地の精霊,37.396477,137.091907,1,2026/07/30
XM811071,炎の精霊,37.396477,137.091907,1,2026/05/12
XM811075,炎の精霊,37.421640,137.091907,1,2026/05/26
XM813031,大地の精霊,37.320936,138.573388,1,2026/06/10
XM813031,水の精霊,37.320936,138.573388,2,2026/08/08
XM813031,炎の精霊,37.320936,138.573388,1,2026/07/28
XM813031,風の精霊,37.320936,138.573388,1,2026/05/15
XM813033,水の精霊,37.320936,138.628258,1,2026/05/07
XM813033,風の精霊,37.320936,138.628258,1,2026/06/15
XM813034,水の精霊,37.333532,138.600823,1,2026/05/14
XM813034,炎の精霊,37.333532,138.600823,1,2026/06/05
XM813035,水の精霊,37.346125,138.573388,2,2026/07/30
XM813035,炎の精霊,37.346125,138.573388,1,2026/07/20
XM813038,大地の精霊,37.358716,138.600823,1,2026/07/01
XM813038,水の精霊,37.358716,138.600823,1,2026/06/03
XM813038,風の精霊,37.358716,138.600823,1,2026/05/11
XM813043,大地の精霊,37.358716,138.545953,3,2026/07/29
XM813043,水の精霊,37.358716,138.545953,1,2026/06/03
XM813043,炎の精霊,37.358716,138.545953,1,2026/04/17
XM813043,風の精霊,37.358716,138.545953,2,2026/07/12
XM813061,水の精霊,37.358716,138.655693,2,2026/08/08
XM813061,炎の精霊,37.358716,138.655693,1,2026/06/01
XM813070,水の精霊,37.383892,138.600823,2,2026/07/31
XM813070,風の精霊,37.383892,138.600823,3,2026/06/26
XM813071,大地の精霊,37.396477,138.573388,1,2026/07/07
XM813071,水の精霊,37.396477,138.573388,1,2026/07/24
XM813071,炎の精霊,37.396477,138.573388,1,2026/06/18
XM813073,水の精霊,37.396477,138.628258,1,2026/06/20
XM813073,風の精霊,37.396477,138.628258,1,2026/04/19
XM813074,大地の精霊,37.409059,138.600823,1,2026/06/14
XM813074,風の精霊,37.409059,138.600823,1,2026/06/17
XM813077,風の精霊,37.421640,138.628258,1,2026/06/16
XM813300,風の精霊,37.383892,138.765432,1,2026/05/26
XM813303,水の精霊,37.396477,138.792867,1,2026/06/06
XM813307,風の精霊,37.421640,138.792867,1,2026/06/07
XM813311,水の精霊,37.434218,138.655693,1,2026/05/03
XM813311,風の精霊,37.434218,138.655693,1,2026/06/27
XM813315,大地の精霊,37.459369,138.655693,2,2026/07/01
XM813318,大地の精霊,37.471941,138.683128,1,2026/04/14
XM813318,水の精霊,37.471941,138.683128,1,2026/06/19
XM813318,炎の精霊,37.471941,138.683128,2,2026/07/26
XM813318,風の精霊,37.471941,138.683128,1,2026/06/21
XM813323,炎の精霊,37.471941,138.628258,1,2026/04/26
XM813330,大地の精霊,37.421640,138.847737,1,2026/04/28
XM813331,風の精霊,37.434218,138.820302,1,2026/05/03
XM813333,水の精霊,37.434218,138.875171,1,2026/05/12
XM813333,風の精霊,37.434218,138.875171,1,2026/04/18
XM813338,大地の精霊,37.471941,138.847737,1,2026/06/17
XM813338,風の精霊,37.471941,138.847737,2,2026/06/27
XM813343,炎の精霊,37.471941,138.792867,1,2026/07/20
XM813348,水の精霊,37.509645,138.765432,1,2026/06/09
XM813351,風の精霊,37.509645,138.655693,1,2026/06/04
XM813353,大地の精霊,37.509645,138.710562,1,2026/08/05
XM813354,大地の精霊,37.522208,138.683128,1,2026/05/09
XM813357,炎の精霊,37.534770,138.710562,1,2026/07/22
XM813361,大地の精霊,37.471941,138.902606,1,2026/08/08
XM813361,風の精霊,37.471941,138.902606,1,2026/06/20
XM813365,大地の精霊,37.497079,138.902606,1,2026/05/09
XM813365,炎の精霊,37.497079,138.902606,1,2026/04/25
XM813368,水の精霊,37.509645,138.930041,1,2026/06/08
XM813368,風の精霊,37.509645,138.930041,3,2026/07/20
XM813373,水の精霊,37.509645,138.875171,1,2026/05/04
XM813375,大地の精霊,37.534770,138.820302,1,2026/06/26
XM813375,水の精霊,37.534770,138.820302,1,2026/05/24
XM813375,風の精霊,37.534770,138.820302,1,2026/04/30
XM813378,水の精霊,37.547329,138.847737,1,2026/08/07
XM813383,風の精霊,37.547329,138.792867,1,2026/04/13
XM813384,風の精霊,37.559886,138.765432,1,2026/06/15
XM813385,水の精霊,37.572442,138.737997,1,2026/07/23
XM813385,風の精霊,37.572442,138.737997,1,2026/05/02
XM813387,水の精霊,37.572442,138.792867,1,2026/07/26
XM813388,炎の精霊,37.584995,138.765432,2,2026/08/05
XM813608,大地の精霊,37.547329,139.012346,1,2026/05/26
XM813610,水の精霊,37.534770,138.930041,1,2026/05/20
XM813610,炎の精霊,37.534770,138.930041,1,2026/06/04
XM813610,風の精霊,37.534770,138.930041,2,2026/05/27
XM813611,大地の精霊,37.547329,138.902606,1,2026/05/23
XM813611,水の精霊,37.547329,138.902606,1,2026/06/22
XM813613,大地の精霊,37.547329,138.957476,1,2026/05/19
XM813613,炎の精霊,37.547329,138.957476,1,2026/04/24
XM813614,大地の精霊,37.559886,138.930041,1,2026/05/07
XM813614,水の精霊,37.559886,138.930041,1,2026/07/16
XM813614,風の精霊,37.559886,138.930041,2,2026/06/30
XM813615,風の精霊,37.572442,138.902606,1,2026/05/02
XM813620,大地の精霊,37.572442,138.847737,1,2026/06/16
XM813620,水の精霊,37.572442,138.847737,1,2026/04/25
XM813623,風の精霊,37.584995,138.875171,1,2026/05/23
XM813624,炎の精霊,37.597546,138.847737,1,2026/05/24
XM813628,風の精霊,37.622641,138.847737,1,2026/05/13
XM813638,風の精霊,37.584995,139.094650,1,2026/04/19
XM813645,大地の精霊,37.610095,138.984911,1,2026/07/11
XM813645,風の精霊,37.610095,138.984911,1,2026/06/27
XM813648,大地の精霊,37.622641,139.012346,1,2026/05/18
XM813651,水の精霊,37.622641,138.902606,1,2026/07/15
XM813653,水の精霊,37.622641,138.957476,1,2026/05/07
XM813653,風の精霊,37.622641,138.957476,2,2026/07/14
XM813654,風の精霊,37.635186,138.930041,1,2026/07/17
XM813655,大地の精霊,37.647728,138.902606,1,2026/05/15
XM813655,水の精霊,37.647728,138.902606,1,2026/05/04
XM813655,風の精霊,37.647728,138.902606,1,2026/06/18
XM813657,大地の精霊,37.647728,138.957476,1,2026/06/19
XM813657,水の精霊,37.647728,138.957476,2,2026/07/31
XM813675,大地の精霊,37.647728,139.067215,1,2026/06/16
XM813675,水の精霊,37.647728,139.067215,2,2026/08/01
XM813675,炎の精霊,37.647728,139.067215,2,2026/08/04
XM813675,風の精霊,37.647728,139.067215,1,2026/06/23
XM813680,炎の精霊,37.647728,139.012346,1,2026/06/12
XM813680,風の精霊,37.647728,139.012346,2,2026/06/24
XM813681,水の精霊,37.660269,138.984911,1,2026/06/26
XM813681,炎の精霊,37.660269,138.984911,1,2026/05/20
XM813683,風の精霊,37.660269,139.039781,1,2026/07/05
XM813684,風の精霊,37.672807,139.012346,2,2026/06/20
XM813687,風の精霊,37.685343,139.039781,1,2026/05/02
XM813688,水の精霊,37.697877,139.012346,1,2026/04/22
XM813688,炎の精霊,37.697877,139.012346,2,2026/07/06
XM813700,炎の精霊,37.610095,138.765432,1,2026/07/21
XM813703,水の精霊,37.622641,138.792867,1,2026/06/02
XM813703,炎の精霊,37.622641,138.792867,1,2026/07/19
XM813703,風の精霊,37.622641,138.792867,1,2026/05/29
XM813730,水の精霊,37.647728,138.847737,1,2026/05/01
XM813733,炎の精霊,37.660269,138.875171,1,2026/06/07
XM813734,大地の精霊,37.672807,138.847737,2,2026/07/28
XM813735,水の精霊,37.685343,138.820302,1,2026/06/12
XM813738,大地の精霊,37.697877,138.847737,1,2026/05/14
XM813738,炎の精霊,37.697877,138.847737,1,2026/07/30
XM813738,風の精霊,37.697877,138.847737,1,2026/06/01
XM813761,水の精霊,37.697877,138.902606,1,2026/07/26
XM813761,風の精霊,37.697877,138.902606,1,2026/05/26
XM813763,水の精霊,37.697877,138.957476,1,2026/06/14
XM813763,風の精霊,37.697877,138.957476,1,2026/07/12
XM813764,風の精霊,37.710409,138.930041,1,2026/05/24
XM813765,炎の精霊,37.722939,138.902606,1,2026/05/23
XM813765,風の精霊,37.722939,138.902606,3,2026/06/05
XM813770,水の精霊,37.722939,138.847737,1,2026/07/18
XM813770,炎の精霊,37.722939,138.847737,1,2026/04/25
XM813770,風の精霊,37.722939,138.847737,2,2026/07/20
XM813774,風の精霊,37.747992,138.847737,1,2026/04/20
XM813775,炎の精霊,37.760515,138.820302,1,2026/04/15
XM813855,水の精霊,37.873131,138.408779,2,2026/06/09
XM814643,水の精霊,37.923127,138.299040,1,2026/08/01
XM814674,水の精霊,37.973089,138.353909,1,2026/07/18
XM814674,風の精霊,37.973089,138.353909,1,2026/06/02
XM814677,大地の精霊,37.985574,138.381344,1,2026/05/25
XM814677,水の精霊,37.985574,138.381344,2,2026/06/26
XM814677,炎の精霊,37.985574,138.381344,1,2026/07/19
XM814677,風の精霊,37.985574,138.381344,1,2026/06/03
XM816014,大地の精霊,37.672807,139.176955,2,2026/05/12
XM816017,風の精霊,37.685343,139.204390,1,2026/04/20
XM816018,水の精霊,37.697877,139.176955,1,2026/08/01
XM816025,大地の精霊,37.722939,139.067215,1,2026/04/25
XM816025,風の精霊,37.722939,139.067215,1,2026/08/02
XM816045,水の精霊,37.722939,139.231824,1,2026/06/06
XM816045,炎の精霊,37.722939,139.231824,1,2026/07/10
XM816048,風の精霊,37.735466,139.259259,1,2026/07/03
XM816050,炎の精霊,37.722939,139.176955,1,2026/07/09
XM816051,炎の精霊,37.735466,139.149520,1,2026/05/02
XM816053,大地の精霊,37.735466,139.204390,1,2026/05/06
XM816053,炎の精霊,37.735466,139.204390,1,2026/05/20
XM816053,風の精霊,37.735466,139.204390,1,2026/04/19
XM816060,大地の精霊,37.685343,139.423868,1,2026/04/28
XM816088,炎の精霊,37.810588,139.259259,1,2026/06/01
XM816100,大地の精霊,37.722939,139.012346,2,2026/06/01
XM816103,水の精霊,37.735466,139.039781,1,2026/05/13
XM816104,炎の精霊,37.747992,139.012346,2,2026/06/15
XM816104,風の精霊,37.747992,139.012346,1,2026/04/23
XM816105,風の精霊,37.760515,138.984911,1,2026/06/02
XM816107,風の精霊,37.760515,139.039781,1,2026/05/14
XM816108,水の精霊,37.773037,139.012346,1,2026/05/21
XM816111,水の精霊,37.773037,138.902606,2,2026/05/30
XM816113,風の精霊,37.773037,138.957476,1,2026/08/08
XM816117,水の精霊,37.798073,138.957476,1,2026/06/06
XM816118,炎の精霊,37.810588,138.930041,2,2026/06/24
XM816118,風の精霊,37.810588,138.930041,1,2026/04/29
XM816120,水の精霊,37.798073,138.847737,2,2026/07/14
XM816120,炎の精霊,37.798073,138.847737,2,2026/06/26
XM816123,大地の精霊,37.810588,138.875171,1,2026/05/14
XM816127,風の精霊,37.835611,138.875171,1,2026/04/16
XM816130,水の精霊,37.760515,139.094650,1,2026/08/01
XM816130,風の精霊,37.760515,139.094650,1,2026/08/04
XM816135,風の精霊,37.798073,139.067215,2,2026/07/12
XM816137,大地の精霊,37.798073,139.122085,1,2026/06/11
XM816137,水の精霊,37.798073,139.122085,1,2026/07/03
XM816137,風の精霊,37.798073,139.122085,1,2026/05/15
XM816138,炎の精霊,37.810588,139.094650,1,2026/04/18
XM816140,水の精霊,37.798073,139.012346,1,2026/07/16
XM816140,炎の精霊,37.798073,139.012346,2,2026/07/21
XM816143,大地の精霊,37.810588,139.039781,1,2026/05/14
XM816143,水の精霊,37.810588,139.039781,3,2026/06/13
XM816143,炎の精霊,37.810588,139.039781,2,2026/04/24
XM816147,水の精霊,37.835611,139.039781,1,2026/07/07
XM816148,水の精霊,37.848120,139.012346,1,2026/07/30
XM816150,炎の精霊,37.835611,138.930041,1,2026/05/20
XM816150,風の精霊,37.835611,138.930041,1,2026/04/29
XM816151,炎の精霊,37.848120,138.902606,1,2026/04/22
XM816153,炎の精霊,37.848120,138.957476,2,2026/07/29
XM816154,大地の精霊,37.860626,138.930041,1,2026/06/30
XM816154,水の精霊,37.860626,138.930041,2,2026/07/02
XM816154,炎の精霊,37.860626,138.930041,1,2026/06/27
XM816157,水の精霊,37.873131,138.957476,2,2026/08/01
XM816160,風の精霊,37.798073,139.176955,1,2026/07/08
XM816164,水の精霊,37.823101,139.176955,1,2026/05/10
XM816165,風の精霊,37.835611,139.149520,1,2026/05/27
XM816167,炎の精霊,37.835611,139.204390,1,2026/05/26
XM816168,大地の精霊,37.848120,139.176955,3,2026/05/18
XM816170,水の精霊,37.835611,139.094650,1,2026/06/29
XM816171,風の精霊,37.848120,139.067215,1,2026/08/02
XM816173,風の精霊,37.848120,139.122085,1,2026/04/19
XM816174,水の精霊,37.860626,139.094650,1,2026/07/18
XM816177,大地の精霊,37.873131,139.122085,1,2026/06/24
XM816177,水の精霊,37.873131,139.122085,1,2026/08/06
XM816178,水の精霊,37.885633,139.094650,1,2026/07/02
XM816180,水の精霊,37.873131,139.012346,1,2026/07/28
XM816181,風の精霊,37.885633,138.984911,1,2026/05/31
XM816183,風の精霊,37.885633,139.039781,1,2026/05/28
XM816184,大地の精霊,37.898133,139.012346,1,2026/07/09
XM816187,風の精霊,37.910631,139.039781,1,2026/07/19
XM816350,炎の精霊,37.835611,139.423868,1,2026/07/06
XM816350,風の精霊,37.835611,139.423868,1,2026/08/05
XM816401,大地の精霊,37.848120,139.231824,1,2026/07/21
XM816405,水の精霊,37.873131,139.231824,1,2026/07/24
XM816405,炎の精霊,37.873131,139.231824,2,2026/08/06
XM816408,炎の精霊,37.885633,139.259259,1,2026/05/06
XM816411,大地の精霊,37.885633,139.149520,1,2026/05/03
XM816414,風の精霊,37.898133,139.176955,1,2026/04/20
XM816415,大地の精霊,37.910631,139.149520,1,2026/04/22
XM816415,水の精霊,37.910631,139.149520,1,2026/05/21
XM816415,風の精霊,37.910631,139.149520,1,2026/07/14
XM816418,炎の精霊,37.923127,139.176955,1,2026/07/25
XM816424,大地の精霊,37.935621,139.094650,2,2026/07/01
XM816424,水の精霊,37.935621,139.094650,1,2026/06/26
XM816424,炎の精霊,37.935621,139.094650,2,2026/05/05
XM816425,水の精霊,37.948112,139.067215,1,2026/05/13
XM816431,風の精霊,37.885633,139.314129,1,2026/04/23
XM816435,水の精霊,37.910631,139.314129,1,2026/05/01
XM816437,大地の精霊,37.910631,139.368999,1,2026/07/15
XM816438,風の精霊,37.923127,139.341564,1,2026/06/10
XM816440,炎の精霊,37.910631,139.259259,1,2026/04/12
XM816441,大地の精霊,37.923127,139.231824,1,2026/08/02
XM816441,水の精霊,37.923127,139.231824,1,2026/05/15
XM816441,炎の精霊,37.923127,139.231824,1,2026/07/12
XM816441,風の精霊,37.923127,139.231824,1,2026/04/27
XM816443,風の精霊,37.923127,139.286694,1,2026/05/08
XM816445,水の精霊,37.948112,139.231824,2,2026/07/31
XM816445,炎の精霊,37.948112,139.231824,1,2026/06/13
XM816447,風の精霊,37.948112,139.286694,2,2026/07/14
XM816450,大地の精霊,37.948112,139.176955,1,2026/07/21
XM816450,風の精霊,37.948112,139.176955,1,2026/07/12
XM816451,風の精霊,37.960602,139.149520,2,2026/07/25
XM816453,炎の精霊,37.960602,139.204390,1,2026/07/07
XM816453,風の精霊,37.960602,139.204390,2,2026/06/27
XM816454,水の精霊,37.973089,139.176955,1,2026/04/20
XM816454,風の精霊,37.973089,139.176955,1,2026/05/21
XM816457,大地の精霊,37.985574,139.204390,1,2026/04/22
XM816457,風の精霊,37.985574,139.204390,1,2026/04/18
XM816461,水の精霊,37.923127,139.396433,2,2026/06/26
XM816465,風の精霊,37.948112,139.396433,2,2026/05/02
XM816468,水の精霊,37.960602,139.423868,1,2026/04/21
XM816468,炎の精霊,37.960602,139.423868,1,2026/08/01
XM816468,風の精霊,37.960602,139.423868,1,2026/07/30
XM816470,大地の精霊,37.948112,139.341564,1,2026/05/03
XM816470,炎の精霊,37.948112,139.341564,1,2026/06/06
XM816471,大地の精霊,37.960602,139.314129,1,2026/07/01
XM816473,大地の精霊,37.960602,139.368999,1,2026/05/10
XM816474,大地の精霊,37.973089,139.341564,1,2026/05/10
XM816475,風の精霊,37.985574,139.314129,3,2026/07/04
XM816477,水の精霊,37.985574,139.368999,2,2026/07/23
XM816477,炎の精霊,37.985574,139.368999,1,2026/05/07
XM816477,風の精霊,37.985574,139.368999,1,2026/05/05
XM816480,炎の精霊,37.985574,139.259259,1,2026/04/12
XM816484,水の精霊,38.010538,139.259259,1,2026/06/16
XM816484,炎の精霊,38.010538,139.259259,1,2026/06/11
XM816637,水の精霊,37.910631,139.862826,1,2026/05/07
XM816710,大地の精霊,37.985574,139.423868,1,2026/05/23
XM816710,水の精霊,37.985574,139.423868,1,2026/07/30
XM816711,風の精霊,37.998057,139.396433,1,2026/04/19
XM816715,風の精霊,38.023017,139.396433,1,2026/08/02
XM816720,大地の精霊,38.023017,139.341564,1,2026/06/29
XM816723,大地の精霊,38.035494,139.368999,1,2026/06/05
XM816724,風の精霊,38.047968,139.341564,1,2026/06/12
XM816727,風の精霊,38.060441,139.368999,1,2026/06/12
XM816750,風の精霊,38.060441,139.423868,1,2026/07/02
XM816754,風の精霊,38.085380,139.423868,1,2026/05/26
XM816781,炎の精霊,38.110310,139.478738,1,2026/08/04
XM816867,水の精霊,38.172598,139.451303,1,2026/04/12
XM817011,炎の精霊,37.998057,138.408779,1,2026/08/01
XM817023,水の精霊,38.035494,138.381344,1,2026/06/12
XM817023,炎の精霊,38.035494,138.381344,2,2026/07/20
XM817023,風の精霊,38.035494,138.381344,1,2026/05/29
XM817027,風の精霊,38.060441,138.381344,1,2026/06/04
XM817050,炎の精霊,38.060441,138.436214,1,2026/05/15
XM817054,大地の精霊,38.085380,138.436214,1,2026/05/29
XM817054,風の精霊,38.085380,138.436214,1,2026/06/02
XM817058,炎の精霊,38.110310,138.436214,1,2026/05/23
XM831200,大地の精霊,37.497079,140.987654,1,2026/07/20
XM831200,水の精霊,37.497079,140.987654,1,2026/05/22
XM831200,炎の精霊,37.497079,140.987654,1,2026/07/23
XM831201,大地の精霊,37.509645,140.960219,1,2026/04/26
XM831201,水の精霊,37.509645,140.960219,1,2026/05/17
XM831240,風の精霊,37.572442,140.987654,1,2026/06/27
XM831245,水の精霊,37.610095,140.960219,1,2026/06/18
XM831248,水の精霊,37.622641,140.987654,1,2026/06/16
XM831253,炎の精霊,37.622641,140.932785,1,2026/06/06
XM831254,大地の精霊,37.635186,140.905350,1,2026/05/10
XM831257,風の精霊,37.647728,140.932785,2,2026/07/19
XM831280,大地の精霊,37.647728,140.987654,2,2026/06/05
XM831280,炎の精霊,37.647728,140.987654,1,2026/07/17
XM831285,大地の精霊,37.685343,140.960219,1,2026/05/12
XM831285,風の精霊,37.685343,140.960219,2,2026/08/06
XM831287,大地の精霊,37.685343,141.015089,1,2026/04/12
XM832020,水の精霊,37.685343,140.576132,1,2026/05/23
XM832023,炎の精霊,37.697877,140.603567,2,2026/06/13
XM832063,水の精霊,37.697877,140.932785,1,2026/07/06
XM832063,風の精霊,37.697877,140.932785,2,2026/07/29
XM832067,水の精霊,37.722939,140.932785,1,2026/07/30
XM832067,風の精霊,37.722939,140.932785,1,2026/07/24
XM832068,風の精霊,37.735466,140.905350,1,2026/04/17
XM832100,炎の精霊,37.722939,140.493827,2,2026/05/30
XM832101,風の精霊,37.735466,140.466392,1,2026/07/06
XM832104,大地の精霊,37.747992,140.493827,1,2026/08/08
XM832104,炎の精霊,37.747992,140.493827,2,2026/08/08
XM832104,風の精霊,37.747992,140.493827,1,2026/06/27
XM832105,風の精霊,37.760515,140.466392,1,2026/08/05
XM832110,大地の精霊,37.760515,140.411523,1,2026/07/17
XM832110,水の精霊,37.760515,140.411523,2,2026/08/02
XM832111,風の精霊,37.773037,140.384088,1,2026/05/28
XM832114,大地の精霊,37.785556,140.411523,3,2026/07/01
XM832114,水の精霊,37.785556,140.411523,1,2026/07/26
XM832114,炎の精霊,37.785556,140.411523,1,2026/07/15
XM832117,風の精霊,37.798073,140.438957,1,2026/07/18
XM832122,風の精霊,37.823101,140.274348,1,2026/05/11
XM832131,風の精霊,37.773037,140.548697,1,2026/05/16
XM832134,大地の精霊,37.785556,140.576132,1,2026/06/14
XM832140,風の精霊,37.798073,140.493827,1,2026/05/21
XM832143,水の精霊,37.810588,140.521262,1,2026/07/15
XM832144,水の精霊,37.823101,140.493827,1,2026/05/12
XM832145,水の精霊,37.835611,140.466392,1,2026/04/27
XM832145,風の精霊,37.835611,140.466392,2,2026/07/27
XM832147,炎の精霊,37.835611,140.521262,1,2026/07/23
XM832165,風の精霊,37.835611,140.631001,1,2026/04/16
XM832168,炎の精霊,37.848120,140.658436,1,2026/05/14
XM832171,風の精霊,37.848120,140.548697,2,2026/07/25
XM832173,大地の精霊,37.848120,140.603567,1,2026/06/14
XM832173,風の精霊,37.848120,140.603567,1,2026/05/26
XM832174,大地の精霊,37.860626,140.576132,1,2026/05/17
XM832175,水の精霊,37.873131,140.548697,1,2026/06/17
XM832175,炎の精霊,37.873131,140.548697,1,2026/07/10
XM832175,風の精霊,37.873131,140.548697,1,2026/06/25
XM832178,炎の精霊,37.885633,140.576132,1,2026/07/08
XM832183,大地の精霊,37.885633,140.521262,1,2026/07/29
XM832183,水の精霊,37.885633,140.521262,1,2026/05/24
XM832183,風の精霊,37.885633,140.521262,4,2026/07/31
XM832210,大地の精霊,37.873131,140.164609,1,2026/04/22
XM832210,水の精霊,37.873131,140.164609,1,2026/05/21
XM832211,風の精霊,37.885633,140.137174,1,2026/07/30
XM832213,大地の精霊,37.885633,140.192044,1,2026/07/18
XM832213,炎の精霊,37.885633,140.192044,1,2026/04/12
XM832213,風の精霊,37.885633,140.192044,1,2026/05/03
XM832214,水の精霊,37.898133,140.164609,1,2026/06/21
XM832215,水の精霊,37.910631,140.137174,1,2026/06/09
XM832215,炎の精霊,37.910631,140.137174,1,2026/05/09
XM832218,風の精霊,37.923127,140.164609,1,2026/04/15
XM832223,大地の精霊,37.923127,140.109739,1,2026/04/30
XM832223,水の精霊,37.923127,140.109739,1,2026/07/23
XM832227,大地の精霊,37.948112,140.109739,1,2026/05/25
XM832227,風の精霊,37.948112,140.109739,3,2026/07/19
XM832254,大地の精霊,37.973089,140.164609,1,2026/06/04
XM832254,水の精霊,37.973089,140.164609,1,2026/06/13
XM832255,水の精霊,37.985574,140.137174,1,2026/04/18
XM832258,風の精霊,37.998057,140.164609,1,2026/06/20
XM832281,大地の精霊,37.998057,140.219479,1,2026/08/06
XM832281,風の精霊,37.998057,140.219479,1,2026/04/14
XM832300,水の精霊,37.722939,140.987654,1,2026/05/21
XM832301,大地の精霊,37.735466,140.960219,1,2026/04/25
XM832310,風の精霊,37.760515,140.905350,4,2026/07/16
XM832313,水の精霊,37.773037,140.932785,1,2026/05/04
XM832314,大地の精霊,37.785556,140.905350,1,2026/07/14
XM832314,炎の精霊,37.785556,140.905350,1,2026/06/24
XM832314,風の精霊,37.785556,140.905350,2,2026/05/31
XM832318,水の精霊,37.810588,140.905350,1,2026/06/02
XM832323,炎の精霊,37.810588,140.850480,1,2026/05/20
XM832328,炎の精霊,37.848120,140.823045,1,2026/04/28
XM832345,大地の精霊,37.835611,140.960219,1,2026/06/05
XM832345,炎の精霊,37.835611,140.960219,1,2026/06/13
XM832350,風の精霊,37.835611,140.905350,2,2026/07/03
XM832351,炎の精霊,37.848120,140.877915,1,2026/05/23
XM832353,水の精霊,37.848120,140.932785,1,2026/04/15
XM832353,風の精霊,37.848120,140.932785,3,2026/06/03
XM832354,大地の精霊,37.860626,140.905350,1,2026/07/10
XM832357,大地の精霊,37.873131,140.932785,2,2026/05/18
XM832407,水の精霊,37.873131,140.768176,1,2026/04/16
XM832420,大地の精霊,37.910631,140.576132,3,2026/08/07
XM832420,水の精霊,37.910631,140.576132,2,2026/07/01
XM832420,炎の精霊,37.910631,140.576132,1,2026/06/08
XM832420,風の精霊,37.910631,140.576132,1,2026/06/02
XM832423,水の精霊,37.923127,140.603567,1,2026/06/28
XM832427,大地の精霊,37.948112,140.603567,1,2026/05/15
XM832430,大地の精霊,37.873131,140.823045,1,2026/06/05
XM832430,炎の精霊,37.873131,140.823045,1,2026/07/09
XM832440,炎の精霊,37.910631,140.740741,1,2026/05/14
XM832443,風の精霊,37.923127,140.768176,2,2026/07/16
XM832445,水の精霊,37.948112,140.713306,2,2026/07/02
XM832447,大地の精霊,37.948112,140.768176,1,2026/07/24
XM832448,炎の精霊,37.960602,140.740741,1,2026/06/27
XM832455,炎の精霊,37.985574,140.631001,1,2026/07/23
XM832460,水の精霊,37.910631,140.905350,1,2026/08/01
XM832461,水の精霊,37.923127,140.877915,1,2026/05/16
XM832461,風の精霊,37.923127,140.877915,1,2026/06/02
XM832465,風の精霊,37.948112,140.877915,1,2026/05/22
XM832468,大地の精霊,37.960602,140.905350,1,2026/07/05
XM832468,炎の精霊,37.960602,140.905350,1,2026/06/18
XM832470,大地の精霊,37.948112,140.823045,1,2026/06/15
XM832471,大地の精霊,37.960602,140.795610,1,2026/07/17
XM832474,大地の精霊,37.973089,140.823045,2,2026/06/19
XM832474,炎の精霊,37.973089,140.823045,1,2026/07/26
XM832474,風の精霊,37.973089,140.823045,1,2026/07/07
XM832475,風の精霊,37.985574,140.795610,2,2026/06/06
XM832478,風の精霊,37.998057,140.823045,1,2026/07/18
XM832483,水の精霊,37.998057,140.768176,1,2026/08/02
XM832484,大地の精霊,38.010538,140.740741,1,2026/05/30
XM832484,水の精霊,38.010538,140.740741,2,2026/07/15
XM832484,風の精霊,38.010538,140.740741,1,2026/05/02
XM832487,大地の精霊,38.023017,140.768176,3,2026/07/25
XM832487,炎の精霊,38.023017,140.768176,1,2026/05/04
XM832488,水の精霊,38.035494,140.740741,1,2026/05/18
XM832488,風の精霊,38.035494,140.740741,2,2026/07/04
XM832530,炎の精霊,37.985574,140.576132,1,2026/05/14
XM832531,風の精霊,37.998057,140.548697,1,2026/04/19
XM832533,風の精霊,37.998057,140.603567,1,2026/04/14
XM832537,大地の精霊,38.023017,140.603567,1,2026/04/25
XM832537,炎の精霊,38.023017,140.603567,3,2026/07/20
XM832561,炎の精霊,38.035494,140.631001,1,2026/05/11
XM832563,大地の精霊,38.035494,140.685871,1,2026/08/08
XM832564,水の精霊,38.047968,140.658436,1,2026/06/29
XM832567,風の精霊,38.060441,140.685871,1,2026/06/06
XM832568,炎の精霊,38.072911,140.658436,1,2026/05/05
XM832711,大地の精霊,37.998057,140.877915,1,2026/04/17
XM832715,大地の精霊,38.023017,140.877915,1,2026/07/07
XM832715,炎の精霊,38.023017,140.877915,1,2026/07/07
XM832721,風の精霊,38.035494,140.795610,1,2026/06/03
XM832723,風の精霊,38.035494,140.850480,1,2026/07/03
XM832725,風の精霊,38.060441,140.795610,2,2026/07/02
XM832727,水の精霊,38.060441,140.850480,1,2026/07/18
XM832727,風の精霊,38.060441,140.850480,1,2026/06/20
XM832751,水の精霊,38.072911,140.877915,2,2026/05/04
XM832751,風の精霊,38.072911,140.877915,1,2026/05/18
XM832754,大地の精霊,38.085380,140.905350,1,2026/08/02
XM832754,水の精霊,38.085380,140.905350,1,2026/04/20
XM832754,風の精霊,38.085380,140.905350,1,2026/07/11
XM832755,水の精霊,38.097846,140.877915,3,2026/08/04
XM832755,風の精霊,38.097846,140.877915,1,2026/08/04
XM832757,風の精霊,38.097846,140.932785,1,2026/04/18
XM832758,水の精霊,38.110310,140.905350,1,2026/04/27
XM832758,風の精霊,38.110310,140.905350,3,2026/05/05
XM832800,炎の精霊,38.060441,140.740741,1,2026/05/20
XM832801,水の精霊,38.072911,140.713306,1,2026/06/21
XM832803,炎の精霊,38.072911,140.768176,1,2026/06/10
XM832803,風の精霊,38.072911,140.768176,1,2026/05/02
XM832805,水の精霊,38.097846,140.713306,1,2026/05/15
XM832807,大地の精霊,38.097846,140.768176,1,2026/05/23
XM832810,風の精霊,38.097846,140.658436,1,2026/04/28
XM832813,水の精霊,38.110310,140.685871,1,2026/05/30
XM832814,風の精霊,38.122771,140.658436,1,2026/06/05
XM832820,大地の精霊,38.135231,140.576132,1,2026/07/26
XM832820,炎の精霊,38.135231,140.576132,1,2026/07/26
XM832833,炎の精霊,38.110310,140.850480,1,2026/07/15
XM832833,風の精霊,38.110310,140.850480,3,2026/05/28
XM832847,大地の精霊,38.172598,140.768176,2,2026/06/28
XM832847,水の精霊,38.172598,140.768176,1,2026/04/26
XM832851,水の精霊,38.185049,140.631001,1,2026/05/01
XM832854,風の精霊,38.197498,140.658436,1,2026/05/12
XM832860,大地の精霊,38.135231,140.905350,1,2026/07/30
XM832861,炎の精霊,38.147689,140.877915,1,2026/05/09
XM832865,大地の精霊,38.172598,140.877915,2,2026/08/08
XM832867,炎の精霊,38.172598,140.932785,1,2026/07/27
XM832868,風の精霊,38.185049,140.905350,1,2026/04/21
XM832873,水の精霊,38.185049,140.850480,1,2026/06/24
XM832874,大地の精霊,38.197498,140.823045,1,2026/07/23
XM832874,水の精霊,38.197498,140.823045,1,2026/06/18
XM832875,炎の精霊,38.209945,140.795610,1,2026/05/10
XM832877,炎の精霊,38.209945,140.850480,1,2026/07/10
XM832877,風の精霊,38.209945,140.850480,1,2026/07/21
XM832878,水の精霊,38.222390,140.823045,2,2026/07/04
XM832880,風の精霊,38.209945,140.740741,1,2026/04/28
XM832881,水の精霊,38.222390,140.713306,1,2026/04/24
XM832887,大地の精霊,38.247273,140.768176,2,2026/06/06
XM832887,水の精霊,38.247273,140.768176,1,2026/08/04
XM832887,風の精霊,38.247273,140.768176,3,2026/06/25
XM835201,炎の精霊,38.185049,140.960219,1,2026/05/29
XM835208,水の精霊,38.222390,140.987654,1,2026/06/24
XM835214,大地の精霊,38.234832,140.905350,2,2026/08/07
XM835215,風の精霊,38.247273,140.877915,1,2026/06/30
XM835217,風の精霊,38.247273,140.932785,1,2026/04/23
XM835220,水の精霊,38.247273,140.823045,1,2026/06/27
XM835220,風の精霊,38.247273,140.823045,1,2026/08/06
XM835221,大地の精霊,38.259711,140.795610,1,2026/06/14
XM835221,風の精霊,38.259711,140.795610,1,2026/05/29
XM835225,炎の精霊,38.284582,140.795610,1,2026/07/20
XM835228,炎の精霊,38.297014,140.823045,1,2026/04/16
XM835228,風の精霊,38.297014,140.823045,2,2026/07/04
XM835240,水の精霊,38.247273,140.987654,1,2026/05/01
XM835240,炎の精霊,38.247273,140.987654,1,2026/07/15
XM835240,風の精霊,38.247273,140.987654,2,2026/07/27
XM835243,大地の精霊,38.259711,141.015089,1,2026/04/30
XM835243,水の精霊,38.259711,141.015089,1,2026/04/27
XM835244,大地の精霊,38.272148,140.987654,1,2026/04/17
XM835244,水の精霊,38.272148,140.987654,1,2026/05/21
XM835247,風の精霊,38.284582,141.015089,1,2026/05/28
XM835250,炎の精霊,38.284582,140.905350,1,2026/06/19
XM835250,風の精霊,38.284582,140.905350,1,2026/07/13
XM835251,大地の精霊,38.297014,140.877915,2,2026/07/23
XM835251,風の精霊,38.297014,140.877915,2,2026/05/03
XM835253,風の精霊,38.297014,140.932785,1,2026/04/13
XM835255,大地の精霊,38.321872,140.877915,1,2026/06/13
XM835257,炎の精霊,38.321872,140.932785,1,2026/06/16
XM835257,風の精霊,38.321872,140.932785,2,2026/06/05
XM835258,水の精霊,38.334297,140.905350,1,2026/05/07
XM835271,炎の精霊,38.297014,141.042524,2,2026/07/10
XM835271,風の精霊,38.297014,141.042524,2,2026/05/31
XM835274,風の精霊,38.309444,141.069959,1,2026/06/09
XM835275,大地の精霊,38.321872,141.042524,1,2026/07/09
XM835275,風の精霊,38.321872,141.042524,2,2026/07/24
XM835280,大地の精霊,38.321872,140.987654,1,2026/07/22
XM835280,水の精霊,38.321872,140.987654,1,2026/05/14
XM835280,炎の精霊,38.321872,140.987654,1,2026/07/29
XM835280,風の精霊,38.321872,140.987654,1,2026/06/02
XM835281,水の精霊,38.334297,140.960219,2,2026/07/08
XM835281,風の精霊,38.334297,140.960219,2,2026/06/15
XM835480,水の精霊,38.321872,141.481481,1,2026/07/30
XM835480,炎の精霊,38.321872,141.481481,1,2026/07/14
XM835480,風の精霊,38.321872,141.481481,2,2026/07/09
XM835483,風の精霊,38.334297,141.508916,2,2026/04/24
XM835518,炎の精霊,38.371561,141.152263,1,2026/06/29
XM835518,風の精霊,38.371561,141.152263,1,2026/07/12
XM835524,大地の精霊,38.383979,141.069959,1,2026/07/05
XM835524,水の精霊,38.383979,141.069959,1,2026/06/27
XM835524,炎の精霊,38.383979,141.069959,1,2026/05/23
XM835525,大地の精霊,38.396394,141.042524,1,2026/04/14
XM835525,水の精霊,38.396394,141.042524,1,2026/07/04
XM835525,炎の精霊,38.396394,141.042524,1,2026/06/23
XM835548,大地の精霊,38.408806,141.234568,2,2026/06/06
XM835548,水の精霊,38.408806,141.234568,4,2026/06/28
XM835548,炎の精霊,38.408806,141.234568,3,2026/07/21
XM835550,炎の精霊,38.396394,141.152263,1,2026/07/07
XM835553,風の精霊,38.408806,141.179698,1,2026/06/04
XM835557,炎の精霊,38.433626,141.179698,1,2026/05/22
XM835558,水の精霊,38.446032,141.152263,1,2026/08/01
XM835558,炎の精霊,38.446032,141.152263,1,2026/05/24
XM835574,大地の精霊,38.421217,141.316872,1,2026/07/26
XM835574,水の精霊,38.421217,141.316872,1,2026/06/01
XM835574,風の精霊,38.421217,141.316872,1,2026/06/06
XM835575,風の精霊,38.433626,141.289438,1,2026/06/17
XM835578,大地の精霊,38.446032,141.316872,1,2026/07/29
XM835578,炎の精霊,38.446032,141.316872,1,2026/07/22
XM835583,大地の精霊,38.446032,141.262003,2,2026/07/15
XM835583,水の精霊,38.446032,141.262003,1,2026/07/17
XM835583,炎の精霊,38.446032,141.262003,2,2026/06/16
XM835588,水の精霊,38.483239,141.234568,1,2026/06/11
XM835800,炎の精霊,38.396394,141.481481,1,2026/05/01
XM835801,風の精霊,38.408806,141.454047,1,2026/05/13
XM835805,大地の精霊,38.433626,141.454047,1,2026/04/23
XM835805,風の精霊,38.433626,141.454047,1,2026/05/29
XM835810,水の精霊,38.433626,141.399177,1,2026/05/14
XM835810,炎の精霊,38.433626,141.399177,1,2026/05/07
XM835811,炎の精霊,38.446032,141.371742,2,2026/07/28
XM835811,風の精霊,38.446032,141.371742,1,2026/06/28
XM835814,炎の精霊,38.458437,141.399177,1,2026/05/20
XM835815,水の精霊,38.470839,141.371742,1,2026/06/26
XM835821,大地の精霊,38.483239,141.289438,1,2026/05/30
XM835821,水の精霊,38.483239,141.289438,1,2026/05/28
XM835821,風の精霊,38.483239,141.289438,2,2026/08/06
XM835824,炎の精霊,38.495637,141.316872,1,2026/07/30
XM835825,大地の精霊,38.508033,141.289438,1,2026/05/05
XM835825,炎の精霊,38.508033,141.289438,1,2026/05/15
XM835825,風の精霊,38.508033,141.289438,3,2026/06/25
XM835828,大地の精霊,38.520426,141.316872,2,2026/05/05
XM835855,炎の精霊,38.545207,141.371742,2,2026/06/25
XM835855,風の精霊,38.545207,141.371742,1,2026/05/26
XM835857,水の精霊,38.545207,141.426612,2,2026/06/23
XM835857,風の精霊,38.545207,141.426612,1,2026/06/04
XM835885,炎の精霊,38.582363,141.454047,1,2026/05/10
XM840015,炎の精霊,38.023017,139.890261,1,2026/07/09
XM840031,大地の精霊,37.998057,140.054870,1,2026/06/19
XM840033,水の精霊,37.998057,140.109739,1,2026/07/30
XM840033,炎の精霊,37.998057,140.109739,1,2026/05/20
XM840033,風の精霊,37.998057,140.109739,1,2026/05/10
XM840034,炎の精霊,38.010538,140.082305,1,2026/06/24
XM840035,大地の精霊,38.023017,140.054870,1,2026/05/19
XM840037,炎の精霊,38.023017,140.109739,1,2026/07/10
XM840044,水の精霊,38.047968,140.000000,1,2026/05/04
XM840048,炎の精霊,38.072911,140.000000,1,2026/08/04
XM840060,風の精霊,38.023017,140.164609,1,2026/05/01
XM840063,炎の精霊,38.035494,140.192044,1,2026/04/20
XM840064,大地の精霊,38.047968,140.164609,1,2026/05/23
XM840064,水の精霊,38.047968,140.164609,1,2026/06/15
XM840064,炎の精霊,38.047968,140.164609,1,2026/08/05
XM840065,風の精霊,38.060441,140.137174,1,2026/04/27
XM840071,炎の精霊,38.072911,140.054870,1,2026/06/16
XM840071,風の精霊,38.072911,140.054870,1,2026/07/01
XM840074,風の精霊,38.085380,140.082305,1,2026/07/31
XM840075,水の精霊,38.097846,140.054870,1,2026/06/03
XM840075,風の精霊,38.097846,140.054870,2,2026/06/05
XM840083,風の精霊,38.110310,140.027435,2,2026/07/23
XM840100,風の精霊,38.060441,139.753086,1,2026/07/24
XM840201,大地の精霊,38.185049,139.478738,1,2026/05/25
XM840201,風の精霊,38.185049,139.478738,1,2026/07/17
XM840208,炎の精霊,38.222390,139.506173,1,2026/07/14
XM840213,炎の精霊,38.222390,139.451303,2,2026/07/20
XM840213,風の精霊,38.222390,139.451303,2,2026/07/16
XM840240,大地の精霊,38.247273,139.506173,1,2026/07/01
XM840318,風の精霊,38.147689,140.164609,1,2026/07/25
XM840335,炎の精霊,38.135231,140.301783,1,2026/05/13
XM840338,水の精霊,38.147689,140.329218,2,2026/07/03
XM840343,水の精霊,38.147689,140.274348,3,2026/07/12
XM840343,風の精霊,38.147689,140.274348,1,2026/07/24
XM840344,風の精霊,38.160144,140.246914,1,2026/04/23
XM840347,大地の精霊,38.172598,140.274348,2,2026/05/19
XM840361,風の精霊,38.147689,140.384088,1,2026/05/03
XM840371,風の精霊,38.185049,140.301783,1,2026/06/20
XM840374,炎の精霊,38.197498,140.329218,1,2026/04/17
XM840375,水の精霊,38.209945,140.301783,1,2026/07/06
XM840375,炎の精霊,38.209945,140.301783,1,2026/07/11
XM840375,風の精霊,38.209945,140.301783,1,2026/04/23
XM840378,水の精霊,38.222390,140.329218,1,2026/06/21
XM840383,大地の精霊,38.222390,140.274348,1,2026/05/01
XM840383,炎の精霊,38.222390,140.274348,1,2026/08/08
XM840383,風の精霊,38.222390,140.274348,2,2026/06/12
XM840387,大地の精霊,38.247273,140.274348,1,2026/06/29
XM840387,水の精霊,38.247273,140.274348,1,2026/06/08
XM840387,風の精霊,38.247273,140.274348,3,2026/07/07
XM840388,大地の精霊,38.259711,140.246914,1,2026/07/05
XM840608,水の精霊,38.222390,140.493827,1,2026/05/04
XM840614,風の精霊,38.234832,140.411523,2,2026/07/27
XM840615,大地の精霊,38.247273,140.384088,1,2026/07/23
XM840615,水の精霊,38.247273,140.384088,1,2026/06/26
XM840615,炎の精霊,38.247273,140.384088,1,2026/05/30
XM840625,炎の精霊,38.284582,140.301783,1,2026/05/06
XM840627,炎の精霊,38.284582,140.356653,1,2026/05/09
XM840628,炎の精霊,38.297014,140.329218,1,2026/06/30
XM840650,風の精霊,38.284582,140.411523,1,2026/06/06
XM840655,大地の精霊,38.321872,140.384088,1,2026/07/14
XM840655,炎の精霊,38.321872,140.384088,2,2026/07/15
XM840655,風の精霊,38.321872,140.384088,3,2026/08/03
XM840661,風の精霊,38.259711,140.631001,1,2026/04/23
XM840664,炎の精霊,38.272148,140.658436,1,2026/04/15
XM840668,風の精霊,38.297014,140.658436,2,2026/07/13
XM840703,風の精霊,38.297014,140.274348,1,2026/08/01
XM840704,大地の精霊,38.309444,140.246914,1,2026/05/10
XM840704,風の精霊,38.309444,140.246914,1,2026/04/21
XM840713,炎の精霊,38.334297,140.192044,1,2026/05/29
XM840718,大地の精霊,38.371561,140.164609,1,2026/05/15
XM840718,水の精霊,38.371561,140.164609,1,2026/07/06
XM840718,炎の精霊,38.371561,140.164609,1,2026/04/28
XM840718,風の精霊,38.371561,140.164609,1,2026/08/03
XM840730,水の精霊,38.321872,140.329218,2,2026/07/25
XM840731,風の精霊,38.334297,140.301783,1,2026/07/17
XM840735,風の精霊,38.359142,140.301783,1,2026/05/06
XM840737,水の精霊,38.359142,140.356653,1,2026/06/26
XM840737,風の精霊,38.359142,140.356653,1,2026/04/30
XM840738,風の精霊,38.371561,140.329218,1,2026/04/27
XM840740,水の精霊,38.359142,140.246914,1,2026/06/21
XM840740,炎の精霊,38.359142,140.246914,1,2026/06/27
XM840741,風の精霊,38.371561,140.219479,1,2026/07/24
XM840743,水の精霊,38.371561,140.274348,1,2026/05/23
XM840743,風の精霊,38.371561,140.274348,1,2026/07/07
XM840744,風の精霊,38.383979,140.246914,2,2026/07/11
XM840747,大地の精霊,38.396394,140.274348,1,2026/08/07
XM840747,風の精霊,38.396394,140.274348,1,2026/07/27
XM840748,風の精霊,38.408806,140.246914,1,2026/04/16
XM840765,風の精霊,38.396394,140.384088,1,2026/06/15
XM840770,水の精霊,38.396394,140.329218,1,2026/07/03
XM840775,水の精霊,38.433626,140.301783,1,2026/05/09
XM840775,風の精霊,38.433626,140.301783,1,2026/04/15
XM840777,風の精霊,38.433626,140.356653,3,2026/05/08
XM841603,風の精霊,38.520426,139.780521,1,2026/05/13
XM841614,風の精霊,38.569980,139.670782,1,2026/04/15
XM841623,大地の精霊,38.594744,139.615912,1,2026/04/26
XM841627,風の精霊,38.619499,139.615912,1,2026/04/27
XM841628,炎の精霊,38.631874,139.588477,1,2026/05/30
XM841631,水の精霊,38.557595,139.807956,3,2026/06/16
XM841631,炎の精霊,38.557595,139.807956,1,2026/05/11
XM841631,風の精霊,38.557595,139.807956,3,2026/06/20
XM841670,風の精霊,38.619499,139.835391,1,2026/04/30
XM841673,水の精霊,38.631874,139.862826,1,2026/06/03
XM841674,水の精霊,38.644246,139.835391,1,2026/07/26
XM841674,炎の精霊,38.644246,139.835391,1,2026/06/22
XM841674,風の精霊,38.644246,139.835391,1,2026/06/29
XM841677,風の精霊,38.656616,139.862826,1,2026/05/03
XM841684,大地の精霊,38.681350,139.753086,1,2026/06/03
XM841763,水の精霊,38.706075,139.698217,1,2026/04/20
XM843000,水の精霊,38.284582,140.740741,2,2026/08/02
XM843000,炎の精霊,38.284582,140.740741,3,2026/06/28
XM843003,水の精霊,38.297014,140.768176,1,2026/05/22
XM843007,風の精霊,38.321872,140.768176,1,2026/05/18
XM843030,炎の精霊,38.321872,140.823045,1,2026/06/28
XM843033,風の精霊,38.334297,140.850480,1,2026/04/26
XM843034,風の精霊,38.346721,140.823045,1,2026/07/09
XM843043,大地の精霊,38.371561,140.768176,1,2026/06/11
XM843043,水の精霊,38.371561,140.768176,2,2026/07/15
XM843043,風の精霊,38.371561,140.768176,2,2026/07/09
XM843044,炎の精霊,38.383979,140.740741,1,2026/04/26
XM843060,風の精霊,38.359142,140.905350,2,2026/05/24
XM843061,大地の精霊,38.371561,140.877915,1,2026/06/09
XM843061,水の精霊,38.371561,140.877915,1,2026/07/06
XM843063,風の精霊,38.371561,140.932785,2,2026/07/21
XM843064,大地の精霊,38.383979,140.905350,1,2026/05/05
XM843064,風の精霊,38.383979,140.905350,1,2026/07/12
XM843073,水の精霊,38.408806,140.850480,1,2026/07/25
XM843073,炎の精霊,38.408806,140.850480,1,2026/06/13
XM843073,風の精霊,38.408806,140.850480,1,2026/06/05
XM843074,大地の精霊,38.421217,140.823045,1,2026/05/13
XM843101,炎の精霊,38.408806,140.466392,1,2026/05/04
XM843105,炎の精霊,38.433626,140.466392,1,2026/05/01
XM843110,水の精霊,38.433626,140.411523,2,2026/08/06
XM843110,風の精霊,38.433626,140.411523,2,2026/06/30
XM843111,大地の精霊,38.446032,140.384088,1,2026/06/16
XM843111,水の精霊,38.446032,140.384088,1,2026/06/20
XM843111,炎の精霊,38.446032,140.384088,1,2026/06/16
XM843111,風の精霊,38.446032,140.384088,1,2026/07/05
XM843115,水の精霊,38.470839,140.384088,1,2026/04/27
XM843115,炎の精霊,38.470839,140.384088,1,2026/07/28
XM843120,大地の精霊,38.470839,140.329218,1,2026/05/06
XM843120,水の精霊,38.470839,140.329218,1,2026/07/30
XM843123,大地の精霊,38.483239,140.356653,2,2026/06/11
XM843123,炎の精霊,38.483239,140.356653,2,2026/06/11
XM843127,炎の精霊,38.508033,140.356653,1,2026/06/10
XM843128,大地の精霊,38.520426,140.329218,1,2026/04/22
XM843150,大地の精霊,38.508033,140.411523,1,2026/05/15
XM843150,水の精霊,38.508033,140.411523,1,2026/06/23
XM843150,炎の精霊,38.508033,140.411523,1,2026/05/30
XM843150,風の精霊,38.508033,140.411523,1,2026/04/29
XM843261,炎の精霊,38.594744,140.384088,1,2026/05/01
XM843263,炎の精霊,38.594744,140.438957,1,2026/05/18
XM843263,風の精霊,38.594744,140.438957,1,2026/06/30
XM843265,水の精霊,38.619499,140.384088,1,2026/07/06
XM843268,風の精霊,38.631874,140.411523,1,2026/07/02
XM843281,大地の精霊,38.668984,140.219479,1,2026/05/08
XM843283,水の精霊,38.668984,140.274348,1,2026/06/08
XM843303,風の精霊,38.408806,141.015089,1,2026/04/30
XM843305,風の精霊,38.433626,140.960219,1,2026/04/28
XM843307,風の精霊,38.433626,141.015089,2,2026/07/07
XM843310,水の精霊,38.433626,140.905350,1,2026/07/17
XM843314,炎の精霊,38.458437,140.905350,1,2026/06/11
XM843314,風の精霊,38.458437,140.905350,1,2026/07/24
XM843315,大地の精霊,38.470839,140.877915,2,2026/07/21
XM843315,風の精霊,38.470839,140.877915,1,2026/06/02
XM843318,炎の精霊,38.483239,140.905350,1,2026/05/19
XM843318,風の精霊,38.483239,140.905350,1,2026/07/29
XM843330,水の精霊,38.433626,141.069959,1,2026/06/30
XM843330,風の精霊,38.433626,141.069959,1,2026/07/02
XM843331,炎の精霊,38.446032,141.042524,1,2026/06/24
XM843331,風の精霊,38.446032,141.042524,1,2026/07/16
XM843334,風の精霊,38.458437,141.069959,1,2026/05/02
XM843341,炎の精霊,38.483239,140.960219,1,2026/07/22
XM843341,風の精霊,38.483239,140.960219,1,2026/05/07
XM843348,水の精霊,38.520426,140.987654,1,2026/07/05
XM843354,風の精霊,38.532818,140.905350,1,2026/05/31
XM843355,大地の精霊,38.545207,140.877915,1,2026/04/17
XM843355,炎の精霊,38.545207,140.877915,1,2026/06/10
XM843357,炎の精霊,38.545207,140.932785,2,2026/07/12
XM843358,水の精霊,38.557595,140.905350,1,2026/04/29
XM843363,炎の精霊,38.483239,141.179698,1,2026/05/06
XM843363,風の精霊,38.483239,141.179698,2,2026/07/11
XM843365,水の精霊,38.508033,141.124829,1,2026/06/27
XM843365,風の精霊,38.508033,141.124829,1,2026/06/06
XM843368,水の精霊,38.520426,141.152263,1,2026/06/21
XM843368,風の精霊,38.520426,141.152263,1,2026/05/29
XM843370,炎の精霊,38.508033,141.069959,1,2026/08/02
XM843370,風の精霊,38.508033,141.069959,2,2026/06/17
XM843371,水の精霊,38.520426,141.042524,1,2026/07/06
XM843373,大地の精霊,38.520426,141.097394,1,2026/08/08
XM843373,水の精霊,38.520426,141.097394,2,2026/06/27
XM843378,大地の精霊,38.557595,141.069959,1,2026/07/26
XM843380,炎の精霊,38.545207,140.987654,1,2026/05/17
XM843380,風の精霊,38.545207,140.987654,1,2026/05/24
XM843383,風の精霊,38.557595,141.015089,1,2026/06/20
XM843385,大地の精霊,38.582363,140.960219,1,2026/07/08
XM843385,風の精霊,38.582363,140.960219,1,2026/07/13
XM843387,水の精霊,38.582363,141.015089,1,2026/06/21
XM843387,風の精霊,38.582363,141.015089,2,2026/06/28
XM843388,大地の精霊,38.594744,140.987654,1,2026/07/03
XM843388,水の精霊,38.594744,140.987654,1,2026/07/14
XM843388,炎の精霊,38.594744,140.987654,1,2026/04/26
XM843388,風の精霊,38.594744,140.987654,3,2026/07/19
XM843430,大地の精霊,38.545207,140.823045,1,2026/06/24
XM843433,水の精霊,38.557595,140.850480,1,2026/04/16
XM843437,風の精霊,38.582363,140.850480,1,2026/05/04
XM843443,炎の精霊,38.594744,140.768176,1,2026/05/18
XM843460,炎の精霊,38.582363,140.905350,1,2026/07/10
XM843460,風の精霊,38.582363,140.905350,1,2026/07/05
XM843461,風の精霊,38.594744,140.877915,1,2026/07/04
XM843463,大地の精霊,38.594744,140.932785,1,2026/07/15
XM843463,炎の精霊,38.594744,140.932785,1,2026/07/24
XM843473,炎の精霊,38.631874,140.850480,1,2026/05/17
XM843520,風の精霊,38.693714,140.329218,1,2026/06/15
XM843521,大地の精霊,38.706075,140.301783,1,2026/05/01
XM843554,炎の精霊,38.755501,140.411523,1,2026/05/23
XM843600,水の精霊,38.508033,141.234568,3,2026/08/01
XM843601,大地の精霊,38.520426,141.207133,1,2026/07/20
XM843601,水の精霊,38.520426,141.207133,1,2026/05/26
XM843603,風の精霊,38.520426,141.262003,1,2026/05/11
XM843604,水の精霊,38.532818,141.234568,1,2026/08/02
XM843608,風の精霊,38.557595,141.234568,1,2026/06/05
XM843627,大地の精霊,38.619499,141.097394,1,2026/07/15
XM843627,水の精霊,38.619499,141.097394,1,2026/06/26
XM843641,風の精霊,38.594744,141.207133,1,2026/07/25
XM843648,大地の精霊,38.631874,141.234568,1,2026/05/07
XM843651,水の精霊,38.631874,141.124829,1,2026/05/15
XM843652,大地の精霊,38.644246,141.097394,1,2026/07/15
XM843654,風の精霊,38.644246,141.152263,3,2026/07/30
XM843655,大地の精霊,38.656616,141.124829,1,2026/05/07
XM843657,炎の精霊,38.656616,141.179698,1,2026/06/29
XM843658,大地の精霊,38.668984,141.152263,1,2026/06/02
XM843658,水の精霊,38.668984,141.152263,1,2026/06/22
XM843658,炎の精霊,38.668984,141.152263,1,2026/05/17
XM843675,炎の精霊,38.656616,141.289438,2,2026/07/31
XM843680,大地の精霊,38.656616,141.234568,1,2026/05/05
XM843680,炎の精霊,38.656616,141.234568,1,2026/05/20
XM843681,水の精霊,38.668984,141.207133,1,2026/07/17
XM843683,風の精霊,38.668984,141.262003,1,2026/06/06
XM843684,水の精霊,38.681350,141.234568,1,2026/06/22
XM843685,風の精霊,38.693714,141.207133,2,2026/07/29
XM843701,大地の精霊,38.631874,140.960219,1,2026/06/10
XM843701,炎の精霊,38.631874,140.960219,1,2026/05/05
XM843707,大地の精霊,38.656616,141.015089,1,2026/05/08
XM843707,炎の精霊,38.656616,141.015089,1,2026/05/08
XM843724,風の精霊,38.718435,140.823045,1,2026/05/03
XM843725,水の精霊,38.730792,140.795610,1,2026/07/17
XM843725,風の精霊,38.730792,140.795610,1,2026/07/25
XM843730,大地の精霊,38.656616,141.069959,1,2026/05/25
XM843730,風の精霊,38.656616,141.069959,1,2026/07/27
XM843733,水の精霊,38.668984,141.097394,1,2026/07/21
XM843737,大地の精霊,38.693714,141.097394,1,2026/04/24
XM843737,炎の精霊,38.693714,141.097394,1,2026/06/30
XM843745,風の精霊,38.730792,140.960219,3,2026/07/09
XM843747,水の精霊,38.730792,141.015089,2,2026/08/02
XM843760,大地の精霊,38.693714,141.152263,2,2026/08/08
XM843771,風の精霊,38.743148,141.042524,1,2026/07/24
XM843801,水の精霊,38.743148,140.713306,1,2026/08/02
XM843801,風の精霊,38.743148,140.713306,2,2026/05/29
XM844008,大地の精霊,38.668984,140.000000,1,2026/05/25
XM844011,風の精霊,38.668984,139.890261,1,2026/04/19
XM844017,風の精霊,38.693714,139.945130,1,2026/07/06
XM844018,炎の精霊,38.706075,139.917695,1,2026/07/21
XM844020,炎の精霊,38.693714,139.835391,2,2026/05/19
XM844021,大地の精霊,38.706075,139.807956,2,2026/08/04
XM844021,風の精霊,38.706075,139.807956,1,2026/04/23
XM844024,大地の精霊,38.718435,139.835391,2,2026/07/15
XM844024,水の精霊,38.718435,139.835391,2,2026/05/17
XM844024,風の精霊,38.718435,139.835391,1,2026/06/06
XM844025,炎の精霊,38.730792,139.807956,1,2026/06/24
XM844025,風の精霊,38.730792,139.807956,3,2026/07/28
XM844027,水の精霊,38.730792,139.862826,1,2026/07/31
XM844027,風の精霊,38.730792,139.862826,2,2026/07/27
XM844040,大地の精霊,38.693714,140.000000,1,2026/07/23
XM844040,水の精霊,38.693714,140.000000,1,2026/05/22
XM844083,水の精霊,38.780201,140.027435,1,2026/07/06
XM844100,風の精霊,38.730792,139.753086,1,2026/08/01
XM844130,水の精霊,38.767852,139.835391,1,2026/07/04
XM844133,水の精霊,38.780201,139.862826,1,2026/06/21
XM844134,炎の精霊,38.792547,139.835391,1,2026/05/17
XM844137,水の精霊,38.804892,139.862826,1,2026/05/21
XM844138,水の精霊,38.817234,139.835391,1,2026/05/09
XM844143,炎の精霊,38.817234,139.780521,2,2026/08/07
XM844143,風の精霊,38.817234,139.780521,1,2026/06/28
XM844165,炎の精霊,38.841913,139.890261,1,2026/06/20
XM844165,風の精霊,38.841913,139.890261,1,2026/07/10
XM844167,炎の精霊,38.841913,139.945130,1,2026/05/08
XM844168,炎の精霊,38.854249,139.917695,1,2026/05/23
XM844168,風の精霊,38.854249,139.917695,1,2026/06/07
XM844173,大地の精霊,38.854249,139.862826,1,2026/04/24
XM844174,炎の精霊,38.866582,139.835391,2,2026/06/25
XM844174,風の精霊,38.866582,139.835391,2,2026/07/20
XM844175,水の精霊,38.878914,139.807956,1,2026/07/30
XM844178,炎の精霊,38.891244,139.835391,1,2026/05/02
XM844178,風の精霊,38.891244,139.835391,1,2026/05/16
XM844310,大地の精霊,38.767852,140.164609,1,2026/04/12
XM844330,風の精霊,38.767852,140.329218,1,2026/04/16
XM844348,風の精霊,38.854249,140.246914,1,2026/06/20
XM844405,風の精霊,38.878914,139.972565,1,2026/05/05
XM844414,炎の精霊,38.903571,139.917695,1,2026/06/19
XM844415,水の精霊,38.915897,139.890261,1,2026/07/30
XM844420,水の精霊,38.915897,139.835391,1,2026/06/23
XM844420,炎の精霊,38.915897,139.835391,1,2026/05/27
XM844420,風の精霊,38.915897,139.835391,1,2026/06/22
XM844421,風の精霊,38.928220,139.807956,1,2026/04/13
XM844423,水の精霊,38.928220,139.862826,1,2026/08/01
XM844423,炎の精霊,38.928220,139.862826,2,2026/07/13
XM844423,風の精霊,38.928220,139.862826,2,2026/06/06
XM844424,水の精霊,38.940541,139.835391,1,2026/05/19
XM844427,水の精霊,38.952860,139.862826,1,2026/06/08
XM844427,風の精霊,38.952860,139.862826,2,2026/06/03
XM844450,風の精霊,38.952860,139.917695,1,2026/04/16
XM844451,水の精霊,38.965176,139.890261,1,2026/06/05
XM844565,炎の精霊,39.063633,139.890261,1,2026/06/07
XM844681,風の精霊,39.002114,140.466392,1,2026/07/27
XM844764,水の精霊,39.051334,140.411523,1,2026/08/07
XM844764,風の精霊,39.051334,140.411523,1,2026/06/07
XM844767,炎の精霊,39.063633,140.438957,1,2026/04/16
XM844853,風の精霊,39.186511,139.945130,1,2026/04/29
XM844855,炎の精霊,39.211061,139.890261,1,2026/05/05
XM844864,風の精霊,39.161953,140.164609,1,2026/06/03
XM844877,炎の精霊,39.211061,140.109739,1,2026/04/15
XM845664,風の精霊,39.272399,139.917695,2,2026/07/09
XM845667,水の精霊,39.284660,139.945130,3,2026/07/18
XM845667,風の精霊,39.284660,139.945130,5,2026/07/31
XM846021,大地の精霊,38.706075,141.289438,1,2026/06/13
XM846021,風の精霊,38.706075,141.289438,1,2026/06/07
XM846083,水の精霊,38.780201,141.508916,2,2026/06/25
XM846083,風の精霊,38.780201,141.508916,1,2026/05/02
XM846101,炎の精霊,38.743148,141.207133,1,2026/05/16
XM846115,水の精霊,38.804892,141.124829,1,2026/05/22
XM846120,水の精霊,38.804892,141.069959,2,2026/07/06
XM846120,風の精霊,38.804892,141.069959,2,2026/08/04
XM846131,炎の精霊,38.780201,141.289438,1,2026/04/22
XM846150,大地の精霊,38.841913,141.152263,1,2026/05/02
XM846154,風の精霊,38.866582,141.152263,2,2026/06/20
XM846155,水の精霊,38.878914,141.124829,1,2026/06/27
XM846180,炎の精霊,38.878914,141.234568,1,2026/05/15
XM846184,風の精霊,38.903571,141.234568,1,2026/05/24
XM846185,大地の精霊,38.915897,141.207133,1,2026/05/19
XM846187,水の精霊,38.915897,141.262003,1,2026/06/14
XM846234,大地の精霊,38.903571,141.069959,1,2026/04/22
XM846237,大地の精霊,38.915897,141.097394,1,2026/07/10
XM846237,水の精霊,38.915897,141.097394,1,2026/06/15
XM846237,炎の精霊,38.915897,141.097394,5,2026/06/30
XM846237,風の精霊,38.915897,141.097394,4,2026/07/19
XM846247,水の精霊,38.952860,141.015089,1,2026/05/30
XM846247,風の精霊,38.952860,141.015089,1,2026/07/19
XM846260,炎の精霊,38.915897,141.152263,1,2026/05/31
XM846261,風の精霊,38.928220,141.124829,1,2026/05/20
XM846264,風の精霊,38.940541,141.152263,1,2026/06/02
XM846268,水の精霊,38.965176,141.152263,1,2026/05/01
XM846275,水の精霊,38.989803,141.042524,1,2026/05/03
XM846278,風の精霊,39.002114,141.069959,1,2026/06/07
XM846324,大地の精霊,38.829574,141.563786,2,2026/07/09
XM846324,水の精霊,38.829574,141.563786,1,2026/06/29
XM846351,大地の精霊,38.854249,141.618656,2,2026/08/08
XM846351,水の精霊,38.854249,141.618656,1,2026/06/26
XM846351,炎の精霊,38.854249,141.618656,1,2026/06/02
XM846414,炎の精霊,38.903571,141.399177,1,2026/05/27
XM846414,風の精霊,38.903571,141.399177,1,2026/04/20
XM846420,風の精霊,38.915897,141.316872,1,2026/07/09
XM846423,炎の精霊,38.928220,141.344307,1,2026/06/13
XM846430,水の精霊,38.878914,141.563786,1,2026/05/21
XM846430,炎の精霊,38.878914,141.563786,1,2026/04/17
XM846430,風の精霊,38.878914,141.563786,2,2026/05/23
XM846433,炎の精霊,38.891244,141.591221,2,2026/07/16
XM846434,大地の精霊,38.903571,141.563786,1,2026/07/17
XM846434,風の精霊,38.903571,141.563786,2,2026/07/18
XM846437,風の精霊,38.915897,141.591221,1,2026/06/07
XM846440,炎の精霊,38.915897,141.481481,1,2026/05/10
XM846441,大地の精霊,38.928220,141.454047,1,2026/04/18
XM846455,水の精霊,38.989803,141.371742,1,2026/05/02
XM846457,炎の精霊,38.989803,141.426612,1,2026/04/12
XM846461,大地の精霊,38.928220,141.618656,1,2026/06/08
XM846461,炎の精霊,38.928220,141.618656,1,2026/06/08
XM846504,風の精霊,38.977491,141.234568,1,2026/07/19
XM846514,水の精霊,39.014422,141.152263,1,2026/04/24
XM846515,水の精霊,39.026728,141.124829,1,2026/06/22
XM846518,水の精霊,39.039032,141.152263,1,2026/06/08
XM846524,風の精霊,39.051334,141.069959,2,2026/05/19
XM846583,炎の精霊,39.112810,141.262003,1,2026/04/20
XM846708,風の精霊,39.002114,141.728395,1,2026/04/29
XM846748,風の精霊,39.075931,141.728395,1,2026/06/24
XM846833,炎の精霊,39.112810,141.591221,1,2026/05/05
XM847100,風の精霊,39.063633,140.493827,1,2026/05/02
XM847101,風の精霊,39.075931,140.466392,1,2026/05/26
XM847104,風の精霊,39.088226,140.493827,2,2026/08/08
XM847108,水の精霊,39.112810,140.493827,1,2026/05/12
XM847108,風の精霊,39.112810,140.493827,1,2026/04/30
XM847113,大地の精霊,39.112810,140.438957,1,2026/04/29
XM847117,炎の精霊,39.137386,140.438957,1,2026/05/31
XM847117,風の精霊,39.137386,140.438957,2,2026/06/10
XM847140,大地の精霊,39.137386,140.493827,1,2026/08/05
XM847143,風の精霊,39.149670,140.521262,1,2026/04/15
XM847144,大地の精霊,39.161953,140.493827,1,2026/05/31
XM847144,炎の精霊,39.161953,140.493827,1,2026/05/31
XM847147,風の精霊,39.174233,140.521262,1,2026/04/17
XM847148,大地の精霊,39.186511,140.493827,1,2026/06/12
XM847150,炎の精霊,39.174233,140.411523,1,2026/05/10
XM847153,風の精霊,39.186511,140.438957,1,2026/06/18
XM847157,大地の精霊,39.211061,140.438957,1,2026/06/30
XM847175,炎の精霊,39.211061,140.548697,1,2026/05/16
XM847175,風の精霊,39.211061,140.548697,1,2026/06/20
XM847181,風の精霊,39.223333,140.466392,1,2026/05/16
XM847183,風の精霊,39.223333,140.521262,3,2026/07/31
XM847187,風の精霊,39.247870,140.521262,1,2026/04/19
XM847210,大地の精霊,39.211061,140.164609,1,2026/05/06
XM847211,風の精霊,39.223333,140.137174,3,2026/05/02
XM847214,大地の精霊,39.235603,140.164609,1,2026/07/25
XM847214,炎の精霊,39.235603,140.164609,1,2026/07/05
XM847214,風の精霊,39.235603,140.164609,3,2026/07/09
XM847215,炎の精霊,39.247870,140.137174,1,2026/05/23
XM847215,風の精霊,39.247870,140.137174,2,2026/07/27
XM847227,大地の精霊,39.284660,140.109739,2,2026/06/29
XM847227,炎の精霊,39.284660,140.109739,1,2026/06/01
XM847227,風の精霊,39.284660,140.109739,1,2026/07/30
XM847263,大地の精霊,39.260135,140.438957,1,2026/05/26
XM847267,大地の精霊,39.284660,140.438957,1,2026/06/03
XM847280,炎の精霊,39.321430,140.246914,1,2026/05/10
XM847333,大地の精霊,39.112810,141.097394,1,2026/04/25
XM847360,風の精霊,39.137386,141.152263,1,2026/07/30
XM847361,風の精霊,39.149670,141.124829,2,2026/07/06
XM847363,風の精霊,39.149670,141.179698,1,2026/06/15
XM847364,水の精霊,39.161953,141.152263,1,2026/06/22
XM847365,水の精霊,39.174233,141.124829,1,2026/06/13
XM847365,風の精霊,39.174233,141.124829,1,2026/04/24
XM847374,水の精霊,39.198787,141.069959,1,2026/08/02
XM847377,風の精霊,39.211061,141.097394,1,2026/04/14
XM847378,風の精霊,39.223333,141.069959,2,2026/05/20
XM847380,炎の精霊,39.211061,140.987654,1,2026/05/03
XM847388,大地の精霊,39.260135,140.987654,1,2026/05/18
XM847425,風の精霊,39.284660,140.548697,2,2026/07/19
XM847428,風の精霊,39.296918,140.576132,1,2026/04/12
XM847451,水の精霊,39.296918,140.631001,1,2026/05/05
XM847501,大地の精霊,39.296918,140.466392,1,2026/05/23
XM847513,水の精霊,39.333682,140.438957,1,2026/07/05
XM847530,水の精霊,39.321430,140.576132,1,2026/07/23
XM847530,炎の精霊,39.321430,140.576132,2,2026/08/04
XM847531,炎の精霊,39.333682,140.548697,1,2026/06/28
XM847531,風の精霊,39.333682,140.548697,1,2026/06/25
XM847534,風の精霊,39.345932,140.576132,1,2026/07/14
XM847535,風の精霊,39.358181,140.548697,1,2026/06/08
XM847557,炎の精霊,39.431624,140.438957,1,2026/08/03
XM847557,風の精霊,39.431624,140.438957,1,2026/06/07
XM847571,風の精霊,39.407152,140.548697,1,2026/04/17
XM847575,炎の精霊,39.431624,140.548697,1,2026/04/18
XM847575,風の精霊,39.431624,140.548697,1,2026/07/04
XM847580,炎の精霊,39.431624,140.493827,1,2026/08/08
XM847584,大地の精霊,39.456088,140.493827,2,2026/05/18
XM847584,炎の精霊,39.456088,140.493827,1,2026/08/04
XM847605,風の精霊,39.211061,141.207133,2,2026/05/29
XM847611,大地の精霊,39.223333,141.124829,2,2026/06/09
XM847611,風の精霊,39.223333,141.124829,2,2026/07/13
XM847613,大地の精霊,39.223333,141.179698,1,2026/05/10
XM847615,水の精霊,39.247870,141.124829,1,2026/07/08
XM847618,風の精霊,39.260135,141.152263,1,2026/07/04
XM847620,大地の精霊,39.247870,141.069959,1,2026/06/01
XM847620,風の精霊,39.247870,141.069959,2,2026/05/14
XM847621,風の精霊,39.260135,141.042524,3,2026/08/06
XM847623,大地の精霊,39.260135,141.097394,1,2026/05/15
XM847623,炎の精霊,39.260135,141.097394,1,2026/05/15
XM847624,大地の精霊,39.272399,141.069959,1,2026/05/30
XM847625,風の精霊,39.284660,141.042524,3,2026/07/18
XM847627,炎の精霊,39.284660,141.097394,1,2026/06/03
XM847640,風の精霊,39.247870,141.234568,1,2026/07/14
XM847650,水の精霊,39.284660,141.152263,1,2026/06/12
XM847650,風の精霊,39.284660,141.152263,1,2026/04/18
XM847651,大地の精霊,39.296918,141.124829,1,2026/08/08
XM847651,水の精霊,39.296918,141.124829,2,2026/07/31
XM847653,炎の精霊,39.296918,141.179698,1,2026/05/10
XM847658,炎の精霊,39.333682,141.152263,1,2026/06/29
XM847673,水の精霊,39.296918,141.344307,1,2026/05/04
XM847684,炎の精霊,39.345932,141.234568,1,2026/05/16
XM847703,水の精霊,39.296918,141.015089,1,2026/08/01
XM847703,風の精霊,39.296918,141.015089,1,2026/05/08
XM847704,水の精霊,39.309175,140.987654,1,2026/05/04
XM847707,大地の精霊,39.321430,141.015089,1,2026/08/08
XM847707,風の精霊,39.321430,141.015089,2,2026/06/23
XM847730,風の精霊,39.321430,141.069959,1,2026/05/28
XM847731,水の精霊,39.333682,141.042524,2,2026/05/23
XM847733,風の精霊,39.333682,141.097394,1,2026/06/10
XM847734,風の精霊,39.345932,141.069959,1,2026/04/28
XM847738,風の精霊,39.370427,141.069959,2,2026/07/28
XM847743,大地の精霊,39.370427,141.015089,1,2026/07/24
XM847743,炎の精霊,39.370427,141.015089,1,2026/07/05
XM847743,風の精霊,39.370427,141.015089,3,2026/06/20
XM847760,大地の精霊,39.358181,141.152263,1,2026/05/05
XM847760,炎の精霊,39.358181,141.152263,1,2026/07/10
XM847761,大地の精霊,39.370427,141.124829,1,2026/07/25
XM847761,炎の精霊,39.370427,141.124829,1,2026/06/04
XM847761,風の精霊,39.370427,141.124829,3,2026/07/30
XM847764,炎の精霊,39.382670,141.152263,2,2026/08/07
XM847768,大地の精霊,39.407152,141.152263,1,2026/07/07
XM847771,炎の精霊,39.407152,141.042524,1,2026/05/30
XM847773,大地の精霊,39.407152,141.097394,1,2026/06/14
XM847773,水の精霊,39.407152,141.097394,1,2026/06/22
XM847777,風の精霊,39.431624,141.097394,1,2026/05/27
XM847820,風の精霊,39.468317,140.576132,1,2026/05/29
XM847858,大地の精霊,39.553859,140.658436,1,2026/05/16
XM848001,風の精霊,39.296918,139.972565,2,2026/07/11
XM848004,風の精霊,39.309175,140.000000,1,2026/05/12
XM848008,水の精霊,39.333682,140.000000,1,2026/05/22
XM848033,風の精霊,39.333682,140.109739,1,2026/05/14
XM848034,炎の精霊,39.345932,140.082305,2,2026/06/30
XM848035,大地の精霊,39.358181,140.054870,1,2026/08/06
XM848035,水の精霊,39.358181,140.054870,1,2026/06/22
XM848035,炎の精霊,39.358181,140.054870,1,2026/06/03
XM848035,風の精霊,39.358181,140.054870,3,2026/07/28
XM848038,水の精霊,39.370427,140.082305,1,2026/04/24
XM848038,風の精霊,39.370427,140.082305,1,2026/04/14
XM848047,水の精霊,39.394912,140.027435,1,2026/06/21
XM848047,風の精霊,39.394912,140.027435,1,2026/04/22
XM848071,水の精霊,39.407152,140.054870,1,2026/08/02
XM848071,風の精霊,39.407152,140.054870,2,2026/07/02
XM848077,炎の精霊,39.431624,140.109739,1,2026/05/17
XM848083,風の精霊,39.443857,140.027435,1,2026/05/01
XM848324,炎の精霊,39.492768,140.082305,1,2026/04/20
XM848325,大地の精霊,39.504991,140.054870,1,2026/04/28
XM848333,水の精霊,39.443857,140.356653,1,2026/07/11
XM848367,炎の精霊,39.504991,140.438957,1,2026/07/10
XM848385,炎の精霊,39.578280,140.219479,1,2026/04/13
XM848431,大地の精霊,39.553859,140.054870,1,2026/08/07
XM848431,風の精霊,39.553859,140.054870,2,2026/06/08
XM848435,風の精霊,39.578280,140.054870,2,2026/04/19
XM848463,風の精霊,39.590487,140.192044,1,2026/05/11
XM848464,水の精霊,39.602692,140.164609,1,2026/06/07
XM848473,水の精霊,39.627096,140.109739,1,2026/05/15
XM848477,水の精霊,39.651491,140.109739,1,2026/06/22
XM848477,炎の精霊,39.651491,140.109739,1,2026/04/17
XM848477,風の精霊,39.651491,140.109739,1,2026/04/27
XM848478,風の精霊,39.663686,140.082305,6,2026/07/27
XM848627,大地の精霊,39.614895,140.356653,2,2026/06/14
XM848635,風の精霊,39.578280,140.548697,1,2026/04/19
XM848637,大地の精霊,39.578280,140.603567,1,2026/05/11
XM848637,水の精霊,39.578280,140.603567,1,2026/08/02
XM848637,風の精霊,39.578280,140.603567,1,2026/07/24
XM848638,大地の精霊,39.590487,140.576132,2,2026/08/04
XM848665,大地の精霊,39.614895,140.631001,2,2026/07/10
XM848665,水の精霊,39.614895,140.631001,3,2026/07/21
XM848665,風の精霊,39.614895,140.631001,4,2026/07/28
XM848670,炎の精霊,39.614895,140.576132,1,2026/04/26
XM848673,大地の精霊,39.627096,140.603567,1,2026/07/27
XM848673,風の精霊,39.627096,140.603567,2,2026/05/29
XM848674,炎の精霊,39.639295,140.576132,1,2026/08/06
XM848674,風の精霊,39.639295,140.576132,1,2026/07/25
XM848675,風の精霊,39.651491,140.548697,2,2026/05/08
XM848677,水の精霊,39.651491,140.603567,1,2026/08/01
XM848677,風の精霊,39.651491,140.603567,1,2026/06/08
XM848683,炎の精霊,39.663686,140.521262,1,2026/05/13
XM848705,水の精霊,39.651491,140.219479,2,2026/06/22
XM848708,炎の精霊,39.663686,140.246914,3,2026/08/08
XM848708,風の精霊,39.663686,140.246914,3,2026/07/06
XM848710,水の精霊,39.651491,140.164609,1,2026/06/10
XM848714,風の精霊,39.675878,140.164609,2,2026/07/28
XM848715,大地の精霊,39.688068,140.137174,1,2026/06/29
XM848715,風の精霊,39.688068,140.137174,3,2026/07/24
XM848717,炎の精霊,39.688068,140.192044,1,2026/04/28
XM848717,風の精霊,39.688068,140.192044,1,2026/05/09
XM848720,大地の精霊,39.688068,140.082305,1,2026/04/13
XM848720,水の精霊,39.688068,140.082305,1,2026/06/11
XM848720,風の精霊,39.688068,140.082305,2,2026/07/23
XM848721,炎の精霊,39.700256,140.054870,1,2026/04/24
XM848723,風の精霊,39.700256,140.109739,2,2026/05/12
XM848724,風の精霊,39.712442,140.082305,2,2026/06/04
XM848727,水の精霊,39.724625,140.109739,1,2026/07/08
XM848728,水の精霊,39.736807,140.082305,3,2026/07/19
XM848728,風の精霊,39.736807,140.082305,1,2026/05/24
XM848741,大地の精霊,39.700256,140.219479,1,2026/04/23
XM848750,水の精霊,39.724625,140.164609,2,2026/07/12
XM848750,炎の精霊,39.724625,140.164609,1,2026/05/05
XM848750,風の精霊,39.724625,140.164609,1,2026/05/22
XM848755,風の精霊,39.761163,140.137174,3,2026/07/22
XM848831,水の精霊,39.773338,140.054870,1,2026/06/01
XM848833,水の精霊,39.773338,140.109739,1,2026/04/25
XM848833,風の精霊,39.773338,140.109739,2,2026/07/15
XM848834,炎の精霊,39.785511,140.082305,1,2026/05/10
XM848835,大地の精霊,39.797682,140.054870,1,2026/07/27
XM848835,炎の精霊,39.797682,140.054870,2,2026/08/07
XM848838,炎の精霊,39.809851,140.082305,1,2026/04/14
XM848838,風の精霊,39.809851,140.082305,2,2026/07/09
XM848847,大地の精霊,39.834181,140.027435,1,2026/05/25
XM848847,炎の精霊,39.834181,140.027435,1,2026/08/06
XM848847,風の精霊,39.834181,140.027435,2,2026/06/15
XM848870,水の精霊,39.834181,140.082305,1,2026/06/10
XM848871,大地の精霊,39.846343,140.054870,1,2026/08/02
XM848873,風の精霊,39.846343,140.109739,1,2026/05/19
XM848874,水の精霊,39.858503,140.082305,1,2026/05/13
XM848875,水の精霊,39.870661,140.054870,1,2026/07/18
XM848875,風の精霊,39.870661,140.054870,2,2026/07/19
XM848880,水の精霊,39.870661,140.000000,1,2026/06/21
XM848880,風の精霊,39.870661,140.000000,1,2026/07/02
XM848881,風の精霊,39.882817,139.972565,1,2026/06/18
XM848884,大地の精霊,39.894970,140.000000,1,2026/07/03
XM848884,水の精霊,39.894970,140.000000,2,2026/08/01
XM856637,水の精霊,39.907122,139.862826,1,2026/06/16
XM870234,炎の精霊,39.235603,141.810700,1,2026/04/21
XM870541,炎の精霊,39.370427,141.947874,1,2026/08/03
XM871008,炎の精霊,39.333682,141.481481,1,2026/05/16
XM871034,風の精霊,39.345932,141.563786,1,2026/04/24
XM871035,風の精霊,39.358181,141.536351,2,2026/07/01
XM871101,水の精霊,39.407152,141.207133,1,2026/06/09
XM871105,風の精霊,39.431624,141.207133,1,2026/06/16
XM871111,大地の精霊,39.443857,141.124829,1,2026/07/20
XM871123,水の精霊,39.480544,141.097394,1,2026/06/21
XM871123,風の精霊,39.480544,141.097394,3,2026/07/14
XM871127,大地の精霊,39.504991,141.097394,1,2026/08/08
XM871127,水の精霊,39.504991,141.097394,1,2026/06/23
XM871127,炎の精霊,39.504991,141.097394,1,2026/06/16
XM871127,風の精霊,39.504991,141.097394,2,2026/06/25
XM871150,風の精霊,39.504991,141.152263,2,2026/08/06
XM871151,風の精霊,39.517211,141.124829,1,2026/05/09
XM871153,水の精霊,39.517211,141.179698,1,2026/05/13
XM871154,水の精霊,39.529429,141.152263,2,2026/06/27
XM871155,風の精霊,39.541645,141.124829,1,2026/06/17
XM871157,大地の精霊,39.541645,141.179698,2,2026/07/05
XM871157,炎の精霊,39.541645,141.179698,2,2026/06/08
XM871181,大地の精霊,39.553859,141.207133,1,2026/06/24
XM871181,水の精霊,39.553859,141.207133,2,2026/08/02
XM871181,炎の精霊,39.553859,141.207133,2,2026/08/03
XM871181,風の精霊,39.553859,141.207133,2,2026/06/12
XM871185,水の精霊,39.578280,141.207133,1,2026/04/23
XM871230,大地の精霊,39.541645,141.069959,1,2026/04/23
XM871237,炎の精霊,39.578280,141.097394,1,2026/05/27
XM871237,風の精霊,39.578280,141.097394,1,2026/05/24
XM871263,風の精霊,39.590487,141.179698,1,2026/08/04
XM871264,風の精霊,39.602692,141.152263,3,2026/06/26
XM871265,風の精霊,39.614895,141.124829,1,2026/05/14
XM871267,大地の精霊,39.614895,141.179698,1,2026/05/31
XM871267,炎の精霊,39.614895,141.179698,1,2026/05/31
XM871268,風の精霊,39.627096,141.152263,1,2026/06/05
XM871273,風の精霊,39.627096,141.097394,2,2026/07/17
XM871277,風の精霊,39.651491,141.097394,2,2026/08/04
XM871280,風の精霊,39.651491,140.987654,1,2026/05/24
XM871287,水の精霊,39.688068,141.015089,1,2026/05/30
XM871287,炎の精霊,39.688068,141.015089,1,2026/06/11
XM871477,風の精霊,39.651491,141.591221,1,2026/06/19
XM871505,風の精霊,39.651491,141.207133,1,2026/05/03
XM871510,大地の精霊,39.651491,141.152263,1,2026/08/07
XM871510,風の精霊,39.651491,141.152263,1,2026/05/20
XM871511,大地の精霊,39.663686,141.124829,1,2026/05/14
XM871511,風の精霊,39.663686,141.124829,2,2026/06/24
XM871514,大地の精霊,39.675878,141.152263,1,2026/05/26
XM871514,風の精霊,39.675878,141.152263,1,2026/05/01
XM871515,水の精霊,39.688068,141.124829,1,2026/06/14
XM871517,風の精霊,39.688068,141.179698,1,2026/05/25
XM871524,水の精霊,39.712442,141.069959,2,2026/06/22
XM871524,風の精霊,39.712442,141.069959,1,2026/04/29
XM871527,大地の精霊,39.724625,141.097394,1,2026/06/15
XM871527,炎の精霊,39.724625,141.097394,1,2026/06/21
XM871528,炎の精霊,39.736807,141.069959,1,2026/04/19
XM871550,水の精霊,39.724625,141.152263,2,2026/08/03
XM871553,大地の精霊,39.736807,141.179698,1,2026/04/12
XM871553,風の精霊,39.736807,141.179698,1,2026/04/14
XM871554,炎の精霊,39.748986,141.152263,1,2026/06/19
XM871558,水の精霊,39.773338,141.152263,1,2026/05/09
XM871558,風の精霊,39.773338,141.152263,1,2026/07/28
XM871581,大地の精霊,39.773338,141.207133,1,2026/04/14
XM871585,風の精霊,39.797682,141.207133,1,2026/04/12
XM871645,大地の精霊,39.614895,141.947874,2,2026/05/21
XM871645,水の精霊,39.614895,141.947874,1,2026/07/12
XM871645,炎の精霊,39.614895,141.947874,4,2026/06/26
XM871645,風の精霊,39.614895,141.947874,1,2026/07/02
XM871653,炎の精霊,39.627096,141.920439,1,2026/06/22
XM871657,大地の精霊,39.651491,141.920439,1,2026/07/31
XM871681,風の精霊,39.663686,141.947874,2,2026/07/05
XM872020,炎の精霊,39.688068,140.576132,1,2026/05/19
XM872020,風の精霊,39.688068,140.576132,1,2026/04/29
XM872028,大地の精霊,39.736807,140.576132,1,2026/07/15
XM872028,水の精霊,39.736807,140.576132,1,2026/06/16
XM872028,風の精霊,39.736807,140.576132,2,2026/06/02
XM872041,大地の精霊,39.700256,140.713306,2,2026/08/05
XM872041,水の精霊,39.700256,140.713306,2,2026/08/07
XM872041,炎の精霊,39.700256,140.713306,1,2026/07/07
XM872041,風の精霊,39.700256,140.713306,3,2026/07/24
XM872045,大地の精霊,39.724625,140.713306,1,2026/05/07
XM872060,水の精霊,39.688068,140.905350,1,2026/05/22
XM872080,大地の精霊,39.761163,140.740741,1,2026/06/14
XM872087,風の精霊,39.797682,140.768176,1,2026/06/02
XM872218,炎の精霊,39.919271,140.164609,1,2026/05/13
XM872220,風の精霊,39.907122,140.082305,2,2026/08/05
XM872223,炎の精霊,39.919271,140.109739,1,2026/07/21
XM872228,炎の精霊,39.955705,140.082305,2,2026/07/26
XM872228,風の精霊,39.955705,140.082305,3,2026/07/28
XM872251,大地の精霊,39.955705,140.137174,1,2026/05/24
XM872251,水の精霊,39.955705,140.137174,1,2026/08/07
XM872251,風の精霊,39.955705,140.137174,1,2026/06/16
XM872300,風の精霊,39.724625,140.987654,1,2026/04/15
XM872301,風の精霊,39.736807,140.960219,1,2026/07/05
XM872303,水の精霊,39.736807,141.015089,1,2026/07/21
XM872303,風の精霊,39.736807,141.015089,1,2026/06/06
XM872313,水の精霊,39.773338,140.932785,1,2026/06/17
XM872313,炎の精霊,39.773338,140.932785,1,2026/06/06
XM872313,風の精霊,39.773338,140.932785,1,2026/06/28
XM872333,大地の精霊,39.773338,141.097394,2,2026/06/29
XM872333,水の精霊,39.773338,141.097394,1,2026/07/29
XM872333,風の精霊,39.773338,141.097394,5,2026/07/19
XM872360,大地の精霊,39.797682,141.152263,1,2026/07/31
XM872361,風の精霊,39.809851,141.124829,1,2026/06/04
XM872364,水の精霊,39.822017,141.152263,1,2026/05/10
XM872364,風の精霊,39.822017,141.152263,1,2026/05/03
XM872365,水の精霊,39.834181,141.124829,1,2026/05/05
XM872368,炎の精霊,39.846343,141.152263,1,2026/05/20
XM872373,大地の精霊,39.846343,141.097394,1,2026/08/04
XM872378,風の精霊,39.882817,141.069959,1,2026/07/27
XM872518,風の精霊,40.028516,140.411523,1,2026/05/05
XM872601,大地の精霊,39.846343,141.207133,1,2026/05/04
XM872605,水の精霊,39.870661,141.207133,1,2026/04/26
XM872613,水の精霊,39.882817,141.179698,2,2026/07/25
XM872614,水の精霊,39.894970,141.152263,1,2026/07/26
XM872614,風の精霊,39.894970,141.152263,1,2026/04/29
XM872617,炎の精霊,39.907122,141.179698,1,2026/04/12
XM872624,水の精霊,39.931418,141.069959,1,2026/06/07
XM872641,風の精霊,39.919271,141.207133,2,2026/06/30
XM872680,大地の精霊,39.979984,141.234568,1,2026/05/10
XM872680,水の精霊,39.979984,141.234568,2,2026/08/07
XM872680,炎の精霊,39.979984,141.234568,1,2026/06/30
XM872680,風の精霊,39.979984,141.234568,2,2026/06/28
XM872740,大地の精霊,40.016387,140.987654,1,2026/05/10
XM872747,水の精霊,40.052769,141.015089,1,2026/07/26
XM872747,風の精霊,40.052769,141.015089,1,2026/05/30
XM872778,水の精霊,40.101250,141.069959,1,2026/05/06
XM872875,大地の精霊,40.198107,140.795610,1,2026/05/10
XM872875,炎の精霊,40.198107,140.795610,2,2026/07/24
XM872878,水の精霊,40.210204,140.823045,1,2026/04/21
XM874108,風の精霊,39.773338,141.975309,1,2026/04/19
XM874151,風の精霊,39.846343,141.865569,1,2026/06/28
XM875084,水の精霊,40.113364,141.481481,1,2026/05/10
XM875103,風の精霊,40.064893,141.262003,1,2026/07/13
XM875104,大地の精霊,40.077014,141.234568,1,2026/07/01
XM875104,水の精霊,40.077014,141.234568,1,2026/06/10
XM875154,大地の精霊,40.186007,141.152263,2,2026/06/24
XM875154,水の精霊,40.186007,141.152263,1,2026/06/07
XM875154,風の精霊,40.186007,141.152263,1,2026/07/16
XM875157,大地の精霊,40.198107,141.179698,1,2026/06/03
XM875157,風の精霊,40.198107,141.179698,1,2026/07/11
XM875158,風の精霊,40.210204,141.152263,1,2026/05/01
XM875187,炎の精霊,40.234393,141.262003,1,2026/05/15
XM875221,水の精霊,40.246483,140.795610,1,2026/04/29
XM875334,水の精霊,40.113364,141.810700,2,2026/06/23
XM875347,大地の精霊,40.161802,141.755830,2,2026/08/03
XM875347,水の精霊,40.161802,141.755830,1,2026/07/26
XM875347,炎の精霊,40.161802,141.755830,1,2026/05/15
XM875347,風の精霊,40.161802,141.755830,2,2026/07/15
XM875371,大地の精霊,40.173905,141.783265,1,2026/05/31
XM875371,風の精霊,40.173905,141.783265,2,2026/07/18
XM875373,炎の精霊,40.173905,141.838134,1,2026/04/13
XM875374,大地の精霊,40.186007,141.810700,1,2026/05/16
XM875374,炎の精霊,40.186007,141.810700,1,2026/05/16
XM875375,水の精霊,40.198107,141.783265,1,2026/04/29
XM875383,水の精霊,40.210204,141.755830,1,2026/04/16
XM875413,水の精霊,40.210204,141.426612,1,2026/06/11
XM875413,炎の精霊,40.210204,141.426612,1,2026/06/25
XM875417,水の精霊,40.234393,141.426612,1,2026/04/21
XM875420,風の精霊,40.234393,141.316872,1,2026/05/18
XM875425,大地の精霊,40.270659,141.289438,1,2026/05/24
XM875425,風の精霊,40.270659,141.289438,3,2026/06/28
XM875427,大地の精霊,40.270659,141.344307,1,2026/04/12
XM875428,風の精霊,40.282743,141.316872,1,2026/05/01
XM875441,風の精霊,40.246483,141.454047,2,2026/05/19
XM875465,水の精霊,40.270659,141.618656,1,2026/07/07
XM875481,炎の精霊,40.318984,141.454047,1,2026/06/22
XM875528,風の精霊,40.391406,141.069959,1,2026/08/04
XM875530,水の精霊,40.306906,141.316872,1,2026/06/10
XM875530,炎の精霊,40.306906,141.316872,1,2026/07/06
XM875530,風の精霊,40.306906,141.316872,1,2026/06/29
XM875543,水の精霊,40.355205,141.262003,1,2026/05/06
XM875544,風の精霊,40.367274,141.234568,1,2026/06/02
XM875567,風の精霊,40.379341,141.426612,1,2026/07/18
XM875568,水の精霊,40.391406,141.399177,1,2026/04/12
XM875624,水の精霊,40.258572,141.810700,1,2026/05/17
XM875625,風の精霊,40.270659,141.783265,2,2026/07/11
XM875740,炎の精霊,40.343133,141.728395,1,2026/05/13
XM875781,大地の精霊,40.427588,141.700960,2,2026/07/01
XM875781,炎の精霊,40.427588,141.700960,1,2026/08/08
XM875781,風の精霊,40.427588,141.700960,2,2026/07/29
XM875833,水の精霊,40.427588,141.591221,1,2026/06/21
XM875834,大地の精霊,40.439645,141.563786,1,2026/06/08
XM875837,大地の精霊,40.451699,141.591221,1,2026/05/25
XM875837,炎の精霊,40.451699,141.591221,1,2026/05/30
XM875837,風の精霊,40.451699,141.591221,2,2026/07/31
XM875843,風の精霊,40.463751,141.508916,1,2026/05/20
XM875845,風の精霊,40.487849,141.454047,1,2026/05/01
XM875847,大地の精霊,40.487849,141.508916,1,2026/07/31
XM875847,水の精霊,40.487849,141.508916,2,2026/06/18
XM875847,風の精霊,40.487849,141.508916,1,2026/07/06
XM875848,炎の精霊,40.499894,141.481481,1,2026/05/23
XM875848,風の精霊,40.499894,141.481481,1,2026/07/26
XM875852,水の精霊,40.511938,141.344307,1,2026/04/27
XM875853,水の精霊,40.499894,141.426612,1,2026/07/19
XM875857,風の精霊,40.523979,141.426612,2,2026/06/07
XM875858,炎の精霊,40.536018,141.399177,1,2026/07/30
XM875861,大地の精霊,40.463751,141.618656,3,2026/08/01
XM875865,風の精霊,40.487849,141.618656,1,2026/07/15
XM875870,大地の精霊,40.487849,141.563786,2,2026/06/04
XM875870,風の精霊,40.487849,141.563786,1,2026/07/24
XM875875,風の精霊,40.523979,141.536351,1,2026/07/09
XM875878,大地の精霊,40.536018,141.563786,1,2026/06/18
XM875878,炎の精霊,40.536018,141.563786,1,2026/06/16
XM875880,大地の精霊,40.523979,141.481481,1,2026/07/05
XM875881,炎の精霊,40.536018,141.454047,1,2026/07/17
XM875881,風の精霊,40.536018,141.454047,1,2026/07/09
XM875883,水の精霊,40.536018,141.508916,2,2026/06/22
XM875883,炎の精霊,40.536018,141.508916,1,2026/08/06
XM875884,大地の精霊,40.548055,141.481481,1,2026/06/20
XM875884,水の精霊,40.548055,141.481481,1,2026/07/03
XM875885,大地の精霊,40.560090,141.454047,2,2026/06/25
XM875885,風の精霊,40.560090,141.454047,3,2026/07/28
XM880030,水の精霊,39.979984,140.082305,1,2026/05/16
XM880034,風の精霊,40.004255,140.082305,1,2026/07/26
XM880038,水の精霊,40.028516,140.082305,1,2026/08/02
XM880038,炎の精霊,40.028516,140.082305,1,2026/06/25
XM880038,風の精霊,40.028516,140.082305,1,2026/07/19
XM880075,大地の精霊,40.089133,140.054870,1,2026/05/08
XM880077,水の精霊,40.089133,140.109739,1,2026/04/20
XM880078,大地の精霊,40.101250,140.082305,1,2026/08/08
XM880333,風の精霊,40.101250,140.356653,1,2026/05/01
XM880373,風の精霊,40.173905,140.356653,1,2026/05/08
XM880378,大地の精霊,40.210204,140.329218,1,2026/04/20
XM880384,風の精霊,40.222299,140.246914,2,2026/08/06
XM880403,大地の精霊,40.173905,140.027435,1,2026/06/13
XM880403,風の精霊,40.173905,140.027435,1,2026/07/15
XM880404,大地の精霊,40.186007,140.000000,1,2026/05/01
XM880407,大地の精霊,40.198107,140.027435,1,2026/06/30
XM880407,水の精霊,40.198107,140.027435,1,2026/07/06
XM880407,風の精霊,40.198107,140.027435,2,2026/08/05
XM880408,炎の精霊,40.210204,140.000000,1,2026/04/20
XM880408,風の精霊,40.210204,140.000000,1,2026/07/02
XM880431,風の精霊,40.210204,140.054870,2,2026/06/25
XM880443,風の精霊,40.246483,140.027435,1,2026/05/20
XM880611,大地の精霊,40.210204,140.384088,1,2026/06/12
XM880611,水の精霊,40.210204,140.384088,1,2026/07/10
XM880611,風の精霊,40.210204,140.384088,1,2026/04/24
XM880630,大地の精霊,40.198107,140.576132,1,2026/05/09
XM880633,水の精霊,40.210204,140.603567,1,2026/04/13
XM880633,炎の精霊,40.210204,140.603567,1,2026/05/11
XM880634,炎の精霊,40.222299,140.576132,1,2026/04/28
XM880634,風の精霊,40.222299,140.576132,1,2026/06/07
XM880635,大地の精霊,40.234393,140.548697,1,2026/06/01
XM880635,炎の精霊,40.234393,140.548697,1,2026/06/08
XM880635,風の精霊,40.234393,140.548697,1,2026/07/29
XM880638,炎の精霊,40.246483,140.576132,1,2026/06/28
XM880638,風の精霊,40.246483,140.576132,3,2026/06/05
XM880673,水の精霊,40.282743,140.603567,1,2026/05/22
XM880673,炎の精霊,40.282743,140.603567,1,2026/07/07
XM880674,風の精霊,40.294826,140.576132,1,2026/07/13
XM880675,風の精霊,40.306906,140.548697,2,2026/07/20
XM881664,大地の精霊,40.584153,139.917695,1,2026/07/18
XM883004,風の精霊,40.294826,140.740741,1,2026/04/29
XM883007,風の精霊,40.306906,140.768176,2,2026/07/08
XM883017,大地の精霊,40.343133,140.685871,1,2026/04/30
XM883021,水の精霊,40.355205,140.548697,1,2026/05/02
XM883164,大地の精霊,40.475801,140.658436,1,2026/04/17
XM883165,大地の精霊,40.487849,140.631001,2,2026/04/17
XM883165,水の精霊,40.487849,140.631001,1,2026/06/04
XM883175,大地の精霊,40.523979,140.548697,1,2026/05/31
XM883175,風の精霊,40.523979,140.548697,4,2026/07/14
XM883185,水の精霊,40.560090,140.466392,1,2026/07/02
XM883187,風の精霊,40.560090,140.521262,1,2026/06/08
XM883188,風の精霊,40.572122,140.493827,2,2026/07/18
XM883263,炎の精霊,40.572122,140.438957,1,2026/05/18
XM883267,風の精霊,40.596181,140.438957,2,2026/05/23
XM883274,風の精霊,40.620231,140.329218,1,2026/07/16
XM883277,炎の精霊,40.632253,140.356653,1,2026/05/27
XM883421,大地の精霊,40.572122,140.548697,1,2026/07/01
XM883421,風の精霊,40.572122,140.548697,1,2026/06/01
XM883424,風の精霊,40.584153,140.576132,2,2026/07/27
XM883427,風の精霊,40.596181,140.603567,1,2026/04/18
XM883428,風の精霊,40.608207,140.576132,2,2026/08/02
XM883455,大地の精霊,40.632253,140.631001,2,2026/07/14
XM883500,風の精霊,40.596181,140.493827,2,2026/08/07
XM883501,風の精霊,40.608207,140.466392,2,2026/05/13
XM883503,風の精霊,40.608207,140.521262,1,2026/06/12
XM883504,風の精霊,40.620231,140.493827,1,2026/07/13
XM883507,大地の精霊,40.632253,140.521262,1,2026/06/29
XM883507,風の精霊,40.632253,140.521262,2,2026/07/15
XM883510,風の精霊,40.632253,140.411523,1,2026/06/02
XM883533,大地の精霊,40.644272,140.603567,1,2026/04/19
XM883534,大地の精霊,40.656290,140.576132,1,2026/06/05
XM883534,風の精霊,40.656290,140.576132,1,2026/05/01
XM883535,風の精霊,40.668305,140.548697,1,2026/06/14
XM883537,水の精霊,40.668305,140.603567,1,2026/05/15
XM883540,水の精霊,40.668305,140.493827,1,2026/05/25
XM883540,風の精霊,40.668305,140.493827,1,2026/07/23
XM883543,水の精霊,40.680318,140.521262,1,2026/07/07
XM883543,風の精霊,40.680318,140.521262,2,2026/07/28
XM883544,大地の精霊,40.692329,140.493827,2,2026/07/30
XM883545,炎の精霊,40.704338,140.466392,2,2026/06/24
XM883547,炎の精霊,40.704338,140.521262,1,2026/06/19
XM883547,風の精霊,40.704338,140.521262,1,2026/05/30
XM883553,風の精霊,40.716344,140.438957,1,2026/07/02
XM883554,炎の精霊,40.728349,140.411523,1,2026/05/23
XM883554,風の精霊,40.728349,140.411523,1,2026/07/28
XM883557,大地の精霊,40.740351,140.438957,2,2026/08/07
XM883557,風の精霊,40.740351,140.438957,4,2026/07/31
XM883558,風の精霊,40.752351,140.411523,1,2026/04/26
XM883570,大地の精霊,40.704338,140.576132,1,2026/08/06
XM883570,風の精霊,40.704338,140.576132,3,2026/05/08
XM883571,水の精霊,40.716344,140.548697,1,2026/07/29
XM883571,炎の精霊,40.716344,140.548697,1,2026/07/22
XM883573,大地の精霊,40.716344,140.603567,1,2026/05/26
XM883573,風の精霊,40.716344,140.603567,1,2026/06/26
XM883575,風の精霊,40.740351,140.548697,2,2026/05/20
XM883577,炎の精霊,40.740351,140.603567,1,2026/06/13
XM883577,風の精霊,40.740351,140.603567,1,2026/05/28
XM883580,水の精霊,40.740351,140.493827,1,2026/04/21
XM883581,水の精霊,40.752351,140.466392,1,2026/05/15
XM883585,大地の精霊,40.776345,140.466392,1,2026/06/25
XM883587,風の精霊,40.776345,140.521262,1,2026/06/18
XM883588,大地の精霊,40.788339,140.493827,1,2026/05/31
XM883623,水の精霊,40.572122,141.097394,1,2026/05/17
XM883631,水の精霊,40.536018,141.289438,1,2026/06/11
XM883631,炎の精霊,40.536018,141.289438,1,2026/07/29
XM883631,風の精霊,40.536018,141.289438,3,2026/07/09
XM883635,水の精霊,40.560090,141.289438,2,2026/05/03
XM883643,大地の精霊,40.572122,141.262003,1,2026/08/03
XM883643,風の精霊,40.572122,141.262003,1,2026/06/27
XM883644,大地の精霊,40.584153,141.234568,1,2026/05/26
XM883644,水の精霊,40.584153,141.234568,1,2026/07/12
XM883645,水の精霊,40.596181,141.207133,1,2026/08/04
XM883648,大地の精霊,40.608207,141.234568,1,2026/07/30
XM883648,風の精霊,40.608207,141.234568,2,2026/04/30
XM883650,水の精霊,40.596181,141.152263,1,2026/07/10
XM883650,炎の精霊,40.596181,141.152263,1,2026/06/25
XM883650,風の精霊,40.596181,141.152263,1,2026/06/09
XM883653,風の精霊,40.608207,141.179698,2,2026/07/25
XM883654,風の精霊,40.620231,141.152263,1,2026/06/21
XM883663,風の精霊,40.572122,141.426612,2,2026/07/02
XM883667,水の精霊,40.596181,141.426612,1,2026/07/07
XM883667,風の精霊,40.596181,141.426612,1,2026/07/18
XM883670,風の精霊,40.596181,141.316872,2,2026/07/11
XM883671,水の精霊,40.608207,141.289438,1,2026/06/01
XM883675,炎の精霊,40.632253,141.289438,1,2026/05/16
XM883677,水の精霊,40.632253,141.344307,1,2026/04/26
XM883683,水の精霊,40.644272,141.262003,1,2026/05/12
XM883764,水の精霊,40.692329,141.152263,1,2026/08/05
XM883767,炎の精霊,40.704338,141.179698,1,2026/07/06
XM883804,風の精霊,40.728349,140.740741,1,2026/05/04
XM883805,炎の精霊,40.740351,140.713306,1,2026/05/06
XM883808,大地の精霊,40.752351,140.740741,1,2026/05/30
XM883808,炎の精霊,40.752351,140.740741,1,2026/05/30
XM883808,風の精霊,40.752351,140.740741,1,2026/06/15
XM883820,風の精霊,40.776345,140.576132,2,2026/04/27
XM883823,大地の精霊,40.788339,140.603567,1,2026/05/12
XM883834,風の精霊,40.764349,140.823045,1,2026/05/07
XM883835,水の精霊,40.776345,140.795610,1,2026/07/13
XM883835,炎の精霊,40.776345,140.795610,2,2026/06/26
XM883835,風の精霊,40.776345,140.795610,4,2026/07/23
XM883840,大地の精霊,40.776345,140.740741,1,2026/06/13
XM883840,風の精霊,40.776345,140.740741,3,2026/05/18
XM883843,水の精霊,40.788339,140.768176,1,2026/04/21
XM883844,風の精霊,40.800330,140.740741,1,2026/07/11
XM883847,風の精霊,40.812319,140.768176,2,2026/07/06
XM883853,水の精霊,40.824306,140.685871,1,2026/07/12
XM883853,炎の精霊,40.824306,140.685871,2,2026/07/30
XM883854,炎の精霊,40.836291,140.658436,1,2026/04/23
XM883857,炎の精霊,40.848274,140.685871,1,2026/04/25
XM883857,風の精霊,40.848274,140.685871,2,2026/06/27
XM883858,水の精霊,40.860255,140.658436,1,2026/05/07
XM883871,炎の精霊,40.824306,140.795610,1,2026/07/30
XM883871,風の精霊,40.824306,140.795610,1,2026/07/11
XM883874,水の精霊,40.836291,140.823045,1,2026/04/18
XM883874,風の精霊,40.836291,140.823045,1,2026/07/07
XM884314,大地の精霊,40.764349,140.164609,1,2026/08/03
XM884337,大地の精霊,40.776345,140.356653,1,2026/05/30
XM884337,水の精霊,40.776345,140.356653,1,2026/07/12
XM884340,炎の精霊,40.776345,140.246914,1,2026/07/18
XM884360,水の精霊,40.776345,140.411523,1,2026/05/12
XM884364,大地の精霊,40.800330,140.411523,1,2026/07/25
XM884367,風の精霊,40.812319,140.438957,1,2026/08/02
XM884600,風の精霊,40.812319,140.493827,1,2026/04/14
XM884604,風の精霊,40.836291,140.493827,1,2026/04/22
XM884605,大地の精霊,40.848274,140.466392,1,2026/07/17
XM884605,炎の精霊,40.848274,140.466392,2,2026/06/04
XM884610,水の精霊,40.848274,140.411523,1,2026/06/06
XM884610,炎の精霊,40.848274,140.411523,1,2026/06/29
XM884610,風の精霊,40.848274,140.411523,1,2026/07/14
XM884613,水の精霊,40.860255,140.438957,1,2026/05/05
XM884615,大地の精霊,40.884210,140.384088,1,2026/05/13
XM884617,大地の精霊,40.884210,140.438957,1,2026/04/20
XM884618,大地の精霊,40.896184,140.411523,2,2026/06/30
XM884618,炎の精霊,40.896184,140.411523,1,2026/06/12
XM884640,水の精霊,40.884210,140.493827,1,2026/05/02
XM884653,炎の精霊,40.932093,140.438957,1,2026/06/18
XM884653,風の精霊,40.932093,140.438957,1,2026/07/18
XM884657,大地の精霊,40.956022,140.438957,1,2026/07/05
XM884657,水の精霊,40.956022,140.438957,1,2026/06/12
XM886001,大地の精霊,40.608207,141.454047,2,2026/07/31
XM886001,風の精霊,40.608207,141.454047,3,2026/06/15
XM886011,風の精霊,40.644272,141.371742,1,2026/04/28
XM886013,炎の精霊,40.644272,141.426612,1,2026/06/30
XM886013,風の精霊,40.644272,141.426612,1,2026/06/19
XM886014,風の精霊,40.656290,141.399177,1,2026/05/08
XM886018,炎の精霊,40.680318,141.399177,1,2026/04/25
XM886020,風の精霊,40.668305,141.316872,1,2026/05/29
XM886023,炎の精霊,40.680318,141.344307,1,2026/05/24
XM886023,風の精霊,40.680318,141.344307,2,2026/06/08
XM886050,大地の精霊,40.704338,141.399177,1,2026/05/13
XM886050,風の精霊,40.704338,141.399177,1,2026/05/21
XM886058,水の精霊,40.752351,141.399177,1,2026/06/22
XM886105,風の精霊,40.740351,141.207133,1,2026/06/17
XM886108,風の精霊,40.752351,141.234568,1,2026/05/04
XM886110,大地の精霊,40.740351,141.152263,1,2026/05/25
XM886110,風の精霊,40.740351,141.152263,1,2026/06/17
XM886140,風の精霊,40.776345,141.234568,1,2026/08/03
XM886141,水の精霊,40.788339,141.207133,1,2026/04/25
XM886155,水の精霊,40.848274,141.124829,1,2026/07/30
XM886155,炎の精霊,40.848274,141.124829,1,2026/05/05
XM886155,風の精霊,40.848274,141.124829,1,2026/07/11
XM886238,風の精霊,40.896184,141.069959,1,2026/07/05
XM886245,水の精霊,40.920125,140.960219,1,2026/07/18
XM886246,風の精霊,40.908156,141.042524,1,2026/07/05
XM886248,風の精霊,40.932093,140.987654,1,2026/07/05
XM886260,大地の精霊,40.884210,141.152263,1,2026/06/20
XM886530,大地の精霊,40.956022,141.316872,2,2026/06/26
XM886530,風の精霊,40.956022,141.316872,3,2026/06/09
XM887014,水の精霊,40.979942,140.658436,1,2026/04/30
XM887107,風の精霊,41.063594,140.521262,1,2026/04/27
XM887165,大地の精霊,41.135211,140.631001,1,2026/07/04
XM887387,水の精霊,41.206750,141.015089,1,2026/04/21
XM887648,風の精霊,41.254399,141.234568,1,2026/05/03
XM887651,風の精霊,41.254399,141.124829,1,2026/05/26
XM887657,風の精霊,41.278211,141.179698,2,2026/04/27
XM887681,大地の精霊,41.290113,141.207133,1,2026/05/23
XM887681,水の精霊,41.290113,141.207133,1,2026/05/07
XM887681,風の精霊,41.290113,141.207133,1,2026/05/22
XM887684,大地の精霊,41.302014,141.234568,1,2026/04/25
XM887684,炎の精霊,41.302014,141.234568,1,2026/06/16
XM887685,風の精霊,41.313912,141.207133,1,2026/04/27
XM888658,炎の精霊,41.610661,140.411523,1,2026/05/18
XM888730,炎の精霊,41.598817,140.329218,2,2026/06/09
XP222134,炎の精霊,41.728980,140.576132,2,2026/08/03
XP222137,水の精霊,41.740800,140.603567,1,2026/06/29
XP222137,炎の精霊,41.740800,140.603567,1,2026/07/14
XP222137,風の精霊,41.740800,140.603567,4,2026/07/06
XP222324,大地の精霊,41.764434,140.823045,2,2026/06/30
XP222324,風の精霊,41.764434,140.823045,1,2026/06/18
XP222327,風の精霊,41.776247,140.850480,1,2026/04/15
XP222328,炎の精霊,41.788058,140.823045,1,2026/08/08
XP222328,風の精霊,41.788058,140.823045,2,2026/06/15
XP222400,風の精霊,41.776247,140.740741,1,2026/07/23
XP222403,大地の精霊,41.788058,140.768176,1,2026/06/18
XP222403,水の精霊,41.788058,140.768176,1,2026/08/05
XP222403,風の精霊,41.788058,140.768176,2,2026/07/14
XP222405,大地の精霊,41.811674,140.713306,1,2026/06/05
XP222405,風の精霊,41.811674,140.713306,2,2026/06/25
XP222407,水の精霊,41.811674,140.768176,1,2026/07/19
XP222408,炎の精霊,41.823479,140.740741,1,2026/05/04
XP222408,風の精霊,41.823479,140.740741,2,2026/06/28
XP222411,大地の精霊,41.823479,140.631001,2,2026/05/19
XP222411,風の精霊,41.823479,140.631001,2,2026/07/28
XP222413,大地の精霊,41.823479,140.685871,1,2026/06/20
XP222413,風の精霊,41.823479,140.685871,1,2026/07/06
XP222414,風の精霊,41.835282,140.658436,1,2026/04/15
XP222417,大地の精霊,41.847082,140.685871,1,2026/07/03
XP222418,炎の精霊,41.858880,140.658436,1,2026/07/01
XP222431,風の精霊,41.823479,140.795610,3,2026/06/03
XP222434,大地の精霊,41.835282,140.823045,1,2026/04/19
XP222440,水の精霊,41.847082,140.740741,1,2026/05/02
XP222440,風の精霊,41.847082,140.740741,3,2026/06/15
XP222441,大地の精霊,41.858880,140.713306,1,2026/05/30
XP222444,大地の精霊,41.870676,140.740741,1,2026/04/23
XP222444,風の精霊,41.870676,140.740741,1,2026/05/08
XP222445,炎の精霊,41.882470,140.713306,1,2026/08/04
XP222453,風の精霊,41.894262,140.685871,1,2026/07/22
XP222530,大地の精霊,41.917839,140.576132,1,2026/04/17
XP222568,炎の精霊,42.000289,140.658436,1,2026/04/20
XP222800,風の精霊,41.988517,140.740741,1,2026/05/17
XP222827,水の精霊,42.094387,140.603567,1,2026/05/18
XP222828,風の精霊,42.106140,140.576132,2,2026/07/17
XP227267,風の精霊,42.200081,142.661180,1,2026/08/07
XP227278,炎の精霊,42.247000,142.551440,1,2026/06/28
XP227278,風の精霊,42.247000,142.551440,4,2026/07/10
XP227324,風の精霊,42.082633,143.045267,1,2026/05/09
XP227334,水の精霊,42.047356,143.292181,1,2026/07/19
XP227420,炎の精霊,42.164870,142.798354,1,2026/04/16
XP227421,大地の精霊,42.176609,142.770919,1,2026/05/16
XP227425,風の精霊,42.200081,142.770919,2,2026/06/04
XP227501,風の精霊,42.211814,142.688615,2,2026/07/25
XP227511,風の精霊,42.247000,142.606310,1,2026/05/21
XP227773,水の精霊,42.317312,143.319616,1,2026/08/01
XP227773,炎の精霊,42.317312,143.319616,1,2026/07/04
XP227777,炎の精霊,42.340732,143.319616,1,2026/04/24
XP228301,炎の精霊,42.317312,142.441701,1,2026/04/27
XP228304,水の精霊,42.329023,142.469136,1,2026/04/16
XP228307,風の精霊,42.340732,142.496571,1,2026/06/10
XP228311,炎の精霊,42.352439,142.359396,1,2026/07/11
XP228311,風の精霊,42.352439,142.359396,1,2026/07/05
XP228314,大地の精霊,42.364143,142.386831,1,2026/04/20
XP228314,水の精霊,42.364143,142.386831,1,2026/05/04
XP228314,炎の精霊,42.364143,142.386831,1,2026/04/13
XP228315,炎の精霊,42.375846,142.359396,1,2026/04/16
XP228317,風の精霊,42.375846,142.414266,3,2026/07/22
XP228320,炎の精霊,42.375846,142.304527,1,2026/05/13
XP228321,水の精霊,42.387546,142.277092,1,2026/05/02
XP228341,大地の精霊,42.387546,142.441701,1,2026/08/08
XP228341,風の精霊,42.387546,142.441701,5,2026/07/26
XP228403,炎の精霊,42.422633,142.249657,1,2026/04/18
XP228413,大地の精霊,42.457701,142.167353,1,2026/05/01
XP228415,炎の精霊,42.481069,142.112483,1,2026/05/30
XP228420,大地の精霊,42.481069,142.057613,1,2026/06/13
XP228420,水の精霊,42.481069,142.057613,1,2026/06/01
XP228421,炎の精霊,42.492749,142.030178,2,2026/06/25
XP228423,風の精霊,42.492749,142.085048,1,2026/05/26
XP228425,大地の精霊,42.516104,142.030178,1,2026/06/12
XP228425,水の精霊,42.516104,142.030178,1,2026/06/27
XP228425,風の精霊,42.516104,142.030178,1,2026/06/23
XP228427,炎の精霊,42.516104,142.085048,1,2026/04/17
XP228451,大地の精霊,42.527778,142.112483,3,2026/07/28
XP228455,大地の精霊,42.551120,142.112483,2,2026/08/07
XP228455,風の精霊,42.551120,142.112483,2,2026/07/02
XP228505,水の精霊,42.551120,141.947874,1,2026/05/06
XP228505,炎の精霊,42.551120,141.947874,1,2026/08/02
XP228513,水の精霊,42.562787,141.920439,1,2026/04/19
XP228517,大地の精霊,42.586115,141.920439,3,2026/07/04
XP228517,風の精霊,42.586115,141.920439,1,2026/06/02
XP228524,水の精霊,42.609435,141.810700,1,2026/07/30
XP228524,炎の精霊,42.609435,141.810700,1,2026/08/02
XP228528,炎の精霊,42.632746,141.810700,1,2026/05/17
XP228530,水の精霊,42.551120,142.057613,1,2026/04/30
XP228533,大地の精霊,42.562787,142.085048,3,2026/08/02
XP228533,炎の精霊,42.562787,142.085048,2,2026/08/02
XP228533,風の精霊,42.562787,142.085048,2,2026/08/03
XP228541,風の精霊,42.597776,141.947874,1,2026/06/26
XP228542,風の精霊,42.609435,141.920439,1,2026/05/05
XP228558,炎の精霊,42.667696,141.893004,1,2026/04/28
XP228560,水の精霊,42.586115,142.139918,1,2026/07/14
XP228560,風の精霊,42.586115,142.139918,1,2026/06/24
XP251235,水の精霊,42.481069,143.264746,1,2026/07/19
XP251520,大地の精霊,42.586115,143.292181,1,2026/04/27
XP252281,水の精霊,42.876984,142.441701,1,2026/08/02
XP252301,風の精霊,42.632746,143.182442,1,2026/05/27
XP252324,風の精霊,42.714266,143.045267,1,2026/05/08
XP252327,大地の精霊,42.725903,143.072702,1,2026/05/13
XP252345,炎の精霊,42.725903,143.182442,1,2026/05/16
XP252348,大地の精霊,42.737537,143.209877,2,2026/08/08
XP252357,大地の精霊,42.760800,143.155007,1,2026/07/13
XP252357,風の精霊,42.760800,143.155007,2,2026/06/30
XP252385,水の精霊,42.795678,143.182442,2,2026/08/03
XP252385,風の精霊,42.795678,143.182442,1,2026/07/03
XP252388,水の精霊,42.807300,143.209877,1,2026/08/08
XP252443,風の精霊,42.807300,142.990398,1,2026/05/09
XP252460,風の精霊,42.795678,143.127572,1,2026/05/08
XP252467,炎の精霊,42.830537,143.155007,1,2026/06/03
XP252467,風の精霊,42.830537,143.155007,1,2026/06/17
XP252484,大地の精霊,42.888590,142.962963,1,2026/06/13
XP252484,炎の精霊,42.888590,142.962963,1,2026/06/13
XP252484,風の精霊,42.888590,142.962963,1,2026/05/24
XP252567,水の精霊,42.934994,142.908093,1,2026/07/19
XP252621,炎の精霊,42.807300,143.264746,1,2026/05/20
XP252652,風の精霊,42.853765,143.319616,1,2026/05/15
XP252658,水の精霊,42.876984,143.374486,1,2026/05/15
XP252688,水の精霊,42.911796,143.456790,1,2026/05/02
XP252700,大地の精霊,42.830537,143.209877,1,2026/06/28
XP252701,風の精霊,42.842152,143.182442,1,2026/06/08
XP252705,大地の精霊,42.865375,143.182442,1,2026/05/23
XP252705,炎の精霊,42.865375,143.182442,1,2026/06/11
XP252705,風の精霊,42.865375,143.182442,3,2026/07/21
XP252710,炎の精霊,42.865375,143.127572,1,2026/04/27
XP252713,大地の精霊,42.876984,143.155007,1,2026/05/03
XP252713,風の精霊,42.876984,143.155007,1,2026/05/10
XP252714,炎の精霊,42.888590,143.127572,1,2026/05/10
XP252715,水の精霊,42.900194,143.100137,1,2026/05/04
XP252717,水の精霊,42.900194,143.155007,1,2026/08/01
XP252717,炎の精霊,42.900194,143.155007,2,2026/06/18
XP252718,大地の精霊,42.911796,143.127572,1,2026/08/06
XP252718,炎の精霊,42.911796,143.127572,1,2026/07/23
XP252718,風の精霊,42.911796,143.127572,3,2026/07/10
XP252720,風の精霊,42.900194,143.045267,1,2026/07/18
XP252724,大地の精霊,42.923396,143.045267,1,2026/06/18
XP252724,炎の精霊,42.923396,143.045267,1,2026/04/23
XP252724,風の精霊,42.923396,143.045267,2,2026/07/26
XP252725,炎の精霊,42.934994,143.017833,1,2026/05/09
XP252725,風の精霊,42.934994,143.017833,1,2026/04/13
XP252734,炎の精霊,42.888590,143.292181,1,2026/06/07
XP252734,風の精霊,42.888590,143.292181,2,2026/07/12
XP252735,大地の精霊,42.900194,143.264746,1,2026/04/24
XP252740,水の精霊,42.900194,143.209877,1,2026/07/24
XP252741,大地の精霊,42.911796,143.182442,1,2026/05/12
XP252741,炎の精霊,42.911796,143.182442,1,2026/05/12
XP252744,大地の精霊,42.923396,143.209877,1,2026/05/24
XP252745,風の精霊,42.934994,143.182442,1,2026/07/11
XP252748,大地の精霊,42.946589,143.209877,1,2026/07/01
XP252748,水の精霊,42.946589,143.209877,1,2026/07/18
XP252750,大地の精霊,42.934994,143.127572,1,2026/07/15
XP252750,風の精霊,42.934994,143.127572,1,2026/06/07
XP252751,炎の精霊,42.946589,143.100137,1,2026/05/11
XP252751,風の精霊,42.946589,143.100137,1,2026/05/05
XP252753,風の精霊,42.946589,143.155007,4,2026/06/24
XP252761,風の精霊,42.911796,143.347051,1,2026/06/07
XP252770,風の精霊,42.934994,143.292181,2,2026/06/20
XP252771,風の精霊,42.946589,143.264746,1,2026/07/21
XP252781,炎の精霊,42.981363,143.182442,1,2026/05/05
XP252783,大地の精霊,42.981363,143.237311,1,2026/06/28
XP252783,風の精霊,42.981363,143.237311,2,2026/07/17
XP252784,大地の精霊,42.992949,143.209877,1,2026/04/24
XP252801,炎の精霊,42.946589,142.935528,1,2026/04/25
XP252803,水の精霊,42.946589,142.990398,2,2026/07/06
XP252811,風の精霊,42.981363,142.853224,1,2026/05/19
XP252818,炎の精霊,43.016116,142.880658,1,2026/07/06
XP252830,大地の精霊,42.969774,143.045267,1,2026/05/28
XP252870,水の精霊,43.039274,143.045267,1,2026/05/12
XP252884,風の精霊,43.097131,142.962963,1,2026/05/21
XP254584,風の精霊,42.992949,144.197531,1,2026/06/12
XP254587,炎の精霊,43.004534,144.224966,1,2026/05/23
XP254587,風の精霊,43.004534,144.224966,3,2026/06/27
XP254805,炎の精霊,42.969774,144.417010,1,2026/07/21
XP254805,風の精霊,42.969774,144.417010,1,2026/06/29
XP254810,炎の精霊,42.969774,144.362140,1,2026/05/12
XP254813,大地の精霊,42.981363,144.389575,1,2026/06/18
XP254813,風の精霊,42.981363,144.389575,2,2026/07/15
XP254815,大地の精霊,43.004534,144.334705,1,2026/04/27
XP254815,風の精霊,43.004534,144.334705,1,2026/07/09
XP254817,大地の精霊,43.004534,144.389575,1,2026/05/07
XP254818,水の精霊,43.016116,144.362140,1,2026/05/29
XP254818,風の精霊,43.016116,144.362140,1,2026/05/14
XP254820,水の精霊,43.004534,144.279835,1,2026/07/30
XP254823,炎の精霊,43.016116,144.307270,2,2026/07/23
XP254823,風の精霊,43.016116,144.307270,2,2026/07/20
XP254841,水の精霊,43.016116,144.417010,1,2026/07/31
XP254841,風の精霊,43.016116,144.417010,1,2026/07/14
XP254843,水の精霊,43.016116,144.471879,1,2026/05/06
XP254843,炎の精霊,43.016116,144.471879,2,2026/05/16
XP254844,風の精霊,43.027696,144.444444,1,2026/07/17
XP254847,炎の精霊,43.039274,144.471879,1,2026/05/31
XP255148,風の精霊,43.050850,143.456790,1,2026/05/05
XP255183,水の精霊,43.085564,143.484225,1,2026/05/04
XP255200,風の精霊,43.039274,143.209877,1,2026/06/03
XP255201,炎の精霊,43.050850,143.182442,1,2026/05/30
XP255238,大地の精霊,43.120259,143.292181,1,2026/05/07
XP255274,大地の精霊,43.166488,143.292181,1,2026/04/15
XP255418,炎の精霊,43.120259,143.621399,1,2026/04/26
XP255420,風の精霊,43.108696,143.539095,1,2026/07/19
XP255607,水の精霊,43.073995,144.224966,1,2026/06/25
XP255607,炎の精霊,43.073995,144.224966,1,2026/06/28
XP255614,大地の精霊,43.097131,144.115226,1,2026/06/03
XP255614,水の精霊,43.097131,144.115226,1,2026/07/19
XP255614,風の精霊,43.097131,144.115226,1,2026/07/25
XP255615,水の精霊,43.108696,144.087791,1,2026/05/04
XP255618,炎の精霊,43.120259,144.115226,1,2026/08/04
XP255618,風の精霊,43.120259,144.115226,1,2026/07/21
XP255661,炎の精霊,43.120259,144.334705,1,2026/05/10
XP255674,炎の精霊,43.166488,144.279835,1,2026/04/12
XP257424,炎の精霊,43.131819,145.020576,1,2026/04/19
XP257484,風の精霊,43.201136,145.185185,1,2026/05/22
XP257737,風の精霊,43.212682,145.541838,1,2026/06/14
XP257773,風の精霊,43.258841,145.541838,1,2026/05/18
XP257777,風の精霊,43.281907,145.541838,1,2026/04/21
XP257778,炎の精霊,43.293437,145.514403,1,2026/05/07
XP257857,大地の精霊,43.385597,145.130316,1,2026/05/11
XP257857,水の精霊,43.385597,145.130316,1,2026/06/15
XP257857,風の精霊,43.385597,145.130316,2,2026/07/11
XP257877,水の精霊,43.385597,145.294925,1,2026/07/13
XP258261,大地の精霊,43.431625,144.087791,3,2026/08/05
XP258261,水の精霊,43.431625,144.087791,1,2026/07/04
XP258261,風の精霊,43.431625,144.087791,3,2026/07/17
XP258314,炎の精霊,43.304965,144.609053,1,2026/05/25
XP258314,風の精霊,43.304965,144.609053,1,2026/06/19
XP258361,大地の精霊,43.328013,144.828532,1,2026/04/26
XP258367,水の精霊,43.351054,144.883402,1,2026/04/14
XP258377,大地の精霊,43.385597,144.801097,1,2026/07/09
XP258377,水の精霊,43.385597,144.801097,1,2026/06/01
XP258377,炎の精霊,43.385597,144.801097,1,2026/07/23
XP258377,風の精霊,43.385597,144.801097,1,2026/07/02
XP258385,水の精霊,43.420122,144.663923,1,2026/07/11
XP258433,風の精霊,43.397108,144.554184,1,2026/05/19
XP258480,大地の精霊,43.489111,144.444444,3,2026/06/12
XP258480,炎の精霊,43.489111,144.444444,1,2026/06/18
XP258480,風の精霊,43.489111,144.444444,2,2026/06/24
XP258483,風の精霊,43.500601,144.471879,1,2026/05/14
XP258488,大地の精霊,43.535060,144.444444,1,2026/04/26
XP258573,炎の精霊,43.569499,144.307270,1,2026/06/12
XP258604,炎の精霊,43.374085,144.938272,1,2026/06/20
XP258617,大地の精霊,43.420122,144.883402,1,2026/05/03
XP258618,水の精霊,43.431625,144.855967,1,2026/05/13
XP258620,大地の精霊,43.420122,144.773663,1,2026/06/17
XP258620,炎の精霊,43.420122,144.773663,1,2026/05/15
XP258620,風の精霊,43.420122,144.773663,4,2026/06/23
XP258621,風の精霊,43.431625,144.746228,1,2026/06/10
XP258630,炎の精霊,43.385597,145.020576,1,2026/05/20
XP258641,風の精霊,43.431625,144.910837,1,2026/04/30
XP258647,水の精霊,43.454626,144.965706,1,2026/04/24
XP258657,風の精霊,43.489111,144.883402,1,2026/05/08
XP258675,炎の精霊,43.489111,144.993141,1,2026/05/12
XP258680,風の精霊,43.489111,144.938272,1,2026/05/03
XP258685,風の精霊,43.523576,144.910837,1,2026/05/17
XP258704,風の精霊,43.477618,144.691358,1,2026/04/26
XP258708,風の精霊,43.500601,144.691358,1,2026/04/26
XP258730,風の精霊,43.489111,144.773663,1,2026/05/06
XP258765,風の精霊,43.558021,144.828532,1,2026/05/15
XP281114,水の精霊,43.304965,145.596708,1,2026/06/28
XP281114,炎の精霊,43.304965,145.596708,1,2026/06/11
XP281115,水の精霊,43.316490,145.569273,1,2026/06/20
XP281118,炎の精霊,43.328013,145.596708,1,2026/06/02
XP281150,炎の精霊,43.351054,145.596708,3,2026/07/27
XP281150,風の精霊,43.351054,145.596708,1,2026/04/12
XP282020,風の精霊,43.523576,145.020576,1,2026/04/14
XP282027,大地の精霊,43.558021,145.048011,1,2026/05/18
XP282047,風の精霊,43.558021,145.212620,1,2026/07/13
XP282103,大地の精霊,43.569499,144.965706,2,2026/07/23
XP282103,水の精霊,43.569499,144.965706,2,2026/07/19
XP282103,炎の精霊,43.569499,144.965706,3,2026/06/22
XP282103,風の精霊,43.569499,144.965706,5,2026/08/01
XP282105,炎の精霊,43.592447,144.910837,1,2026/05/05
XP282107,風の精霊,43.592447,144.965706,1,2026/05/08
XP282108,風の精霊,43.603918,144.938272,1,2026/04/29
XP282110,水の精霊,43.592447,144.855967,1,2026/05/04
XP282140,風の精霊,43.626853,144.938272,1,2026/04/23
XP282281,風の精霊,43.810020,144.663923,1,2026/04/23
XX000240,風の精霊,42.164870,139.506173,1,2026/05/29
XX000247,大地の精霊,42.200081,139.533608,1,2026/05/19
XX000651,大地の精霊,42.211814,140.384088,1,2026/07/22
XX000740,炎の精霊,42.270446,140.246914,1,2026/04/27
XX000743,風の精霊,42.282166,140.274348,1,2026/07/31
XX000848,大地の精霊,42.422633,140.000000,1,2026/07/07
XX000851,大地の精霊,42.422633,139.890261,1,2026/05/18
XX003230,炎の精霊,42.446014,140.329218,1,2026/04/25
XX003237,炎の精霊,42.481069,140.356653,1,2026/04/15
XX003265,大地の精霊,42.516104,140.384088,1,2026/08/04
XX003265,水の精霊,42.516104,140.384088,2,2026/07/21
XX003265,炎の精霊,42.516104,140.384088,2,2026/07/02
XX003265,風の精霊,42.516104,140.384088,3,2026/06/15
XX003277,風の精霊,42.551120,140.356653,1,2026/05/12
XX003301,風の精霊,42.317312,140.960219,3,2026/06/28
XX003304,大地の精霊,42.329023,140.987654,2,2026/06/18
XX003304,炎の精霊,42.329023,140.987654,2,2026/06/18
XX003305,水の精霊,42.340732,140.960219,1,2026/06/09
XX003307,風の精霊,42.340732,141.015089,2,2026/08/04
XX003308,大地の精霊,42.352439,140.987654,1,2026/07/02
XX003317,炎の精霊,42.375846,140.932785,1,2026/06/04
XX003318,大地の精霊,42.387546,140.905350,1,2026/06/25
XX003331,大地の精霊,42.352439,141.042524,2,2026/08/08
XX003331,風の精霊,42.352439,141.042524,2,2026/07/20
XX003335,水の精霊,42.375846,141.042524,1,2026/05/20
XX003335,炎の精霊,42.375846,141.042524,1,2026/07/12
XX003335,風の精霊,42.375846,141.042524,1,2026/05/18
XX003338,風の精霊,42.387546,141.069959,1,2026/05/15
XX003340,風の精霊,42.375846,140.987654,1,2026/05/28
XX003341,風の精霊,42.387546,140.960219,2,2026/08/01
XX003354,大地の精霊,42.434325,140.905350,1,2026/07/11
XX003358,大地の精霊,42.457701,140.905350,1,2026/05/19
XX003358,炎の精霊,42.457701,140.905350,1,2026/07/10
XX003358,風の精霊,42.457701,140.905350,1,2026/04/27
XX003373,風の精霊,42.422633,141.097394,1,2026/05/26
XX003437,大地の精霊,42.481069,140.850480,2,2026/08/08
XX003437,炎の精霊,42.481069,140.850480,1,2026/06/01
XX003438,大地の精霊,42.492749,140.823045,1,2026/05/23
XX003438,水の精霊,42.492749,140.823045,1,2026/08/07
XX003438,炎の精霊,42.492749,140.823045,1,2026/05/30
XX003460,炎の精霊,42.481069,140.905350,1,2026/05/12
XX003461,大地の精霊,42.492749,140.877915,2,2026/07/04
XX003461,水の精霊,42.492749,140.877915,1,2026/07/28
XX003461,炎の精霊,42.492749,140.877915,3,2026/06/29
XX003461,風の精霊,42.492749,140.877915,6,2026/07/24
XX003470,水の精霊,42.516104,140.823045,1,2026/04/14
XX003478,炎の精霊,42.562787,140.823045,1,2026/06/11
XX003478,風の精霊,42.562787,140.823045,1,2026/05/02
XX003610,風の精霊,42.446014,141.152263,1,2026/06/10
XX003613,水の精霊,42.457701,141.179698,2,2026/06/01
XX003613,風の精霊,42.457701,141.179698,2,2026/06/29
XX003614,大地の精霊,42.469386,141.152263,1,2026/06/18
XX003614,水の精霊,42.469386,141.152263,1,2026/05/20
XX003643,風の精霊,42.492749,141.262003,1,2026/08/07
XX003874,大地の精霊,42.749170,140.823045,1,2026/04/19
XX003875,炎の精霊,42.760800,140.795610,3,2026/07/04
XX003885,風の精霊,42.795678,140.713306,1,2026/06/21
XX004385,風の精霊,42.795678,140.219479,1,2026/04/23
XX004643,炎の精霊,42.807300,140.521262,1,2026/08/08
XX004660,風の精霊,42.795678,140.658436,1,2026/05/09
XX004663,風の精霊,42.807300,140.685871,1,2026/06/06
XX006014,水の精霊,42.574452,141.399177,2,2026/08/05
XX006014,風の精霊,42.574452,141.399177,1,2026/07/15
XX006041,炎の精霊,42.597776,141.454047,1,2026/06/24
XX006044,大地の精霊,42.609435,141.481481,1,2026/04/16
XX006044,炎の精霊,42.609435,141.481481,1,2026/06/14
XX006047,風の精霊,42.621092,141.508916,3,2026/07/08
XX006070,大地の精霊,42.621092,141.563786,1,2026/06/11
XX006070,水の精霊,42.621092,141.563786,1,2026/07/03
XX006071,大地の精霊,42.632746,141.536351,1,2026/04/13
XX006071,炎の精霊,42.632746,141.536351,1,2026/05/29
XX006071,風の精霊,42.632746,141.536351,1,2026/05/08
XX006302,炎の精霊,42.644398,141.673525,1,2026/07/28
XX006305,大地の精霊,42.656048,141.700960,4,2026/08/01
XX006305,水の精霊,42.656048,141.700960,1,2026/06/24
XX006305,炎の精霊,42.656048,141.700960,5,2026/08/03
XX006305,風の精霊,42.656048,141.700960,1,2026/06/21
XX006308,風の精霊,42.667696,141.728395,1,2026/04/15
XX006310,風の精霊,42.656048,141.646091,1,2026/05/21
XX006311,水の精霊,42.667696,141.618656,1,2026/06/27
XX006311,風の精霊,42.667696,141.618656,1,2026/06/06
XX006313,大地の精霊,42.667696,141.673525,1,2026/07/04
XX006313,水の精霊,42.667696,141.673525,1,2026/06/02
XX006314,大地の精霊,42.679342,141.646091,1,2026/05/31
XX006314,炎の精霊,42.679342,141.646091,1,2026/06/20
XX006314,風の精霊,42.679342,141.646091,2,2026/07/31
XX006334,風の精霊,42.679342,141.810700,1,2026/04/28
XX006335,風の精霊,42.690985,141.783265,1,2026/05/18
XX006348,水の精霊,42.737537,141.728395,1,2026/07/26
XX006348,炎の精霊,42.737537,141.728395,1,2026/07/12
XX006348,風の精霊,42.737537,141.728395,1,2026/06/05
XX006355,水の精霊,42.760800,141.618656,1,2026/04/22
XX006355,風の精霊,42.760800,141.618656,1,2026/05/02
XX006385,水の精霊,42.795678,141.700960,1,2026/04/19
XX006437,水の精霊,42.795678,141.591221,1,2026/05/20
XX006437,風の精霊,42.795678,141.591221,1,2026/08/06
XX006463,炎の精霊,42.807300,141.673525,1,2026/04/19
XX006464,大地の精霊,42.818919,141.646091,1,2026/08/04
XX006464,水の精霊,42.818919,141.646091,1,2026/05/03
XX006467,水の精霊,42.830537,141.673525,1,2026/06/04
XX006467,炎の精霊,42.830537,141.673525,2,2026/06/01
XX006467,風の精霊,42.830537,141.673525,2,2026/06/03
XX006468,炎の精霊,42.842152,141.646091,2,2026/08/02
XX006477,大地の精霊,42.865375,141.591221,2,2026/07/13
XX006477,水の精霊,42.865375,141.591221,1,2026/07/09
XX006478,大地の精霊,42.876984,141.563786,1,2026/08/07
XX006478,風の精霊,42.876984,141.563786,3,2026/07/25
XX006538,水の精霊,42.911796,141.316872,1,2026/04/28
XX006557,風の精霊,42.969774,141.179698,1,2026/05/05
XX006561,大地の精霊,42.911796,141.371742,1,2026/04/13
XX006567,水の精霊,42.934994,141.426612,1,2026/06/21
XX006571,大地の精霊,42.946589,141.289438,1,2026/05/17
XX006573,風の精霊,42.946589,141.344307,3,2026/07/16
XX006575,大地の精霊,42.969774,141.289438,1,2026/08/03
XX006577,大地の精霊,42.969774,141.344307,1,2026/07/07
XX006577,風の精霊,42.969774,141.344307,2,2026/07/08
XX006578,水の精霊,42.981363,141.316872,1,2026/06/23
XX006611,大地の精霊,42.772428,141.865569,1,2026/04/29
XX006710,大地の精霊,42.865375,141.646091,1,2026/06/01
XX006710,炎の精霊,42.865375,141.646091,2,2026/06/01
XX006710,風の精霊,42.865375,141.646091,3,2026/07/18
XX006711,水の精霊,42.876984,141.618656,2,2026/07/13
XX006711,風の精霊,42.876984,141.618656,2,2026/06/14
XX006714,炎の精霊,42.888590,141.646091,1,2026/07/02
XX006714,風の精霊,42.888590,141.646091,1,2026/04/20
XX006715,大地の精霊,42.900194,141.618656,1,2026/07/04
XX006715,水の精霊,42.900194,141.618656,1,2026/07/10
XX006715,風の精霊,42.900194,141.618656,1,2026/07/23
XX006720,大地の精霊,42.900194,141.563786,1,2026/04/29
XX006720,水の精霊,42.900194,141.563786,1,2026/06/22
XX006723,風の精霊,42.911796,141.591221,1,2026/07/22
XX006724,大地の精霊,42.923396,141.563786,1,2026/06/02
XX006724,水の精霊,42.923396,141.563786,1,2026/05/24
XX006724,風の精霊,42.923396,141.563786,1,2026/06/07
XX006725,大地の精霊,42.934994,141.536351,1,2026/04/28
XX006728,大地の精霊,42.946589,141.563786,1,2026/05/27
XX006730,風の精霊,42.865375,141.810700,1,2026/07/06
XX006734,大地の精霊,42.888590,141.810700,1,2026/07/02
XX006734,炎の精霊,42.888590,141.810700,3,2026/07/12
XX006751,炎の精霊,42.946589,141.618656,1,2026/04/17
XX006754,炎の精霊,42.958183,141.646091,1,2026/04/26
XX006755,風の精霊,42.969774,141.618656,1,2026/05/18
XX006758,水の精霊,42.981363,141.646091,1,2026/04/25
XX006761,風の精霊,42.911796,141.865569,1,2026/04/26
XX006764,水の精霊,42.923396,141.893004,2,2026/05/23
XX006771,大地の精霊,42.946589,141.783265,1,2026/05/31
XX006771,炎の精霊,42.946589,141.783265,1,2026/05/24
XX006780,水の精霊,42.969774,141.728395,1,2026/07/19
XX006784,風の精霊,42.992949,141.728395,1,2026/06/11
XX006785,風の精霊,43.004534,141.700960,1,2026/05/08
XX006788,炎の精霊,43.016116,141.728395,1,2026/06/29
XX006800,水の精霊,42.934994,141.481481,1,2026/05/07
XX006801,大地の精霊,42.946589,141.454047,1,2026/04/16
XX006801,水の精霊,42.946589,141.454047,1,2026/05/20
XX006803,炎の精霊,42.946589,141.508916,1,2026/04/14
XX006803,風の精霊,42.946589,141.508916,1,2026/04/22
XX006805,大地の精霊,42.969774,141.454047,1,2026/05/14
XX006808,大地の精霊,42.981363,141.481481,3,2026/06/08
XX006808,炎の精霊,42.981363,141.481481,1,2026/08/06
XX006808,風の精霊,42.981363,141.481481,1,2026/05/15
XX006811,水の精霊,42.981363,141.371742,1,2026/05/03
XX006813,風の精霊,42.981363,141.426612,1,2026/05/01
XX006815,水の精霊,43.004534,141.371742,1,2026/07/09
XX006817,風の精霊,43.004534,141.426612,4,2026/07/26
XX006820,水の精霊,43.004534,141.316872,1,2026/08/03
XX006820,風の精霊,43.004534,141.316872,1,2026/06/23
XX006823,炎の精霊,43.016116,141.344307,1,2026/06/29
XX006825,大地の精霊,43.039274,141.289438,2,2026/04/23
XX006825,炎の精霊,43.039274,141.289438,1,2026/04/18
XX006825,風の精霊,43.039274,141.289438,2,2026/07/16
XX006827,炎の精霊,43.039274,141.344307,1,2026/05/02
XX006827,風の精霊,43.039274,141.344307,1,2026/06/17
XX006828,大地の精霊,43.050850,141.316872,1,2026/06/28
XX006828,炎の精霊,43.050850,141.316872,2,2026/06/28
XX006830,炎の精霊,42.969774,141.563786,1,2026/08/07
XX006830,風の精霊,42.969774,141.563786,2,2026/05/22
XX006831,風の精霊,42.981363,141.536351,1,2026/05/21
XX006834,風の精霊,42.992949,141.563786,2,2026/07/24
XX006837,水の精霊,43.004534,141.591221,1,2026/04/21
XX006837,風の精霊,43.004534,141.591221,1,2026/04/12
XX006838,水の精霊,43.016116,141.563786,1,2026/04/13
XX006838,炎の精霊,43.016116,141.563786,1,2026/04/19
XX006838,風の精霊,43.016116,141.563786,1,2026/05/10
XX006841,水の精霊,43.016116,141.454047,1,2026/08/03
XX006843,炎の精霊,43.016116,141.508916,1,2026/07/27
XX006843,風の精霊,43.016116,141.508916,2,2026/05/27
XX006844,水の精霊,43.027696,141.481481,1,2026/06/01
XX006844,風の精霊,43.027696,141.481481,1,2026/07/22
XX006845,水の精霊,43.039274,141.454047,1,2026/06/30
XX006848,風の精霊,43.050850,141.481481,1,2026/04/26
XX006850,炎の精霊,43.039274,141.399177,1,2026/07/02
XX006850,風の精霊,43.039274,141.399177,1,2026/06/19
XX006851,風の精霊,43.050850,141.371742,2,2026/07/31
XX006853,大地の精霊,43.050850,141.426612,1,2026/08/02
XX006853,風の精霊,43.050850,141.426612,2,2026/07/08
XX006854,炎の精霊,43.062424,141.399177,1,2026/07/17
XX006855,炎の精霊,43.073995,141.371742,1,2026/05/29
XX006855,風の精霊,43.073995,141.371742,1,2026/06/16
XX006857,風の精霊,43.073995,141.426612,1,2026/05/15
XX006858,風の精霊,43.085564,141.399177,1,2026/06/11
XX006860,風の精霊,43.004534,141.646091,1,2026/05/06
XX006863,風の精霊,43.016116,141.673525,1,2026/07/16
XX006865,大地の精霊,43.039274,141.618656,1,2026/07/07
XX006865,水の精霊,43.039274,141.618656,1,2026/06/08
XX006868,炎の精霊,43.050850,141.646091,1,2026/06/04
XX006877,大地の精霊,43.073995,141.591221,1,2026/04/19
XX006877,水の精霊,43.073995,141.591221,1,2026/05/04
XX006881,風の精霊,43.085564,141.454047,1,2026/07/26
XX006883,大地の精霊,43.085564,141.508916,1,2026/06/02
XX006883,風の精霊,43.085564,141.508916,2,2026/06/23
XX006884,大地の精霊,43.097131,141.481481,1,2026/06/24
XX006884,水の精霊,43.097131,141.481481,1,2026/07/25
XX007005,炎の精霊,42.865375,140.713306,1,2026/06/14
XX007005,風の精霊,42.865375,140.713306,1,2026/07/26
XX007035,大地の精霊,42.900194,140.795610,2,2026/08/04
XX007035,風の精霊,42.900194,140.795610,2,2026/06/21
XX007040,炎の精霊,42.900194,140.740741,1,2026/07/23
XX007043,炎の精霊,42.911796,140.768176,1,2026/04/14
XX007057,炎の精霊,42.969774,140.685871,1,2026/06/21
XX007058,風の精霊,42.981363,140.658436,3,2026/07/30
XX007107,大地の精霊,42.969774,140.521262,1,2026/07/04
XX007107,炎の精霊,42.969774,140.521262,1,2026/07/01
XX007107,風の精霊,42.969774,140.521262,2,2026/07/16
XX007130,風の精霊,42.969774,140.576132,1,2026/05/05
XX007131,水の精霊,42.981363,140.548697,1,2026/06/08
XX007131,炎の精霊,42.981363,140.548697,1,2026/06/13
XX007131,風の精霊,42.981363,140.548697,1,2026/07/22
XX007133,風の精霊,42.981363,140.603567,2,2026/07/08
XX007134,炎の精霊,42.992949,140.576132,1,2026/08/05
XX007135,風の精霊,43.004534,140.548697,1,2026/05/09
XX007170,風の精霊,43.039274,140.576132,1,2026/05/03
XX007328,炎の精霊,43.050850,140.823045,1,2026/07/11
XX007404,風の精霊,43.062424,140.740741,1,2026/05/17
XX007441,風の精霊,43.120259,140.713306,1,2026/04/29
XX007448,炎の精霊,43.154934,140.740741,2,2026/06/20
XX007448,風の精霊,43.154934,140.740741,1,2026/06/06
XX007475,大地の精霊,43.178039,140.795610,1,2026/06/30
XX007475,水の精霊,43.178039,140.795610,1,2026/06/01
XX007475,炎の精霊,43.178039,140.795610,1,2026/05/14
XX007475,風の精霊,43.178039,140.795610,1,2026/05/27
XX007478,炎の精霊,43.189589,140.823045,1,2026/07/13
XX007478,風の精霊,43.189589,140.823045,1,2026/07/18
XX007483,大地の精霊,43.189589,140.768176,3,2026/07/16
XX007483,風の精霊,43.189589,140.768176,2,2026/06/26
XX007600,風の精霊,43.039274,141.234568,1,2026/04/12
XX007603,風の精霊,43.050850,141.262003,1,2026/06/15
XX007607,炎の精霊,43.073995,141.262003,1,2026/06/20
XX007607,風の精霊,43.073995,141.262003,3,2026/06/19
XX007625,大地の精霊,43.143378,141.042524,2,2026/06/19
XX007625,炎の精霊,43.143378,141.042524,1,2026/07/20
XX007625,風の精霊,43.143378,141.042524,1,2026/05/22
XX007631,水の精霊,43.085564,141.289438,1,2026/07/19
XX007633,大地の精霊,43.085564,141.344307,1,2026/06/24
XX007634,大地の精霊,43.097131,141.316872,1,2026/07/03
XX007635,大地の精霊,43.108696,141.289438,2,2026/07/25
XX007635,炎の精霊,43.108696,141.289438,1,2026/06/16
XX007635,風の精霊,43.108696,141.289438,3,2026/06/05
XX007638,大地の精霊,43.120259,141.316872,2,2026/07/23
XX007640,水の精霊,43.108696,141.234568,1,2026/06/27
XX007640,風の精霊,43.108696,141.234568,3,2026/05/26
XX007644,大地の精霊,43.131819,141.234568,1,2026/07/27
XX007644,水の精霊,43.131819,141.234568,1,2026/06/09
XX007644,炎の精霊,43.131819,141.234568,1,2026/05/30
XX007645,水の精霊,43.143378,141.207133,1,2026/07/29
XX007647,大地の精霊,43.143378,141.262003,1,2026/06/01
XX007647,風の精霊,43.143378,141.262003,2,2026/07/26
XX007650,大地の精霊,43.143378,141.152263,2,2026/08/08
XX007650,水の精霊,43.143378,141.152263,1,2026/08/02
XX007650,風の精霊,43.143378,141.152263,1,2026/05/23
XX007651,風の精霊,43.154934,141.124829,2,2026/07/05
XX007660,大地の精霊,43.108696,141.399177,1,2026/04/16
XX007660,炎の精霊,43.108696,141.399177,1,2026/06/04
XX007661,炎の精霊,43.120259,141.371742,1,2026/08/05
XX007663,風の精霊,43.120259,141.426612,1,2026/04/14
XX007664,風の精霊,43.131819,141.399177,2,2026/07/24
XX007665,水の精霊,43.143378,141.371742,1,2026/07/29
XX007667,風の精霊,43.143378,141.426612,1,2026/05/07
XX007668,大地の精霊,43.154934,141.399177,1,2026/07/09
XX007668,風の精霊,43.154934,141.399177,1,2026/06/22
XX007671,大地の精霊,43.154934,141.289438,1,2026/04/17
XX007671,炎の精霊,43.154934,141.289438,1,2026/05/28
XX007671,風の精霊,43.154934,141.289438,1,2026/07/10
XX007674,大地の精霊,43.166488,141.316872,1,2026/08/05
XX007674,炎の精霊,43.166488,141.316872,1,2026/07/05
XX007675,水の精霊,43.178039,141.289438,1,2026/06/09
XX007678,大地の精霊,43.189589,141.316872,1,2026/06/30
XX007678,炎の精霊,43.189589,141.316872,1,2026/05/26
XX007704,風の精霊,43.166488,140.987654,1,2026/06/23
XX007707,炎の精霊,43.178039,141.015089,1,2026/07/13
XX007707,風の精霊,43.178039,141.015089,1,2026/07/16
XX007708,風の精霊,43.189589,140.987654,3,2026/07/25
XX007712,炎の精霊,43.201136,140.850480,1,2026/07/13
XX007717,風の精霊,43.212682,140.932785,1,2026/07/17
XX007740,水の精霊,43.212682,140.987654,1,2026/06/09
XX007740,炎の精霊,43.212682,140.987654,1,2026/07/23
XX007740,風の精霊,43.212682,140.987654,1,2026/05/29
XX007741,水の精霊,43.224225,140.960219,1,2026/05/19
XX030023,風の精霊,42.911796,142.085048,1,2026/04/19
XX030025,水の精霊,42.934994,142.030178,1,2026/07/16
XX030025,風の精霊,42.934994,142.030178,1,2026/05/24
XX030111,炎の精霊,42.981363,141.865569,1,2026/04/28
XX030121,炎の精霊,43.016116,141.783265,1,2026/06/24
XX030123,水の精霊,43.016116,141.838134,2,2026/07/28
XX030124,風の精霊,43.027696,141.810700,1,2026/07/29
XX030125,水の精霊,43.039274,141.783265,2,2026/05/04
XX030208,大地の精霊,43.085564,141.728395,1,2026/06/12
XX030208,炎の精霊,43.085564,141.728395,2,2026/07/04
XX030210,大地の精霊,43.073995,141.646091,1,2026/07/07
XX030210,水の精霊,43.073995,141.646091,2,2026/06/11
XX030213,風の精霊,43.085564,141.673525,1,2026/08/01
XX030217,風の精霊,43.108696,141.673525,1,2026/05/09
XX030220,大地の精霊,43.108696,141.563786,1,2026/08/04
XX030220,水の精霊,43.108696,141.563786,2,2026/05/19
XX030220,炎の精霊,43.108696,141.563786,2,2026/08/06
XX030221,大地の精霊,43.120259,141.536351,1,2026/04/30
XX030221,炎の精霊,43.120259,141.536351,1,2026/04/30
XX030221,風の精霊,43.120259,141.536351,1,2026/06/17
XX030224,風の精霊,43.131819,141.563786,2,2026/07/16
XX030225,水の精霊,43.143378,141.536351,2,2026/05/11
XX030225,炎の精霊,43.143378,141.536351,1,2026/06/25
XX030228,風の精霊,43.154934,141.563786,1,2026/08/01
XX030234,風の精霊,43.097131,141.810700,1,2026/06/22
XX030240,風の精霊,43.108696,141.728395,1,2026/06/10
XX030245,大地の精霊,43.143378,141.700960,1,2026/07/27
XX030247,大地の精霊,43.143378,141.755830,1,2026/05/13
XX030247,炎の精霊,43.143378,141.755830,1,2026/05/13
XX030250,水の精霊,43.143378,141.646091,1,2026/06/25
XX030250,炎の精霊,43.143378,141.646091,3,2026/07/25
XX030250,風の精霊,43.143378,141.646091,4,2026/06/19
XX030251,水の精霊,43.154934,141.618656,1,2026/05/17
XX030252,大地の精霊,43.166488,141.591221,1,2026/04/28
XX030271,水の精霊,43.154934,141.783265,1,2026/06/28
XX030271,風の精霊,43.154934,141.783265,2,2026/07/16
XX030278,風の精霊,43.189589,141.810700,1,2026/05/15
XX030280,大地の精霊,43.178039,141.728395,1,2026/06/30
XX030281,炎の精霊,43.189589,141.700960,1,2026/08/05
XX030281,風の精霊,43.189589,141.700960,1,2026/06/26
XX030285,風の精霊,43.212682,141.700960,1,2026/04/18
XX030287,風の精霊,43.212682,141.755830,1,2026/04/27
XX030368,大地の精霊,43.050850,142.633745,1,2026/05/06
XX030521,炎の精霊,43.224225,141.783265,1,2026/07/13
XX030521,風の精霊,43.224225,141.783265,1,2026/07/16
XX030524,水の精霊,43.235765,141.810700,1,2026/07/19
XX030527,風の精霊,43.247304,141.838134,2,2026/05/05
XX030528,炎の精霊,43.258841,141.810700,1,2026/04/17
XX030550,水の精霊,43.247304,141.893004,1,2026/06/09
XX030550,炎の精霊,43.247304,141.893004,1,2026/05/30
XX030554,風の精霊,43.270375,141.893004,1,2026/05/01
XX030633,炎の精霊,43.085564,142.825789,1,2026/07/01
XX030664,炎の精霊,43.131819,142.880658,1,2026/05/06
XX030737,水の精霊,43.212682,142.578875,1,2026/05/04
XX030744,風の精霊,43.235765,142.469136,1,2026/06/21
XX030758,炎の精霊,43.293437,142.386831,1,2026/05/03
XX030863,風の精霊,43.328013,142.414266,1,2026/04/24
XX030864,水の精霊,43.339535,142.386831,1,2026/04/19
XX030864,風の精霊,43.339535,142.386831,1,2026/06/21
XX030867,大地の精霊,43.351054,142.414266,1,2026/06/13
XX031001,大地の精霊,43.154934,141.454047,1,2026/07/23
XX031001,水の精霊,43.154934,141.454047,1,2026/08/08
XX031005,水の精霊,43.178039,141.454047,1,2026/06/08
XX031005,風の精霊,43.178039,141.454047,2,2026/07/20
XX031008,大地の精霊,43.189589,141.481481,1,2026/04/24
XX031008,風の精霊,43.189589,141.481481,1,2026/05/03
XX031011,炎の精霊,43.189589,141.371742,1,2026/04/22
XX031020,大地の精霊,43.212682,141.316872,1,2026/05/12
XX031023,炎の精霊,43.224225,141.344307,1,2026/08/03
XX031023,風の精霊,43.224225,141.344307,1,2026/07/18
XX031035,水の精霊,43.212682,141.536351,2,2026/06/09
XX031035,炎の精霊,43.212682,141.536351,1,2026/05/26
XX031038,水の精霊,43.224225,141.563786,1,2026/05/14
XX031038,風の精霊,43.224225,141.563786,1,2026/05/17
XX031041,水の精霊,43.224225,141.454047,1,2026/05/15
XX031043,大地の精霊,43.224225,141.508916,1,2026/05/23
XX031043,水の精霊,43.224225,141.508916,1,2026/06/14
XX031043,風の精霊,43.224225,141.508916,2,2026/07/02
XX031061,大地の精霊,43.224225,141.618656,1,2026/08/08
XX031063,大地の精霊,43.224225,141.673525,1,2026/07/17
XX031063,水の精霊,43.224225,141.673525,1,2026/06/27
XX031063,炎の精霊,43.224225,141.673525,1,2026/07/13
XX031070,炎の精霊,43.247304,141.563786,1,2026/05/20
XX031071,大地の精霊,43.258841,141.536351,1,2026/06/01
XX031071,風の精霊,43.258841,141.536351,2,2026/07/09
XX031073,風の精霊,43.258841,141.591221,1,2026/06/06
XX031075,炎の精霊,43.281907,141.536351,1,2026/07/28
XX031077,水の精霊,43.281907,141.591221,1,2026/04/29
XX031300,風の精霊,43.247304,141.728395,1,2026/04/30
XX031303,風の精霊,43.258841,141.755830,1,2026/04/24
XX031318,炎の精霊,43.328013,141.646091,1,2026/04/16
XX031320,大地の精霊,43.316490,141.563786,1,2026/05/07
XX031320,風の精霊,43.316490,141.563786,1,2026/04/14
XX031330,大地の精霊,43.281907,141.810700,1,2026/05/13
XX031330,炎の精霊,43.281907,141.810700,1,2026/04/25
XX031335,大地の精霊,43.316490,141.783265,1,2026/04/29
XX031341,水の精霊,43.328013,141.700960,1,2026/07/08
XX031341,風の精霊,43.328013,141.700960,2,2026/06/28
XX031344,水の精霊,43.339535,141.728395,1,2026/05/16
XX031361,大地の精霊,43.328013,141.865569,1,2026/05/12
XX031361,水の精霊,43.328013,141.865569,2,2026/05/29
XX031361,炎の精霊,43.328013,141.865569,1,2026/05/12
XX031361,風の精霊,43.328013,141.865569,1,2026/08/07
XX031363,風の精霊,43.328013,141.920439,1,2026/05/17
XX031364,水の精霊,43.339535,141.893004,1,2026/06/22
XX031368,炎の精霊,43.362570,141.893004,1,2026/04/27
XX031373,大地の精霊,43.362570,141.838134,1,2026/07/28
XX031373,炎の精霊,43.362570,141.838134,2,2026/06/25
XX031373,風の精霊,43.362570,141.838134,2,2026/07/25
XX031383,風の精霊,43.397108,141.755830,1,2026/05/10
XX031610,水の精霊,43.385597,141.893004,1,2026/07/19
XX031611,風の精霊,43.397108,141.865569,1,2026/04/27
XX031615,風の精霊,43.420122,141.865569,1,2026/05/09
XX031617,水の精霊,43.420122,141.920439,1,2026/05/06
XX031620,水の精霊,43.420122,141.810700,1,2026/05/04
XX031623,水の精霊,43.431625,141.838134,1,2026/05/12
XX031648,風の精霊,43.466123,141.975309,1,2026/05/19
XX031653,水の精霊,43.466123,141.920439,1,2026/05/28
XX031653,風の精霊,43.466123,141.920439,1,2026/05/26
XX031654,水の精霊,43.477618,141.893004,1,2026/07/14
XX031655,大地の精霊,43.489111,141.865569,1,2026/05/10
XX031657,炎の精霊,43.489111,141.920439,2,2026/07/17
XX031657,風の精霊,43.489111,141.920439,1,2026/07/27
XX031680,大地の精霊,43.489111,141.975309,1,2026/04/26
XX031680,風の精霊,43.489111,141.975309,1,2026/07/07
XX031681,大地の精霊,43.500601,141.947874,1,2026/05/05
XX031681,風の精霊,43.500601,141.947874,1,2026/05/18
XX031683,大地の精霊,43.500601,142.002743,1,2026/07/08
XX031683,炎の精霊,43.500601,142.002743,1,2026/04/16
XX031684,水の精霊,43.512090,141.975309,1,2026/05/15
XX031684,風の精霊,43.512090,141.975309,1,2026/04/21
XX031761,水の精霊,43.535060,141.865569,1,2026/06/06
XX031761,炎の精霊,43.535060,141.865569,1,2026/06/02
XX031761,風の精霊,43.535060,141.865569,1,2026/06/23
XX031763,風の精霊,43.535060,141.920439,1,2026/06/28
XX031765,大地の精霊,43.558021,141.865569,1,2026/04/28
XX031767,大地の精霊,43.558021,141.920439,1,2026/07/15
XX031767,風の精霊,43.558021,141.920439,2,2026/05/25
XX031768,炎の精霊,43.569499,141.893004,1,2026/08/03
XX033033,風の精霊,43.189589,143.072702,1,2026/05/21
XX033210,風の精霊,43.385597,142.386831,1,2026/04/18
XX033213,大地の精霊,43.397108,142.414266,1,2026/06/01
XX033213,水の精霊,43.397108,142.414266,2,2026/06/29
XX033213,風の精霊,43.397108,142.414266,1,2026/07/20
XX033243,水の精霊,43.431625,142.496571,1,2026/04/16
XX033243,炎の精霊,43.431625,142.496571,1,2026/05/07
XX033245,水の精霊,43.454626,142.441701,1,2026/08/03
XX033280,風の精霊,43.489111,142.469136,1,2026/05/05
XX033330,大地の精霊,43.281907,143.292181,1,2026/05/05
XX033337,風の精霊,43.316490,143.319616,1,2026/04/21
XX034004,水の精霊,43.477618,142.222222,1,2026/05/02
XX034017,風の精霊,43.523576,142.167353,1,2026/06/25
XX034021,大地の精霊,43.535060,142.030178,1,2026/05/08
XX034101,風の精霊,43.569499,141.947874,1,2026/05/08
XX034104,炎の精霊,43.580974,141.975309,1,2026/05/17
XX034113,大地の精霊,43.603918,141.920439,1,2026/05/12
XX034115,水の精霊,43.626853,141.865569,1,2026/05/30
XX034140,大地の精霊,43.626853,141.975309,2,2026/06/01
XX034150,炎の精霊,43.661240,141.893004,1,2026/06/13
XX034171,大地の精霊,43.672697,142.030178,1,2026/04/20
XX034178,水の精霊,43.707057,142.057613,1,2026/07/16
XX034178,炎の精霊,43.707057,142.057613,1,2026/06/27
XX034265,水の精霊,43.764281,141.865569,1,2026/05/04
XX034304,大地の精霊,43.580974,142.469136,1,2026/05/03
XX034304,炎の精霊,43.580974,142.469136,1,2026/07/31
XX034307,炎の精霊,43.592447,142.496571,1,2026/07/15
XX034307,風の精霊,43.592447,142.496571,1,2026/06/26
XX034308,炎の精霊,43.603918,142.469136,1,2026/04/21
XX034337,大地の精霊,43.626853,142.578875,1,2026/04/12
XX034353,風の精霊,43.672697,142.414266,2,2026/07/21
XX034354,大地の精霊,43.684153,142.386831,1,2026/08/01
XX034355,水の精霊,43.695606,142.359396,1,2026/04/19
XX034357,水の精霊,43.695606,142.414266,1,2026/04/21
XX034372,風の精霊,43.684153,142.496571,1,2026/07/25
XX034374,風の精霊,43.684153,142.551440,1,2026/08/02
XX034377,風の精霊,43.695606,142.578875,1,2026/04/12
XX034380,風の精霊,43.695606,142.469136,1,2026/05/17
XX034383,水の精霊,43.707057,142.496571,1,2026/07/16
XX034383,風の精霊,43.707057,142.496571,1,2026/06/24
XX034385,炎の精霊,43.729953,142.441701,1,2026/06/26
XX034385,風の精霊,43.729953,142.441701,1,2026/05/24
XX034388,大地の精霊,43.741398,142.469136,1,2026/06/04
XX034388,風の精霊,43.741398,142.469136,1,2026/06/12
XX034414,水の精霊,43.718506,142.139918,1,2026/04/12
XX034420,風の精霊,43.729953,142.057613,1,2026/07/12
XX034424,大地の精霊,43.752840,142.057613,1,2026/06/24
XX034424,炎の精霊,43.752840,142.057613,1,2026/06/24
XX034460,炎の精霊,43.729953,142.386831,1,2026/04/25
XX034461,炎の精霊,43.741398,142.359396,1,2026/07/04
XX034463,風の精霊,43.741398,142.414266,2,2026/06/20
XX034464,風の精霊,43.752840,142.386831,1,2026/07/08
XX034467,大地の精霊,43.764281,142.414266,1,2026/04/26
XX034468,大地の精霊,43.775719,142.386831,1,2026/06/18
XX034468,風の精霊,43.775719,142.386831,2,2026/07/24
XX034470,大地の精霊,43.764281,142.304527,1,2026/05/10
XX034470,水の精霊,43.764281,142.304527,1,2026/06/16
XX034470,炎の精霊,43.764281,142.304527,1,2026/06/07
XX034470,風の精霊,43.764281,142.304527,2,2026/08/03
XX034474,大地の精霊,43.787155,142.304527,1,2026/07/03
XX034475,大地の精霊,43.798588,142.277092,2,2026/08/01
XX034475,風の精霊,43.798588,142.277092,1,2026/04/12
XX034477,風の精霊,43.798588,142.331962,2,2026/08/02
XX034513,風の精霊,43.810020,141.920439,2,2026/07/25
XX034625,水の精霊,43.764281,142.524005,1,2026/05/11
XX034688,大地の精霊,43.844301,142.716049,1,2026/08/05
XX034688,風の精霊,43.844301,142.716049,1,2026/05/24
XX034700,風の精霊,43.764281,142.469136,2,2026/07/31
XX034701,炎の精霊,43.775719,142.441701,1,2026/05/20
XX034701,風の精霊,43.775719,142.441701,1,2026/06/06
XX034705,風の精霊,43.798588,142.441701,1,2026/06/15
XX034708,風の精霊,43.810020,142.469136,1,2026/05/22
XX034711,水の精霊,43.810020,142.359396,1,2026/07/21
XX034713,大地の精霊,43.810020,142.414266,1,2026/06/25
XX034714,風の精霊,43.821449,142.386831,1,2026/07/20
XX034715,大地の精霊,43.832876,142.359396,1,2026/05/16
XX034717,炎の精霊,43.832876,142.414266,2,2026/05/31
XX034717,風の精霊,43.832876,142.414266,1,2026/04/19
XX034727,水の精霊,43.867144,142.331962,1,2026/06/08
XX034727,風の精霊,43.867144,142.331962,1,2026/07/30
XX034735,水の精霊,43.832876,142.524005,1,2026/06/23
XX034735,風の精霊,43.832876,142.524005,1,2026/06/06
XX034740,大地の精霊,43.832876,142.469136,1,2026/06/13
XX034740,炎の精霊,43.832876,142.469136,2,2026/08/07
XX034741,水の精霊,43.844301,142.441701,1,2026/06/24
XX034741,炎の精霊,43.844301,142.441701,1,2026/05/01
XX034741,風の精霊,43.844301,142.441701,5,2026/07/13
XX034743,大地の精霊,43.844301,142.496571,1,2026/06/04
XX034744,風の精霊,43.855724,142.469136,1,2026/04/21
XX034771,風の精霊,43.878563,142.524005,1,2026/06/05
XX034777,炎の精霊,43.901393,142.578875,1,2026/05/16
XX034777,風の精霊,43.901393,142.578875,1,2026/04/17
XX035317,大地の精霊,43.935622,141.673525,1,2026/06/02
XX035350,大地の精霊,43.969831,141.646091,1,2026/05/31
XX035350,炎の精霊,43.969831,141.646091,1,2026/07/12
XX035350,風の精霊,43.969831,141.646091,2,2026/07/18
XX036357,風の精霊,43.695606,143.895748,1,2026/05/19
XX036378,炎の精霊,43.707057,144.032922,1,2026/07/27
XX036434,水の精霊,43.718506,143.786008,1,2026/05/09
XX036434,風の精霊,43.718506,143.786008,1,2026/05/26
XX036458,炎の精霊,43.810020,143.621399,1,2026/04/12
XX036462,水の精霊,43.752840,143.813443,1,2026/07/16
XX036465,大地の精霊,43.764281,143.840878,2,2026/06/20
XX036465,炎の精霊,43.764281,143.840878,2,2026/06/01
XX036468,風の精霊,43.775719,143.868313,1,2026/07/13
XX036473,大地の精霊,43.775719,143.813443,1,2026/07/01
XX036473,水の精霊,43.775719,143.813443,1,2026/07/10
XX036473,炎の精霊,43.775719,143.813443,3,2026/07/27
XX036473,風の精霊,43.775719,143.813443,2,2026/06/06
XX036475,水の精霊,43.798588,143.758573,1,2026/05/21
XX036477,水の精霊,43.798588,143.813443,1,2026/05/21
XX036478,風の精霊,43.810020,143.786008,1,2026/05/20
XX036620,大地の精霊,43.729953,144.032922,1,2026/05/18
XX036620,風の精霊,43.729953,144.032922,1,2026/05/19
XX036655,大地の精霊,43.798588,144.087791,2,2026/06/11
XX036655,水の精霊,43.798588,144.087791,1,2026/08/06
XX036655,炎の精霊,43.798588,144.087791,1,2026/07/04
XX036705,大地の精霊,43.798588,143.923182,3,2026/08/01
XX036705,水の精霊,43.798588,143.923182,1,2026/07/19
XX036705,炎の精霊,43.798588,143.923182,2,2026/05/31
XX036705,風の精霊,43.798588,143.923182,4,2026/06/13
XX036707,大地の精霊,43.798588,143.978052,1,2026/05/18
XX036710,炎の精霊,43.798588,143.868313,1,2026/06/26
XX036710,風の精霊,43.798588,143.868313,1,2026/04/12
XX036711,風の精霊,43.810020,143.840878,1,2026/06/27
XX036713,炎の精霊,43.810020,143.895748,1,2026/04/23
XX036714,大地の精霊,43.821449,143.868313,1,2026/07/18
XX036714,炎の精霊,43.821449,143.868313,2,2026/08/08
XX036714,風の精霊,43.821449,143.868313,1,2026/06/23
XX036715,炎の精霊,43.832876,143.840878,1,2026/07/15
XX036717,風の精霊,43.832876,143.895748,1,2026/04/22
XX036741,大地の精霊,43.844301,143.923182,1,2026/05/15
XX036741,風の精霊,43.844301,143.923182,3,2026/07/11
XX036744,大地の精霊,43.855724,143.950617,1,2026/07/06
XX036744,炎の精霊,43.855724,143.950617,1,2026/06/28
XX036744,風の精霊,43.855724,143.950617,1,2026/06/04
XX036745,大地の精霊,43.867144,143.923182,1,2026/05/07
XX036748,大地の精霊,43.878563,143.950617,1,2026/04/18
XX036760,大地の精霊,43.832876,144.115226,1,2026/07/23
XX036760,風の精霊,43.832876,144.115226,2,2026/07/09
XX036783,水の精霊,43.912805,143.978052,1,2026/05/09
XX036847,大地の精霊,43.969831,143.731139,1,2026/05/05
XX036848,大地の精霊,43.981230,143.703704,1,2026/07/21
XX036848,水の精霊,43.981230,143.703704,1,2026/05/29
XX036848,風の精霊,43.981230,143.703704,1,2026/06/29
XX037021,風の精霊,43.844301,142.770919,1,2026/05/28
XX037051,風の精霊,43.878563,142.853224,1,2026/05/17
XX037068,風の精霊,43.878563,143.127572,1,2026/05/20
XX037111,風の精霊,43.912805,142.606310,1,2026/05/20
XX037217,炎の精霊,44.038190,142.414266,1,2026/07/25
XX037254,炎の精霊,44.095096,142.386831,1,2026/06/03
XX037304,炎の精霊,43.889979,143.209877,1,2026/06/14
XX037332,風の精霊,43.924215,143.237311,1,2026/05/06
XX038064,大地の精霊,44.163311,142.386831,1,2026/06/28
XX038067,風の精霊,44.174673,142.414266,1,2026/07/31
XX038068,風の精霊,44.186032,142.386831,1,2026/07/25
XX038073,炎の精霊,44.186032,142.331962,1,2026/05/03
XX038240,炎の精霊,44.344832,141.728395,1,2026/04/15
XX038241,大地の精霊,44.356159,141.700960,1,2026/06/13
XX038241,水の精霊,44.356159,141.700960,1,2026/06/01
XX038353,大地の精霊,44.288167,142.414266,1,2026/04/29
XX038353,風の精霊,44.288167,142.414266,2,2026/07/10
XX038357,炎の精霊,44.310840,142.414266,1,2026/04/16
XX038384,水の精霊,44.333504,142.469136,1,2026/07/16
XX038385,風の精霊,44.344832,142.441701,1,2026/06/13
XX038388,風の精霊,44.356159,142.469136,1,2026/05/02
XX038464,風の精霊,44.367483,142.386831,1,2026/07/25
XX038538,風の精霊,44.457999,142.057613,1,2026/07/14
XX046730,大地の精霊,44.717450,141.810700,1,2026/07/27
XX046730,炎の精霊,44.717450,141.810700,2,2026/06/15
XX046730,風の精霊,44.717450,141.810700,2,2026/07/08
XX046731,風の精霊,44.728704,141.783265,1,2026/05/06
XX046734,大地の精霊,44.739956,141.810700,1,2026/05/21
XX046735,大地の精霊,44.751206,141.783265,1,2026/04/20
XX046771,炎の精霊,44.796184,141.783265,1,2026/04/30
XX060035,大地の精霊,43.832876,144.499314,1,2026/07/23
XX060035,風の精霊,43.832876,144.499314,1,2026/06/07
XX060037,大地の精霊,43.832876,144.554184,1,2026/05/10
XX060043,水の精霊,43.844301,144.471879,1,2026/07/31
XX060043,炎の精霊,43.844301,144.471879,1,2026/08/02
XX060045,風の精霊,43.867144,144.417010,1,2026/05/10
XX060060,水の精霊,43.832876,144.609053,3,2026/08/08
XX060070,風の精霊,43.867144,144.526749,1,2026/04/14
XX060071,風の精霊,43.878563,144.499314,1,2026/05/24
XX060104,大地の精霊,43.889979,144.197531,1,2026/05/15
XX060105,風の精霊,43.901393,144.170096,4,2026/07/20
XX060114,炎の精霊,43.924215,144.115226,1,2026/06/09
XX060140,大地の精霊,43.935622,144.197531,1,2026/07/25
XX060140,水の精霊,43.935622,144.197531,1,2026/06/02
XX060140,風の精霊,43.935622,144.197531,4,2026/07/22
XX060160,大地の精霊,43.935622,144.362140,1,2026/05/17
XX060175,炎の精霊,44.004021,144.252401,1,2026/05/12
XX060178,炎の精霊,44.015413,144.279835,1,2026/07/06
XX060178,風の精霊,44.015413,144.279835,2,2026/07/13
XX060183,大地の精霊,44.015413,144.224966,2,2026/05/30
XX060183,炎の精霊,44.015413,144.224966,1,2026/06/25
XX060183,風の精霊,44.015413,144.224966,1,2026/06/08
XX060187,風の精霊,44.038190,144.224966,1,2026/04/17
XX060301,大地の精霊,43.878563,144.663923,1,2026/06/06
XX060301,風の精霊,43.878563,144.663923,1,2026/07/25
XX060304,大地の精霊,43.889979,144.691358,1,2026/05/12
XX060304,水の精霊,43.889979,144.691358,1,2026/04/17
XX060305,炎の精霊,43.901393,144.663923,1,2026/07/17
XX060305,風の精霊,43.901393,144.663923,4,2026/08/01
XX060421,水の精霊,44.049576,144.252401,1,2026/06/18
XX060421,炎の精霊,44.049576,144.252401,1,2026/07/03
XX060421,風の精霊,44.049576,144.252401,2,2026/06/04
XX060511,炎の精霊,44.117843,144.087791,1,2026/05/07
XX060643,炎の精霊,44.049576,144.965706,1,2026/05/31
XX060643,風の精霊,44.049576,144.965706,1,2026/06/27
XX061158,大地の精霊,44.322173,143.374486,2,2026/07/30
XX061158,炎の精霊,44.322173,143.374486,1,2026/07/11
XX061158,風の精霊,44.322173,143.374486,1,2026/05/26
XX061233,風の精霊,44.322173,143.319616,1,2026/05/16
XX061261,大地の精霊,44.356159,143.347051,2,2026/07/31
XX061261,風の精霊,44.356159,143.347051,5,2026/07/24
XX062064,大地の精霊,44.469303,143.127572,1,2026/05/29
XX062064,風の精霊,44.469303,143.127572,1,2026/06/28
XX062553,炎の精霊,44.796184,142.661180,1,2026/05/05
XX070277,大地の精霊,45.020546,141.838134,1,2026/08/07
XX070277,風の精霊,45.020546,141.838134,1,2026/06/23
XX070278,水の精霊,45.031741,141.810700,1,2026/06/08
XX071388,大地の精霊,45.266333,141.728395,1,2026/04/17
XX071738,炎の精霊,45.366576,141.810700,1,2026/05/03
XX071745,風の精霊,45.388829,141.700960,2,2026/06/20
XX071747,風の精霊,45.388829,141.755830,1,2026/05/02
XX071753,大地の精霊,45.399952,141.673525,1,2026/06/06
XX071753,風の精霊,45.399952,141.673525,1,2026/05/26
XX071757,水の精霊,45.422191,141.673525,1,2026/07/26
XX071757,炎の精霊,45.422191,141.673525,1,2026/07/17
XX071757,風の精霊,45.422191,141.673525,1,2026/07/14
